fold,Date,regime,y_true,y_pred
0,2011-02-02,LowVol,0.0136413128121251,-0.000774906191196334
0,2011-02-03,LowVol,0.0117758050111971,-0.000774906191196334
0,2011-02-04,LowVol,0.0149446664567927,-0.000774906191196334
0,2011-02-07,LowVol,0.011063356429507,-0.000774906191196334
0,2011-02-08,LowVol,0.0033186643844937,-0.000774906191196334
0,2011-02-09,LowVol,0.0119452888805173,-0.000774906191196334
0,2011-02-10,LowVol,0.0145860383804512,-0.000774906191196334
0,2011-02-11,LowVol,0.0106679226350205,-0.000774906191196334
0,2011-02-14,LowVol,-0.0119914955104967,-0.000774906191196334
0,2011-02-15,LowVol,-0.0149612150845493,-0.0001981958173292643
0,2011-02-16,LowVol,-0.0218157783048795,-0.000774906191196334
0,2011-02-17,LowVol,-0.0143015874770314,-0.000774906191196334
0,2011-02-18,LowVol,-0.0102576588686187,-0.000774906191196334
0,2011-02-22,LowVol,-0.0068272257616145,-0.0001981958173292643
0,2011-02-23,LowVol,0.0014502726071727,-0.00018301894702687385
0,2011-02-24,LowVol,0.0193999346040365,-0.00018301894702687385
0,2011-02-25,LowVol,0.0010579190006663,-0.00018301894702687385
0,2011-02-28,LowVol,-0.0129182715769938,-0.00018301894702687385
0,2011-03-01,LowVol,0.0126025066410595,-0.0001981958173292643
0,2011-03-02,LowVol,0.0089930036586369,-0.0001981958173292643
0,2011-03-03,LowVol,-0.0264476664053534,-0.000774906191196334
0,2011-03-04,LowVol,-0.012304923604255,-0.0001981958173292643
0,2011-03-07,LowVol,-0.0104995293993078,-0.00018301894702687385
0,2011-03-08,LowVol,-0.0303215831530039,-0.000774906191196334
0,2011-03-09,LowVol,-0.04690678123341,-0.000774906191196334
0,2011-03-10,HighVol,-0.0160848920701217,-0.00027884183808769283
0,2011-03-11,HighVol,-0.0192982540835255,-0.00027884183808769283
0,2011-03-14,HighVol,0.0019500210544296,-0.00027884183808769283
0,2011-03-15,HighVol,0.0100471607470851,-0.00027884183808769283
0,2011-03-16,HighVol,0.0320439616602046,-0.00027884183808769283
0,2011-03-17,HighVol,0.0283042801079791,-0.000774906191196334
0,2011-03-18,HighVol,0.0277080278191381,-0.00027884183808769283
0,2011-03-21,HighVol,0.0095576972025253,-0.000774906191196334
0,2011-03-22,HighVol,0.0198783015649788,-0.0009994217735459186
0,2011-03-23,HighVol,0.0239858162952153,-0.000774906191196334
0,2011-03-24,HighVol,0.0129106734349964,-0.000774906191196334
0,2011-03-25,HighVol,0.0140900283181271,-0.000774906191196334
0,2011-03-28,HighVol,0.0174071379989348,-0.0009994217735459186
0,2011-03-29,HighVol,0.0104653644397463,-0.000774906191196334
0,2011-03-30,HighVol,0.0067032512268454,-0.000774906191196334
0,2011-03-31,HighVol,0.0055056749274127,-0.000774906191196334
0,2011-04-01,HighVol,-0.0021779831321391,-0.000774906191196334
0,2011-04-04,LowVol,-0.0060032758897733,-0.000774906191196334
0,2011-04-05,LowVol,-0.0132844396107484,-0.000774906191196334
0,2011-04-06,LowVol,-0.0164597859589992,-0.000774906191196334
0,2011-04-07,LowVol,-0.0132012904773607,-0.000774906191196334
0,2011-04-08,LowVol,-0.0061719990821234,-0.00018301894702687385
0,2011-04-11,LowVol,-0.0143439847758372,-0.00018301894702687385
0,2011-04-12,LowVol,-0.00121695681675,-0.00018301894702687385
0,2011-04-13,LowVol,0.0124753820317591,-0.00018301894702687385
0,2011-04-14,LowVol,0.01687428113462,-0.00018301894702687385
0,2011-04-15,LowVol,0.0121176381197769,-0.00018301894702687385
0,2011-04-18,LowVol,0.0323990880354116,-0.00018301894702687385
0,2011-04-19,LowVol,0.0332039427054375,-0.00018301894702687385
0,2011-04-20,LowVol,0.0226145314414889,-0.000774906191196334
0,2011-04-21,LowVol,0.0198086938301349,-0.000774906191196334
0,2011-04-25,LowVol,0.019305581419982,-0.000774906191196334
0,2011-04-26,LowVol,0.0069738427019019,-0.000774906191196334
0,2011-04-27,LowVol,-0.006191767992616,-0.000774906191196334
0,2011-04-28,LowVol,-0.0183676163625614,-0.000774906191196334
0,2011-04-29,LowVol,-0.0163454759579838,-0.000774906191196334
0,2011-05-02,LowVol,-0.0110113480876818,-0.000774906191196334
0,2011-05-03,LowVol,0.0010314438117231,-0.000774906191196334
0,2011-05-04,LowVol,-0.0028924988051884,-0.00018301894702687385
0,2011-05-05,LowVol,0.0110020796308696,-0.00018301894702687385
0,2011-05-06,LowVol,-0.0011920517781172,-0.00018301894702687385
0,2011-05-09,LowVol,-0.0113573589270281,-0.00018301894702687385
0,2011-05-10,LowVol,-0.0198723059308846,-0.0001981958173292643
0,2011-05-11,LowVol,-0.000594999067367,-0.00018301894702687385
0,2011-05-12,LowVol,-0.0029614172530639,-0.000774906191196334
0,2011-05-13,LowVol,-0.003208193408848,-0.00018301894702687385
0,2011-05-16,LowVol,-0.008484239881901,-0.00018301894702687385
0,2011-05-17,LowVol,-0.0091604012495626,-0.00018301894702687385
0,2011-05-18,LowVol,-0.0146621260420817,-0.00018301894702687385
0,2011-05-19,LowVol,-0.0124735319914253,-0.00018301894702687385
0,2011-05-20,LowVol,-0.0007484997503758,-0.00018301894702687385
0,2011-05-23,LowVol,0.0215055974316711,-0.00027884183808769283
0,2011-05-24,LowVol,-0.0006069832809886,-0.00027884183808769283
0,2011-05-25,LowVol,-0.0049853361819964,-0.00027884183808769283
0,2011-05-26,LowVol,-0.0193987046313806,-0.00027884183808769283
0,2011-05-27,LowVol,-0.0334807128530929,-0.00027884183808769283
0,2011-05-31,LowVol,-0.0440323032170683,-0.000774906191196334
0,2011-06-01,LowVol,-0.0261619324556215,-0.00027884183808769283
0,2011-06-02,LowVol,-0.0176873225900494,-0.00027884183808769283
0,2011-06-03,LowVol,-0.0216221694211684,-0.00027884183808769283
0,2011-06-06,LowVol,-0.0103840120238454,-0.00027884183808769283
0,2011-06-07,LowVol,0.0027914650728975,-0.00027884183808769283
0,2011-06-08,LowVol,-0.0109017965347267,-0.00027884183808769283
0,2011-06-09,LowVol,-0.0162291171660514,-0.00027884183808769283
0,2011-06-10,LowVol,0.0006257202471902,-0.000774906191196334
0,2011-06-13,LowVol,0.0049576742246983,-0.000774906191196334
0,2011-06-14,LowVol,0.0059676401015964,-0.0009994217735459186
0,2011-06-15,HighVol,0.0180123070108557,-0.00027884183808769283
0,2011-06-16,HighVol,0.0128522453670647,-0.00027884183808769283
0,2011-06-17,HighVol,-0.0018888093480036,-0.00027884183808769283
0,2011-06-20,HighVol,0.0018792725856144,-0.000774906191196334
0,2011-06-21,HighVol,0.0012362187697452,-0.0010038943493758533
0,2011-06-22,HighVol,0.0159321802294498,-0.0010038943493758533
0,2011-06-23,HighVol,0.0286046544938198,-0.0010038943493758533
0,2011-06-24,HighVol,0.056067996719388,-0.00027884183808769283
0,2011-06-27,HighVol,0.0458810846400119,-0.000774906191196334
0,2011-06-28,HighVol,0.033639275450912,-0.0009994217735459186
0,2011-06-29,HighVol,0.0354955007121455,-0.0009994217735459186
0,2011-06-30,HighVol,0.0184134265085778,-0.000774906191196334
0,2011-07-01,HighVol,-0.0145611793317281,-0.000774906191196334
0,2011-07-05,HighVol,-0.0180107817039749,-0.000774906191196334
0,2011-07-06,HighVol,-0.0158987719903649,-0.000774906191196334
0,2011-07-07,HighVol,-0.0327275318455456,-0.000774906191196334
0,2011-07-08,HighVol,-0.0201638744865202,-0.000774906191196334
0,2011-07-11,HighVol,-0.0103051027597295,-0.0001981958173292643
0,2011-07-12,HighVol,0.0101214985021902,-0.00018301894702687385
0,2011-07-13,HighVol,0.006143631689506,-0.00018301894702687385
0,2011-07-14,LowVol,0.027190206260458,-0.00018301894702687385
0,2011-07-15,LowVol,0.0219456306367602,-0.00018301894702687385
0,2011-07-18,HighVol,0.0246533185310848,-0.00018301894702687385
0,2011-07-19,HighVol,0.0045206999110678,-0.000774906191196334
0,2011-07-20,HighVol,-0.0154544542310739,-0.000774906191196334
0,2011-07-21,HighVol,-0.0317493472584856,-0.000774906191196334
0,2011-07-22,HighVol,-0.0390101673967931,-0.000774906191196334
0,2011-07-25,HighVol,-0.0377343477572194,-0.000774906191196334
0,2011-07-26,HighVol,-0.0588015860799741,-0.0001981958173292643
0,2011-07-27,HighVol,-0.0339200532057788,-0.0001981958173292643
0,2011-07-28,HighVol,-0.0764863194487777,-0.00018301894702687385
0,2011-07-29,HighVol,-0.0715224244686566,-0.00027884183808769283
0,2011-08-01,LowVol,-0.1282805467908381,-0.00027884183808769283
0,2011-08-02,HighVol,-0.0638296154451709,-0.0009994217735459186
0,2011-08-03,HighVol,-0.1100107058373189,-0.000774906191196334
0,2011-08-04,HighVol,-0.0243637312786831,-0.0010038943493758533
0,2011-08-05,HighVol,-0.0163224221034343,-0.00018301894702687385
0,2011-08-08,HighVol,0.0744694707662074,-0.0016683147644378892
0,2011-08-09,HighVol,0.0179606046067772,-0.05313411911696867
0,2011-08-10,HighVol,0.065723015984437,-0.07867927578667905
0,2011-08-11,HighVol,-0.0240349284937805,-0.05532206817789549
0,2011-08-12,HighVol,-0.0463935602202993,-0.04351706323624025
0,2011-08-15,HighVol,-0.0654117350585862,-0.006125227386769072
0,2011-08-16,HighVol,-0.0263400613136756,-0.0021691905126754642
0,2011-08-17,HighVol,-0.0132866522211769,-0.00013665940470465907
0,2011-08-18,HighVol,0.0154575903022899,-0.0013992418383287854
0,2011-08-19,HighVol,0.0473189986789446,-0.0001981958173292643
0,2011-08-22,HighVol,0.0765548270292737,0.02099895314206275
0,2011-08-23,HighVol,0.0450014954829249,0.02099895314206275
0,2011-08-24,HighVol,0.03506080812904,0.0008414433836611835
0,2011-08-25,HighVol,0.0400756544158225,0.017954663523877055
0,2011-08-26,HighVol,-0.0010170941538345,0.0014636450711775606
0,2011-08-29,HighVol,-0.036008640888605,-0.0001981958173292643
0,2011-08-30,HighVol,-0.0114234311487058,0.0007281400286640737
0,2011-08-31,HighVol,-0.0260183168950942,0.0007281400286640737
0,2011-09-01,HighVol,-0.0415079121279871,0.0008414433836611835
0,2011-09-02,HighVol,-0.0100128869813672,0.0007858900625614136
0,2011-09-06,HighVol,0.0064104485437492,-0.00018301894702687385
0,2011-09-07,HighVol,-0.0076481841879886,-0.0012974681784705948
0,2011-09-08,HighVol,0.0200773433462617,-0.0012403760980221705
0,2011-09-09,HighVol,0.053732160304764,-0.0013992418383287854
0,2011-09-12,HighVol,0.0365342403086765,-0.0012523635445774175
0,2011-09-13,HighVol,0.0259193730309033,-0.0012974681784705948
0,2011-09-14,HighVol,-0.0178990881610727,-0.0011880750693685238
0,2011-09-15,HighVol,-0.0657673219621102,-0.0012523635445774175
0,2011-09-16,HighVol,-0.0656685036972652,-0.0010517859533277984
0,2011-09-19,HighVol,-0.0338296882805944,-0.0010517859533277984
0,2011-09-20,HighVol,-0.0218857634725379,-0.0010517859533277984
0,2011-09-21,HighVol,-0.0127753883655191,-0.000774906191196334
0,2011-09-22,HighVol,0.0282649005091613,-0.0010038943493758533
0,2011-09-23,HighVol,-0.0034346309079529,-0.0009994217735459186
0,2011-09-26,HighVol,-0.0542841373437729,-0.0010517859533277984
0,2011-09-27,HighVol,-0.0442401701239096,-0.0012269205319460398
0,2011-09-28,HighVol,-0.0062529932898809,-0.0012403760980221705
0,2011-09-29,HighVol,0.0037915743681227,-0.0012269205319460398
0,2011-09-30,HighVol,0.0226250627527797,-0.0012523635445774175
0,2011-10-03,HighVol,0.0877833032388584,-0.0010038943493758533
0,2011-10-04,HighVol,0.0655152787759738,-0.0014088319496739993
0,2011-10-05,HighVol,0.0553225603344764,-0.0012403760980221705
0,2011-10-06,HighVol,0.034509455135655,-0.0014245146518160287
0,2011-10-07,HighVol,0.0592859591576959,-0.0012781196534702563
0,2011-10-10,HighVol,0.0054356292426984,-0.0014245146518160287
0,2011-10-11,HighVol,0.0240602881818683,-0.0012403760980221705
0,2011-10-12,HighVol,0.0031468051293659,-0.0012403760980221705
0,2011-10-13,HighVol,0.0095428626816747,-0.0012403760980221705
0,2011-10-14,HighVol,0.0114220812445084,-0.0012269205319460398
0,2011-10-17,HighVol,0.0437494451805506,-0.0012403760980221705
0,2011-10-18,HighVol,0.0038343523660262,-0.0012269205319460398
0,2011-10-19,HighVol,0.0261703496200433,-0.0011880750693685238
0,2011-10-20,HighVol,0.0572909660636853,-0.0010038943493758533
0,2011-10-21,HighVol,0.037347863494437,-0.0010038943493758533
0,2011-10-24,HighVol,7.977394913583069e-05,-0.0010038943493758533
0,2011-10-25,HighVol,-0.0085333624168884,-0.0009994217735459186
0,2011-10-26,HighVol,-0.0024940437512674,-0.0010038943493758533
0,2011-10-27,HighVol,-0.018502821462274,-0.0012974681784705948
0,2011-10-28,HighVol,-0.0242614242309627,-0.0012269205319460398
0,2011-10-31,HighVol,0.0060558007728557,-0.0011880750693685238
0,2011-11-01,HighVol,0.0481969227299812,-0.0012269205319460398
0,2011-11-02,HighVol,-0.0066942454595458,-0.0013992418383287854
0,2011-11-03,HighVol,-0.0152874048710293,-0.0011880750693685238
0,2011-11-04,HighVol,0.0094039159290468,-0.0011880750693685238
0,2011-11-07,HighVol,-0.006336028923556,-0.0009994217735459186
0,2011-11-08,HighVol,-0.0140757930886854,-0.0010038943493758533
0,2011-11-09,HighVol,0.0074703470951142,-0.0012974681784705948
0,2011-11-10,HighVol,-0.0177765684495538,-0.0012403760980221705
0,2011-11-11,HighVol,-0.0369492325487496,-0.0013992418383287854
0,2011-11-14,HighVol,-0.0462300836495384,-0.0011880750693685238
0,2011-11-15,HighVol,-0.0546480091135929,-0.0010517859533277984
0,2011-11-16,HighVol,-0.0606065433033758,-0.0010038943493758533
0,2011-11-17,HighVol,-0.0472525965984477,-0.00027884183808769283
0,2011-11-18,HighVol,-0.018609834317748,-0.0009994217735459186
0,2011-11-21,HighVol,0.0032593791388999,-0.0010517859533277984
0,2011-11-22,HighVol,0.0486618640328293,-0.0010038943493758533
0,2011-11-23,HighVol,0.0721517685539554,-0.0010517859533277984
0,2011-11-25,HighVol,0.0732339671953796,-0.00018301894702687385
0,2011-11-28,HighVol,0.0543817228711767,-0.0011880750693685238
0,2011-11-29,HighVol,0.0517284170845233,-0.0010517859533277984
0,2011-11-30,HighVol,0.0139210914921321,-0.0014088319496739993
0,2011-12-01,HighVol,-0.0081617863883397,-0.0012403760980221705
0,2011-12-02,HighVol,0.009530707418988,-0.0012403760980221705
0,2011-12-05,HighVol,-0.0159246767191347,-0.0010038943493758533
0,2011-12-06,HighVol,-0.025423481400991,-0.0010038943493758533
0,2011-12-07,HighVol,-0.0393749681258167,-0.0010038943493758533
0,2011-12-08,HighVol,-0.0142800319137679,-0.0001981958173292643
0,2011-12-09,HighVol,-0.0292655043088422,-0.000774906191196334
0,2011-12-12,HighVol,-0.0254175020978435,-0.00027884183808769283
0,2011-12-13,HighVol,0.0135387910883852,-0.00027884183808769283
0,2011-12-14,HighVol,0.0264293482244668,-0.00027884183808769283
0,2011-12-15,HighVol,0.03179309061288,-0.00027884183808769283
0,2011-12-16,HighVol,0.0394770762947587,-0.00018301894702687385
0,2011-12-19,HighVol,0.0515421584258481,-0.0001981958173292643
0,2011-12-20,HighVol,0.0072622481400443,-0.0009994217735459186
0,2011-12-21,HighVol,0.0157042983115187,-0.000774906191196334
0,2011-12-22,HighVol,0.0018361600854404,-0.000774906191196334
0,2011-12-23,HighVol,0.008782598804528,-0.000774906191196334
0,2011-12-27,HighVol,0.0095662131475262,-0.000774906191196334
0,2011-12-28,HighVol,0.0257149530405391,-0.000774906191196334
0,2011-12-29,HighVol,0.012607029485856,-0.000774906191196334
0,2011-12-30,HighVol,0.0200798345156032,-0.0001981958173292643
0,2012-01-03,HighVol,0.0127845888055246,-0.000774906191196334
0,2012-01-04,HighVol,0.0117458745290861,-0.000774906191196334
0,2012-01-05,HighVol,0.0114808426371255,-0.000774906191196334
0,2012-01-06,HighVol,0.0088479910705017,-0.000774906191196334
0,2012-01-09,HighVol,0.0103106227066889,-0.000774906191196334
0,2012-01-10,HighVol,0.0127001668721105,-0.000774906191196334
0,2012-01-11,HighVol,0.0174923630241079,-0.000774906191196334
0,2012-01-12,HighVol,0.018840434434078,-0.000774906191196334
0,2012-01-13,LowVol,0.0214995304135183,-0.000774906191196334
0,2012-01-17,LowVol,0.0163909719633408,-0.000774906191196334
0,2012-01-18,LowVol,0.0136881858595512,-0.000774906191196334
0,2012-01-19,LowVol,0.0031950745712865,-0.000774906191196334
0,2012-01-20,LowVol,-0.0009855056543777,-0.000774906191196334
0,2012-01-23,LowVol,-0.0018235162487992,-0.000774906191196334
0,2012-01-24,LowVol,-0.0010647011564703,-0.000774906191196334
0,2012-01-25,LowVol,-0.0006789455682707,-0.000774906191196334
0,2012-01-26,LowVol,0.0060658423350106,-0.0001981958173292643
0,2012-01-27,LowVol,0.0206344612420814,-0.00018301894702687385
0,2012-01-30,LowVol,0.0234450043318392,-0.00018301894702687385
0,2012-01-31,LowVol,0.0264240272760678,-0.00018301894702687385
0,2012-02-01,LowVol,0.0205323940295816,-0.00018301894702687385
0,2012-02-02,LowVol,0.0201989639769228,-0.000774906191196334
0,2012-02-03,LowVol,-0.0013381991404399,-0.000774906191196334
0,2012-02-06,LowVol,0.006768443971477,-0.000774906191196334
0,2012-02-07,LowVol,0.0029669327318455,-0.000774906191196334
0,2012-02-08,LowVol,-0.0046595825109372,-0.000774906191196334
0,2012-02-09,LowVol,0.0050977223663464,-0.000774906191196334
0,2012-02-10,LowVol,0.0152575966031112,-0.00018301894702687385
0,2012-02-13,LowVol,0.0082007405833386,-0.000774906191196334
0,2012-02-14,LowVol,0.0062136967769435,-0.0001981958173292643
0,2012-02-15,LowVol,0.0153833556515847,-0.00018301894702687385
0,2012-02-16,LowVol,0.006467827310375,-0.0001981958173292643
0,2012-02-17,LowVol,0.0054983379436575,-0.000774906191196334
0,2012-02-21,LowVol,0.0079867378933553,-0.000774906191196334
0,2012-02-22,LowVol,0.0072782526071981,-0.000774906191196334
0,2012-02-23,LowVol,0.0080509853573493,-0.000774906191196334
0,2012-02-24,LowVol,0.0027753408253217,-0.000774906191196334
0,2012-02-27,LowVol,-0.0029895537448821,-0.000774906191196334
0,2012-02-28,LowVol,-0.0204271407185735,-0.000774906191196334
0,2012-02-29,LowVol,-0.0097068410725511,-0.000774906191196334
0,2012-03-01,LowVol,-0.0050100731932136,-0.000774906191196334
0,2012-03-02,LowVol,0.0018937145469373,-0.0001981958173292643
0,2012-03-05,LowVol,0.006069492715043,-0.00018301894702687385
0,2012-03-06,LowVol,0.0394059533798778,-0.00018301894702687385
0,2012-03-07,LowVol,0.0311003946703936,-0.00018301894702687385
0,2012-03-08,LowVol,0.0268539562235274,-0.00018301894702687385
0,2012-03-09,LowVol,0.0243138525229151,-0.0001981958173292643
0,2012-03-12,LowVol,0.0282547542420745,-0.000774906191196334
0,2012-03-13,LowVol,0.0071076051297762,-0.000774906191196334
0,2012-03-14,LowVol,0.0065362381003215,-0.000774906191196334
0,2012-03-15,LowVol,-0.0064666525934544,-0.000774906191196334
0,2012-03-16,LowVol,-0.0046330698312467,-0.000774906191196334
0,2012-03-19,LowVol,0.0053956297682662,-0.000774906191196334
0,2012-03-20,LowVol,0.0051980707579508,-0.000774906191196334
0,2012-03-21,LowVol,0.0018541242357379,-0.000774906191196334
0,2012-03-22,LowVol,0.0073990183013339,-0.00018301894702687385
0,2012-03-23,LowVol,0.0083062023574298,-0.00018301894702687385
0,2012-03-26,LowVol,0.0016239694325606,-0.000774906191196334
0,2012-03-27,LowVol,0.000637317288987,-0.0001981958173292643
0,2012-03-28,LowVol,-0.0043425053379079,-0.0001981958173292643
0,2012-03-29,LowVol,-0.0031373191563534,-0.000774906191196334
0,2012-03-30,LowVol,-0.0183932990140621,-0.000774906191196334
0,2012-04-02,LowVol,-0.0418777117629023,-0.0001981958173292643
0,2012-04-03,LowVol,-0.0301571514100714,-0.0001981958173292643
0,2012-04-04,LowVol,-0.0076505122840013,-0.00018301894702687385
0,2012-04-05,LowVol,-0.0189570164804304,-0.00018301894702687385
0,2012-04-09,LowVol,-0.0084647126913889,-0.00018301894702687385
0,2012-04-10,LowVol,0.0233994532664547,-0.00027884183808769283
0,2012-04-11,LowVol,0.0117517347809157,-0.00027884183808769283
0,2012-04-12,LowVol,-0.0077098460926122,-0.00018301894702687385
0,2012-04-13,LowVol,0.0059063349176005,-0.00027884183808769283
0,2012-04-16,LowVol,-0.0018972325473903,-0.00027884183808769283
0,2012-04-17,LowVol,-0.0127262188762862,-0.0009994217735459186
0,2012-04-18,LowVol,0.0041847210913652,-0.0009994217735459186
0,2012-04-19,LowVol,0.0177171562075859,-0.00027884183808769283
0,2012-04-20,LowVol,0.0176875410633121,-0.000774906191196334
0,2012-04-23,LowVol,0.0225165851658946,-0.00027884183808769283
0,2012-04-24,LowVol,0.0249798915625452,-0.00027884183808769283
0,2012-04-25,LowVol,0.008118354016964,-0.000774906191196334
0,2012-04-26,LowVol,-0.0064926250102718,-0.000774906191196334
0,2012-04-27,LowVol,-0.02414709682218,-0.000774906191196334
0,2012-04-30,LowVol,-0.019804152013112,-0.000774906191196334
0,2012-05-01,LowVol,-0.0297713667628365,-0.000774906191196334
0,2012-05-02,LowVol,-0.0326398016236531,-0.000774906191196334
0,2012-05-03,LowVol,-0.0231954629698024,-0.00018301894702687385
0,2012-05-04,HighVol,-0.0101458420638554,-0.00027884183808769283
0,2012-05-07,LowVol,-0.0218087164264256,-0.00018301894702687385
0,2012-05-08,LowVol,-0.0235078874083936,-0.00018301894702687385
0,2012-05-09,LowVol,-0.0214380267939682,-0.00018301894702687385
0,2012-05-10,LowVol,-0.0379357632509462,-0.00027884183808769283
0,2012-05-11,LowVol,-0.0432860785153316,-0.00027884183808769283
0,2012-05-14,LowVol,-0.0159574937311199,-0.000774906191196334
0,2012-05-15,LowVol,-0.0085496883773172,-0.000774906191196334
0,2012-05-16,LowVol,-0.0042158472575902,-0.000774906191196334
0,2012-05-17,LowVol,0.0127620328309157,-0.000774906191196334
0,2012-05-18,LowVol,0.018190673691645,-0.000774906191196334
0,2012-05-21,LowVol,0.0131092128923164,-0.00027884183808769283
0,2012-05-22,LowVol,-0.0033282529194138,-0.00027884183808769283
0,2012-05-23,LowVol,-0.0060482531190568,-0.00027884183808769283
0,2012-05-24,LowVol,-0.032973755293449,-0.0009994217735459186
0,2012-05-25,LowVol,-0.0302804717790744,-0.0009994217735459186
0,2012-05-29,LowVol,-0.0346297562631874,-0.0010038943493758533
0,2012-05-30,LowVol,0.0015936978107933,-0.00027884183808769283
0,2012-05-31,LowVol,0.0044118392931538,-0.00027884183808769283
0,2012-06-01,HighVol,0.0385456855216095,-0.0010038943493758533
0,2012-06-04,LowVol,0.0258394491288491,-0.00027884183808769283
0,2012-06-05,HighVol,0.0298288518558864,-0.00027884183808769283
0,2012-06-06,HighVol,0.0007579819440122,-0.0009994217735459186
0,2012-06-07,HighVol,0.0107531021696491,-0.0009994217735459186
0,2012-06-08,HighVol,0.0130353777834715,-0.0010038943493758533
0,2012-06-11,HighVol,0.0280523415541387,-0.0009994217735459186
0,2012-06-12,HighVol,0.0262044063594373,-0.0009994217735459186
0,2012-06-13,HighVol,0.0311345630420802,-0.000774906191196334
0,2012-06-14,HighVol,-0.0025756898711458,-0.0009994217735459186
0,2012-06-15,HighVol,-0.0050691352841387,-0.0009994217735459186
0,2012-06-18,HighVol,-0.0229163189781963,-0.0009994217735459186
0,2012-06-19,HighVol,-0.0274134734647373,-0.000774906191196334
0,2012-06-20,HighVol,-0.0170502489252771,-0.000774906191196334
0,2012-06-21,HighVol,0.0026430788210787,-0.0001981958173292643
0,2012-06-22,HighVol,0.0197814152052853,-0.00018301894702687385
0,2012-06-25,HighVol,0.0395217291181464,-0.00018301894702687385
0,2012-06-26,HighVol,0.0411430085001838,-0.00018301894702687385
0,2012-06-27,HighVol,0.0271831999329774,-0.00018301894702687385
0,2012-06-28,HighVol,0.0203322944812114,-0.0001981958173292643
0,2012-06-29,HighVol,-0.0057315401946437,-0.000774906191196334
0,2012-07-02,HighVol,-0.0173617266631589,-0.000774906191196334
0,2012-07-03,HighVol,-0.0236521762767112,-0.000774906191196334
0,2012-07-05,HighVol,-0.0239781847007619,-0.000774906191196334
0,2012-07-06,HighVol,0.0019193794580738,-0.000774906191196334
0,2012-07-09,HighVol,0.0008127499455865,-0.00018301894702687385
0,2012-07-10,HighVol,0.0165499033226341,-0.00018301894702687385
0,2012-07-11,HighVol,0.0239267366941711,-0.00018301894702687385
0,2012-07-12,HighVol,0.0316077962988206,-0.00018301894702687385
0,2012-07-13,HighVol,0.0053037931855275,-0.0001981958173292643
0,2012-07-16,HighVol,-0.0025104617535957,-0.0001981958173292643
0,2012-07-17,HighVol,-0.0178207355044422,-0.000774906191196334
0,2012-07-18,HighVol,-0.0248233581657785,-0.000774906191196334
0,2012-07-19,HighVol,-0.011326646231344,-0.000774906191196334
0,2012-07-20,HighVol,0.0161938564355796,-0.0001981958173292643
0,2012-07-23,HighVol,0.0265748757900579,-0.00018301894702687385
0,2012-07-24,LowVol,0.0282243123417746,-0.00018301894702687385
0,2012-07-25,LowVol,0.0270972447998911,-0.00018301894702687385
0,2012-07-26,HighVol,0.0034517875856652,-0.00018301894702687385
0,2012-07-27,HighVol,0.0048315748741554,-0.000774906191196334
0,2012-07-30,LowVol,0.0067785552029837,-0.000774906191196334
0,2012-07-31,LowVol,0.0189525225272439,-0.000774906191196334
0,2012-08-01,LowVol,0.0210775219451184,-0.000774906191196334
0,2012-08-02,LowVol,0.0290545750575037,-0.0001981958173292643
0,2012-08-03,HighVol,0.0106923264259441,-0.0001981958173292643
0,2012-08-06,HighVol,0.0082366664650983,-0.000774906191196334
0,2012-08-07,HighVol,0.003349422029047,-0.000774906191196334
0,2012-08-08,HighVol,0.0032739178890286,-0.000774906191196334
0,2012-08-09,LowVol,0.0098143406904054,-0.000774906191196334
0,2012-08-10,LowVol,0.0095141893753327,-0.000774906191196334
0,2012-08-13,LowVol,0.0100874509702579,-0.000774906191196334
0,2012-08-14,LowVol,0.0068899622022069,-0.0001981958173292643
0,2012-08-15,LowVol,0.0061728659170712,-0.0001981958173292643
0,2012-08-16,LowVol,-0.0093667097737311,-0.000774906191196334
0,2012-08-17,LowVol,-0.0047121587226963,-0.000774906191196334
0,2012-08-20,LowVol,-0.0045714533544091,-0.000774906191196334
0,2012-08-21,LowVol,-0.0025397077202202,-0.000774906191196334
0,2012-08-22,LowVol,-0.0021861708081486,-0.000774906191196334
0,2012-08-23,LowVol,-0.0012086276847932,-0.00018301894702687385
0,2012-08-24,LowVol,-0.0024729845104067,-0.00018301894702687385
0,2012-08-27,LowVol,-0.0036032024189945,-0.00018301894702687385
0,2012-08-28,LowVol,-0.0034652706618869,-0.00018301894702687385
0,2012-08-29,LowVol,0.0159709516082613,-0.00018301894702687385
0,2012-08-30,LowVol,0.0273329598794644,-0.00018301894702687385
0,2012-08-31,LowVol,0.0166473097037127,-0.00018301894702687385
0,2012-09-04,LowVol,0.020421174657571,-0.00018301894702687385
0,2012-09-05,LowVol,0.0246968104394027,-0.00018301894702687385
0,2012-09-06,LowVol,0.0196145463377572,-0.000774906191196334
0,2012-09-07,LowVol,0.0201617620735912,-0.000774906191196334
0,2012-09-10,LowVol,0.0225074806690079,-0.000774906191196334
0,2012-09-11,LowVol,0.0188312309785716,-0.000774906191196334
0,2012-09-12,LowVol,0.0159981757559448,-0.000774906191196334
0,2012-09-13,LowVol,0.0008187419243042,-0.000774906191196334
0,2012-09-14,LowVol,-0.004015919930784,-0.000774906191196334
0,2012-09-17,LowVol,-0.0021298408124458,-0.000774906191196334
0,2012-09-18,LowVol,-0.0119408108139126,-0.000774906191196334
0,2012-09-19,LowVol,-0.0180305118886831,-0.000774906191196334
0,2012-09-20,LowVol,-0.008847298638164,-0.0001981958173292643
0,2012-09-21,LowVol,-0.0130250547997465,-0.00018301894702687385
0,2012-09-24,LowVol,-0.0089252850393712,-0.00018301894702687385
0,2012-09-25,LowVol,0.0027756564588667,-0.00018301894702687385
0,2012-09-26,LowVol,0.0125617367769217,-0.00018301894702687385
0,2012-09-27,LowVol,0.0103018292556484,-0.00018301894702687385
0,2012-09-28,LowVol,0.0150725081024709,-0.00018301894702687385
0,2012-10-01,LowVol,0.0089366265020831,-0.00018301894702687385
0,2012-10-02,LowVol,-0.0020761810053809,-0.0001981958173292643
0,2012-10-03,LowVol,-0.012474981818599,-0.000774906191196334
0,2012-10-04,LowVol,-0.0189553659640829,-0.000774906191196334
0,2012-10-05,LowVol,-0.022238757265078,-0.000774906191196334
0,2012-10-08,LowVol,-0.0107116595073799,-0.000774906191196334
0,2012-10-09,LowVol,0.0092926741127576,-0.00018301894702687385
0,2012-10-10,LowVol,0.0203796092353998,-0.00018301894702687385
0,2012-10-11,LowVol,0.0171592083087785,-0.00027884183808769283
0,2012-10-12,LowVol,0.0034988153673241,-0.00027884183808769283
0,2012-10-15,LowVol,-0.0046501067943816,-0.00027884183808769283
0,2012-10-16,LowVol,-0.0283083947228555,-0.000774906191196334
0,2012-10-17,LowVol,-0.0354310355096546,-0.000774906191196334
0,2012-10-18,LowVol,-0.0301058716939769,-0.000774906191196334
0,2012-10-19,LowVol,-0.0142266200084125,-0.000774906191196334
0,2012-10-22,LowVol,-0.0143640867000892,-0.00027884183808769283
0,2012-10-23,LowVol,0.0099701897265558,-0.00027884183808769283
0,2012-10-24,LowVol,0.0038293901215114,-0.00027884183808769283
0,2012-10-25,LowVol,0.0029695296892426,-0.00027884183808769283
0,2012-10-26,LowVol,0.0113897478784754,-0.00027884183808769283
0,2012-10-31,LowVol,-0.0115317783404846,-0.00027884183808769283
0,2012-11-01,LowVol,-0.0335360428328389,-0.0009994217735459186
0,2012-11-02,LowVol,-0.0240179183682479,-0.000774906191196334
0,2012-11-05,LowVol,-0.0252375468847696,-0.000774906191196334
0,2012-11-06,LowVol,-0.0361637204696472,-0.0010038943493758533
0,2012-11-07,LowVol,-0.0271256945815918,-0.00027884183808769283
0,2012-11-08,LowVol,-0.0169514773825052,-0.00027884183808769283
0,2012-11-09,LowVol,-0.0129561057130157,-0.00027884183808769283
0,2012-11-12,LowVol,0.0062199124244168,-0.00027884183808769283
0,2012-11-13,LowVol,0.0101603837998964,-0.00027884183808769283
0,2012-11-14,LowVol,0.02589551512156,-0.00027884183808769283
0,2012-11-15,LowVol,0.0416358687611739,-0.000774906191196334
0,2012-11-16,LowVol,0.034317855779641,-0.00027884183808769283
0,2012-11-19,HighVol,0.0086247733671727,-0.0010038943493758533
0,2012-11-20,HighVol,0.0163085849525603,-0.0010038943493758533
0,2012-11-21,HighVol,0.0191466700672628,-0.0010038943493758533
0,2012-11-23,HighVol,0.0056594518842547,-0.0009994217735459186
0,2012-11-26,HighVol,0.0028365011437372,-0.0009994217735459186
0,2012-11-27,HighVol,0.0065564850466897,-0.0009994217735459186
0,2012-11-28,HighVol,0.0002823354062551,-0.0009994217735459186
0,2012-11-29,HighVol,-0.0009848784028835,-0.0009994217735459186
0,2012-11-30,HighVol,0.0018290627749752,-0.0009994217735459186
0,2012-12-03,HighVol,0.00721100507282,-0.000774906191196334
0,2012-12-04,HighVol,0.0155041276551353,-0.000774906191196334
0,2012-12-05,LowVol,0.014205229990545,-0.00018301894702687385
0,2012-12-06,LowVol,0.0045778926606525,-0.00027884183808769283
0,2012-12-07,LowVol,-0.0021771716023069,-0.000774906191196334
0,2012-12-10,LowVol,0.0091247716515114,-0.0009994217735459186
0,2012-12-11,LowVol,0.0134550762578431,-0.000774906191196334
0,2012-12-12,LowVol,0.0054353234199799,-0.000774906191196334
0,2012-12-13,LowVol,0.0174579351892081,-0.0001981958173292643
0,2012-12-14,LowVol,0.0119830046208733,-0.00018301894702687385
0,2012-12-17,LowVol,-0.0028546403973441,-0.000774906191196334
0,2012-12-18,LowVol,-0.0179859801999808,-0.000774906191196334
0,2012-12-19,LowVol,-0.0119619866926466,-0.000774906191196334
0,2012-12-20,LowVol,-0.0282311113054919,-0.000774906191196334
0,2012-12-21,LowVol,-0.0026613656447004,-0.000774906191196334
0,2012-12-24,LowVol,0.0260628054633094,-0.00018301894702687385
0,2012-12-26,LowVol,0.0280776501416895,-0.00018301894702687385
0,2012-12-27,LowVol,0.0339785198725619,-0.00018301894702687385
0,2012-12-28,LowVol,0.0424195580152875,-0.00018301894702687385
0,2012-12-31,LowVol,0.022049058622497,-0.00018301894702687385
0,2013-01-02,LowVol,-0.0009584682398866,-0.000774906191196334
0,2013-01-03,LowVol,0.0092633855878894,-0.000774906191196334
0,2013-01-04,LowVol,0.0047823895591461,-0.000774906191196334
0,2013-01-07,LowVol,0.0068507080074107,-0.000774906191196334
0,2013-01-08,HighVol,0.0104432021102636,-0.000774906191196334
0,2013-01-09,HighVol,0.0077435076894878,-0.00018301894702687385
0,2013-01-10,HighVol,0.0062549017468982,-0.000774906191196334
0,2013-01-11,HighVol,0.0085669761581632,-0.0001981958173292643
0,2013-01-14,LowVol,0.0146973422912852,-0.000774906191196334
0,2013-01-15,LowVol,0.0156385136882966,-0.000774906191196334
0,2013-01-16,LowVol,0.0160490323437123,-0.000774906191196334
0,2013-01-17,LowVol,0.0152029622430591,-0.000774906191196334
0,2013-01-18,LowVol,0.0117307331100993,-0.000774906191196334
0,2013-01-22,LowVol,0.0102594978207148,-0.000774906191196334
0,2013-01-23,LowVol,0.00468640409623,-0.000774906191196334
0,2013-01-24,LowVol,0.0019415999951648,-0.000774906191196334
0,2013-01-25,LowVol,0.0065888042886117,-0.000774906191196334
0,2013-01-28,LowVol,-0.0035313769399669,-0.000774906191196334
0,2013-01-29,LowVol,0.0025884695043565,-0.000774906191196334
0,2013-01-30,LowVol,0.0072638316851376,-0.0001981958173292643
0,2013-01-31,LowVol,0.0084163986385081,-0.0001981958173292643
0,2013-02-01,LowVol,0.003702817691048,-0.000774906191196334
0,2013-02-04,LowVol,0.0149120602433971,-0.00018301894702687385
0,2013-02-05,LowVol,0.006421743460609,-0.0001981958173292643
0,2013-02-06,LowVol,0.0065489466760679,-0.000774906191196334
0,2013-02-07,LowVol,0.0088098964805025,-0.000774906191196334
0,2013-02-08,LowVol,0.0020423522764341,-0.0001981958173292643
0,2013-02-11,LowVol,0.0097517548677117,-0.000774906191196334
0,2013-02-12,LowVol,-0.0044731983168899,-0.000774906191196334
0,2013-02-13,LowVol,-0.0113705410805068,-0.000774906191196334
0,2013-02-14,LowVol,-0.0026263730295027,-0.000774906191196334
0,2013-02-15,LowVol,-0.0204456858889083,-0.0001981958173292643
0,2013-02-19,LowVol,-0.0210764559397205,-0.000774906191196334
0,2013-02-20,LowVol,0.0037664528790612,-0.00018301894702687385
0,2013-02-21,LowVol,0.0079110954988903,-0.00018301894702687385
0,2013-02-22,LowVol,0.0014486157285402,-0.00018301894702687385
0,2013-02-25,LowVol,0.0263087360485856,-0.0001981958173292643
0,2013-02-26,LowVol,0.0284629108546441,-0.00018301894702687385
0,2013-02-27,LowVol,0.0170494570984414,-0.0001981958173292643
0,2013-02-28,LowVol,0.0209091676406154,-0.000774906191196334
0,2013-03-01,LowVol,0.0218917008970216,-0.0001981958173292643
0,2013-03-04,LowVol,0.0203372606083513,-0.000774906191196334
0,2013-03-05,LowVol,0.0090091671987313,-0.000774906191196334
0,2013-03-06,LowVol,0.0090615916248428,-0.000774906191196334
0,2013-03-07,LowVol,0.012598529981157,-0.000774906191196334
0,2013-03-08,LowVol,0.0069680781894245,-0.000774906191196334
0,2013-03-11,LowVol,-0.0023759942383572,-0.000774906191196334
0,2013-03-12,LowVol,-0.0024561897623504,-0.000774906191196334
0,2013-03-13,LowVol,0.003094282599148,-0.000774906191196334
0,2013-03-14,LowVol,-0.0107405500849511,-0.000774906191196334
0,2013-03-15,LowVol,-0.00147601421658,-0.000774906191196334
0,2013-03-18,LowVol,-0.0001291149846704,-0.00018301894702687385
0,2013-03-19,LowVol,0.0102192567979702,-0.00018301894702687385
0,2013-03-20,LowVol,0.0032118425220377,-0.0001981958173292643
0,2013-03-21,LowVol,0.0149649541107041,-0.00018301894702687385
0,2013-03-22,LowVol,0.0028919115850911,-0.00018301894702687385
0,2013-03-25,LowVol,0.0120685632313037,-0.00018301894702687385
0,2013-03-26,LowVol,-0.006146171447369,-0.000774906191196334
0,2013-03-27,LowVol,-0.0021133894168617,-0.0001981958173292643
0,2013-03-28,LowVol,-0.0096387398638503,-0.000774906191196334
0,2013-04-01,LowVol,0.0010257714661341,-0.0001981958173292643
0,2013-04-02,LowVol,-0.0004466323173092,-0.000774906191196334
0,2013-04-03,LowVol,0.022160349746805,-0.00018301894702687385
0,2013-04-04,LowVol,0.0213659421094727,-0.00018301894702687385
0,2013-04-05,LowVol,0.0234599895416673,-0.00018301894702687385
0,2013-04-08,LowVol,-0.0069776621865154,-0.0001981958173292643
0,2013-04-09,LowVol,0.0042101534019081,-0.00018301894702687385
0,2013-04-10,LowVol,-0.0224364198560821,-0.000774906191196334
0,2013-04-11,LowVol,-0.0317236553662602,-0.000774906191196334
0,2013-04-12,LowVol,-0.020906881566941,-0.000774906191196334
0,2013-04-15,LowVol,0.006768465252215,-0.0001981958173292643
0,2013-04-16,LowVol,0.0023514810350622,-0.0001981958173292643
0,2013-04-17,HighVol,0.017858147078962,-0.00018301894702687385
0,2013-04-18,HighVol,0.0284161721061346,-0.00018301894702687385
0,2013-04-19,HighVol,0.0177514276019363,-0.00018301894702687385
0,2013-04-22,HighVol,0.0200421078470189,-0.000774906191196334
0,2013-04-23,HighVol,0.0120415874651051,-0.0001981958173292643
0,2013-04-24,HighVol,0.0025334924429591,-0.000774906191196334
0,2013-04-25,HighVol,0.0077594884399587,-0.000774906191196334
0,2013-04-26,HighVol,0.0197801105841954,-0.000774906191196334
0,2013-04-29,HighVol,0.0155682369875527,-0.000774906191196334
0,2013-04-30,HighVol,0.0182858925420794,-0.000774906191196334
0,2013-05-01,HighVol,0.0319689584871973,-0.0001981958173292643
0,2013-05-02,HighVol,0.0195933189629236,-0.000774906191196334
0,2013-05-03,HighVol,0.0126416050498614,-0.000774906191196334
0,2013-05-06,HighVol,0.0108793483694811,-0.000774906191196334
0,2013-05-07,HighVol,0.0161752059076465,-0.000774906191196334
0,2013-05-08,HighVol,0.0170193659318262,-0.000774906191196334
0,2013-05-09,HighVol,0.0151024989852981,-0.000774906191196334
0,2013-05-10,HighVol,0.0216021786550522,-0.000774906191196334
0,2013-05-13,LowVol,0.0207286709887268,-0.000774906191196334
0,2013-05-14,LowVol,0.0117414874534336,-0.000774906191196334
0,2013-05-15,LowVol,-0.0011435727950123,-0.000774906191196334
0,2013-05-16,LowVol,0.0006655937106312,-0.000774906191196334
0,2013-05-17,LowVol,-0.0097640040082249,-0.000774906191196334
0,2013-05-20,LowVol,-0.0037741215469967,-0.000774906191196334
0,2013-05-21,LowVol,-0.0116651853896307,-0.000774906191196334
0,2013-05-22,LowVol,-0.0006024724195365,-0.00018301894702687385
0,2013-05-23,LowVol,-0.0120885671725036,-0.0001981958173292643
0,2013-05-24,LowVol,-0.0058074410970621,-0.00018301894702687385
0,2013-05-28,LowVol,-0.0164763753193585,-0.00018301894702687385
0,2013-05-29,LowVol,-0.0239075721610561,-0.00018301894702687385
0,2013-05-30,LowVol,-0.0186941330229564,-0.00018301894702687385
0,2013-05-31,LowVol,0.00825947778997,-0.00018301894702687385
0,2013-06-03,LowVol,0.0027381214124353,-0.00018301894702687385
0,2013-06-04,LowVol,-0.0028123962032008,-0.00018301894702687385
0,2013-06-05,LowVol,0.0029766405773223,-0.00018301894702687385
0,2013-06-06,LowVol,0.009094424924503,-0.00018301894702687385
0,2013-06-07,LowVol,-0.0098299722513116,-0.000774906191196334
0,2013-06-10,LowVol,-0.0021841674383663,-0.0001981958173292643
0,2013-06-11,LowVol,0.0161865978882078,-0.00018301894702687385
0,2013-06-12,LowVol,0.0105097838864487,-0.000774906191196334
0,2013-06-13,LowVol,-0.029291432674583,-0.0009994217735459186
0,2013-06-14,LowVol,-0.0200287322130778,-0.00027884183808769283
0,2013-06-17,LowVol,-0.0398257868296657,-0.00027884183808769283
0,2013-06-18,LowVol,-0.0381985324881051,-0.000774906191196334
0,2013-06-19,HighVol,-0.015066343593527,-0.0009994217735459186
0,2013-06-20,HighVol,0.0158866280282039,-0.00027884183808769283
0,2013-06-21,HighVol,0.0084867290935972,-0.00027884183808769283
0,2013-06-24,HighVol,0.0273783354704768,-0.000774906191196334
0,2013-06-25,HighVol,0.0166491657237197,-0.00027884183808769283
0,2013-06-26,HighVol,0.0071185730961687,-0.00027884183808769283
0,2013-06-27,HighVol,0.0120441521652587,-0.0009994217735459186
0,2013-06-28,HighVol,0.0220047574391626,-0.0009994217735459186
0,2013-07-01,HighVol,0.0233637095519816,-0.0009994217735459186
0,2013-07-02,HighVol,0.0246882002392794,-0.000774906191196334
0,2013-07-03,HighVol,0.0381948282995985,-0.000774906191196334
0,2013-07-05,HighVol,0.0275420506541965,-0.000774906191196334
0,2013-07-08,HighVol,0.025617741857423,-0.000774906191196334
0,2013-07-09,HighVol,0.0144734229664904,-0.000774906191196334
0,2013-07-10,HighVol,0.0167083944563379,-0.000774906191196334
0,2013-07-11,HighVol,0.0085401326800849,-0.000774906191196334
0,2013-07-12,HighVol,0.0099100484756313,-0.000774906191196334
0,2013-07-15,HighVol,0.0080285632032504,-0.000774906191196334
0,2013-07-16,HighVol,0.0096704629806849,-0.000774906191196334
0,2013-07-17,HighVol,0.003393488675625,-0.000774906191196334
0,2013-07-18,LowVol,0.0003547177745719,-0.000774906191196334
0,2013-07-19,LowVol,-0.0003544262108474,-0.000774906191196334
0,2013-07-22,LowVol,-0.0053689076650039,-0.000774906191196334
0,2013-07-23,LowVol,-0.0032518263609098,-0.000774906191196334
0,2013-07-24,LowVol,0.0011277889431291,-0.0001981958173292643
0,2013-07-25,LowVol,0.0102419414519956,-0.00018301894702687385
0,2013-07-26,LowVol,0.0108801629295818,-0.00018301894702687385
0,2013-07-29,LowVol,0.0125157647687694,-0.00018301894702687385
0,2013-07-30,LowVol,0.006761892228237,-0.00018301894702687385
0,2013-07-31,LowVol,0.0027857308412626,-0.0001981958173292643
0,2013-08-01,LowVol,-0.0050395066862829,-0.000774906191196334
0,2013-08-02,LowVol,-0.0095931976620581,-0.000774906191196334
0,2013-08-05,LowVol,-0.0093146290172542,-0.000774906191196334
0,2013-08-06,LowVol,-0.0007068499760534,-0.000774906191196334
0,2013-08-07,LowVol,-0.0026008457585091,-0.0001981958173292643
0,2013-08-08,LowVol,-0.0201412287526795,-0.00018301894702687385
0,2013-08-09,LowVol,-0.0205539918080736,-0.00018301894702687385
0,2013-08-12,LowVol,-0.0256641096399065,-0.00018301894702687385
0,2013-08-13,LowVol,-0.0237602275456774,-0.00018301894702687385
0,2013-08-14,LowVol,-0.0247721257624469,-0.00018301894702687385
0,2013-08-15,LowVol,-0.0019235330701526,-0.00027884183808769283
0,2013-08-16,LowVol,0.0047639100850267,-0.00027884183808769283
0,2013-08-19,LowVol,0.0074652470421312,-0.00027884183808769283
0,2013-08-20,LowVol,-0.0135888554997418,-0.00027884183808769283
0,2013-08-21,LowVol,-0.0039496285623927,-0.00027884183808769283
0,2013-08-22,LowVol,-0.0113811330302199,-0.00027884183808769283
0,2013-08-23,LowVol,-0.0178250990102458,-0.000774906191196334
0,2013-08-26,LowVol,-0.0096989465870166,-0.0009994217735459186
0,2013-08-27,LowVol,0.0148164225475899,-0.00027884183808769283
0,2013-08-28,LowVol,0.0125068522189115,-0.00027884183808769283
0,2013-08-29,LowVol,0.0113901051315861,-0.00027884183808769283
0,2013-08-30,LowVol,0.0243199885399785,-0.00027884183808769283
1,2013-09-03,LowVol,0.0272523382313825,-0.00045616825302232023
1,2013-09-04,LowVol,0.0220216692288433,-0.0005369269773241236
1,2013-09-05,LowVol,0.0180160316781117,-0.0005186288572767793
1,2013-09-06,LowVol,0.0198149561983851,-0.0005186288572767793
1,2013-09-09,LowVol,0.0159876396973128,-0.0006347202568987141
1,2013-09-10,LowVol,0.0130281032706489,-0.0006347202568987141
1,2013-09-11,LowVol,0.0215461537450587,-0.0006347202568987141
1,2013-09-12,LowVol,0.0225513109054615,-0.0006347202568987141
1,2013-09-13,LowVol,0.0131227245624654,-0.0006347202568987141
1,2013-09-16,LowVol,0.0026325268682649,-0.0005369269773241236
1,2013-09-17,LowVol,-0.0041721721490128,-0.0005186288572767793
1,2013-09-18,LowVol,-0.0184110278797826,-0.0014316302251016235
1,2013-09-19,LowVol,-0.012982464217516,-0.0006347202568987141
1,2013-09-20,LowVol,-0.0106021608065561,-0.0005186288572767793
1,2013-09-23,LowVol,-0.0112987689407657,-0.00045616825302232023
1,2013-09-24,LowVol,-0.0011206584954916,-0.00045616825302232023
1,2013-09-25,LowVol,0.0008281714047078,-0.00045616825302232023
1,2013-09-26,LowVol,-0.0121988915799895,-0.00045616825302232023
1,2013-09-27,LowVol,-0.0001183852520675,-0.00045616825302232023
1,2013-09-30,LowVol,-0.0034528020500188,-0.00045616825302232023
1,2013-10-01,LowVol,-0.0227942468185642,-0.00045616825302232023
1,2013-10-02,LowVol,-0.0211609452078391,-0.00045616825302232023
1,2013-10-03,LowVol,0.0092471599622545,-0.00045616825302232023
1,2013-10-04,LowVol,0.0081119195997207,-0.00045616825302232023
1,2013-10-07,LowVol,0.0209646851813796,-0.00045616825302232023
1,2013-10-08,LowVol,0.0255017338574574,-0.00045616825302232023
1,2013-10-09,LowVol,0.0390702086657288,-0.00045616825302232023
1,2013-10-10,LowVol,0.0239399706417071,-0.0005186288572767793
1,2013-10-11,LowVol,0.0242569392449876,-0.0005186288572767793
1,2013-10-14,LowVol,0.0202404146739931,-0.0006347202568987141
1,2013-10-15,LowVol,0.0336472116560231,-0.0006347202568987141
1,2013-10-16,LowVol,0.0145291429681975,-0.0006347202568987141
1,2013-10-17,LowVol,0.0111426602457727,-0.0006347202568987141
1,2013-10-18,LowVol,0.0089456172404229,-0.0006347202568987141
1,2013-10-21,LowVol,0.0104932154362167,-0.0006347202568987141
1,2013-10-22,LowVol,0.010033475143985,-0.0006347202568987141
1,2013-10-23,LowVol,0.0098527660573337,-0.0005369269773241236
1,2013-10-24,LowVol,0.0036535772222801,-0.0005186288572767793
1,2013-10-25,LowVol,0.0014776453672642,-0.0005186288572767793
1,2013-10-28,LowVol,0.0034048980115495,-0.0005186288572767793
1,2013-10-29,LowVol,-0.0050797147655776,-0.0005186288572767793
1,2013-10-30,LowVol,0.0049913177194786,-0.0005186288572767793
1,2013-10-31,LowVol,-0.0048921947325316,-0.00045616825302232023
1,2013-11-01,LowVol,0.0061291445740925,-0.00045616825302232023
1,2013-11-04,LowVol,0.0027712809241873,-0.0005186288572767793
1,2013-11-05,LowVol,0.0039145071383168,-0.00045616825302232023
1,2013-11-06,LowVol,0.0068299916397986,-0.0005186288572767793
1,2013-11-07,LowVol,0.0248100686483994,-0.00045616825302232023
1,2013-11-08,LowVol,0.0155675121427598,-0.0005186288572767793
1,2013-11-11,LowVol,0.0118428134504322,-0.0005186288572767793
1,2013-11-12,LowVol,0.0116975165503032,-0.00045616825302232023
1,2013-11-13,LowVol,0.0005043451066581,-0.0005186288572767793
1,2013-11-14,LowVol,0.0035701395258143,-0.0006347202568987141
1,2013-11-15,LowVol,0.00422135250502,-0.0005369269773241236
1,2013-11-18,LowVol,0.0067435998808662,-0.0005186288572767793
1,2013-11-19,LowVol,0.0092161784791326,-0.0005186288572767793
1,2013-11-20,LowVol,0.0148485584125774,-0.00045616825302232023
1,2013-11-21,LowVol,0.0060583504614704,-0.0005186288572767793
1,2013-11-22,LowVol,-0.0015488353363602,-0.0005186288572767793
1,2013-11-25,LowVol,-0.0048717081558418,-0.0005186288572767793
1,2013-11-26,LowVol,-0.0052576115418858,-0.0005186288572767793
1,2013-11-27,LowVol,-0.0120359642415122,-0.0005369269773241236
1,2013-11-29,LowVol,-0.0003314328948822,-0.0005186288572767793
1,2013-12-02,LowVol,0.0048193372629823,-0.00045616825302232023
1,2013-12-03,LowVol,0.0055637708279276,-0.00045616825302232023
1,2013-12-04,LowVol,-0.0056198070912187,-0.00045616825302232023
1,2013-12-05,LowVol,-0.004526487156434,-0.00045616825302232023
1,2013-12-06,LowVol,-0.0156402794336311,-0.00045616825302232023
1,2013-12-09,LowVol,-0.0120174887902675,-0.0005186288572767793
1,2013-12-10,LowVol,-0.0116187060496912,-0.00045616825302232023
1,2013-12-11,LowVol,0.0166745619796548,-0.00045616825302232023
1,2013-12-12,LowVol,0.0188620356592124,-0.00045616825302232023
1,2013-12-13,LowVol,0.02490378359069,-0.00045616825302232023
1,2013-12-16,LowVol,0.023997678059874,-0.00045616825302232023
1,2013-12-17,LowVol,0.0295165783320665,-0.00045616825302232023
1,2013-12-18,LowVol,0.0173810232229496,-0.001296879479526063
1,2013-12-19,LowVol,0.0185031424072437,-0.0006347202568987141
1,2013-12-20,LowVol,0.0124479752434667,-0.0014316302251016235
1,2013-12-23,LowVol,0.0118340319605845,-0.0006347202568987141
1,2013-12-24,LowVol,-5.466976578694105e-05,-0.0006347202568987141
1,2013-12-26,LowVol,-0.005275631299525,-0.0006347202568987141
1,2013-12-27,LowVol,-0.0081042128569033,-0.0006347202568987141
1,2013-12-30,LowVol,-0.0018494645866107,-0.0005186288572767793
1,2013-12-31,LowVol,-0.0063348968154809,-0.0005186288572767793
1,2014-01-02,LowVol,0.0039363353789454,-0.00045616825302232023
1,2014-01-03,LowVol,0.0068348021191377,-0.00045616825302232023
1,2014-01-06,LowVol,-0.0036739091413651,-0.00045616825302232023
1,2014-01-07,LowVol,0.0010352008315275,-0.00045616825302232023
1,2014-01-08,LowVol,0.0062116989871097,-0.00045616825302232023
1,2014-01-09,LowVol,0.0042473440510724,-0.00045616825302232023
1,2014-01-10,LowVol,-0.0027154232542878,-0.00045616825302232023
1,2014-01-13,LowVol,0.0137045301719316,-0.00045616825302232023
1,2014-01-14,LowVol,0.0034303183829298,-0.00045616825302232023
1,2014-01-15,LowVol,-0.0101265492280148,-0.0005186288572767793
1,2014-01-16,LowVol,-0.0299857699843688,-0.0005186288572767793
1,2014-01-17,LowVol,-0.0306577137486611,-0.00045616825302232023
1,2014-01-21,LowVol,-0.0277448025853142,-0.0005186288572767793
1,2014-01-22,LowVol,-0.0377101721517791,-0.00045616825302232023
1,2014-01-23,LowVol,-0.0194757905725803,-0.00045616825302232023
1,2014-01-24,LowVol,-0.0039687912373906,-0.0011703971453058718
1,2014-01-27,LowVol,-0.0215720371736781,-0.0011703971453058718
1,2014-01-28,LowVol,-0.0205501438065174,-0.00045616825302232023
1,2014-01-29,LowVol,-0.0122920266695212,-0.0011703971453058718
1,2014-01-30,LowVol,-0.0097643933696446,-0.00045616825302232023
1,2014-01-31,LowVol,0.0084183335604139,-0.0007509312422391142
1,2014-02-03,HighVol,0.033530776103964,-0.0011703971453058718
1,2014-02-04,HighVol,0.0375729461128964,-0.00045616825302232023
1,2014-02-05,HighVol,0.0393901929104705,-0.00045616825302232023
1,2014-02-06,HighVol,0.0311587287556172,-0.00045616825302232023
1,2014-02-07,HighVol,0.0241539472955998,-0.0005186288572767793
1,2014-02-10,HighVol,0.0234986467112241,-0.0006347202568987141
1,2014-02-11,HighVol,0.0057147150652878,-0.0006347202568987141
1,2014-02-12,HighVol,0.0111494480565996,-0.0006347202568987141
1,2014-02-13,HighVol,0.0048083201649873,-0.0006347202568987141
1,2014-02-14,HighVol,0.0048364811672401,-0.0006347202568987141
1,2014-02-18,HighVol,0.0032567595983121,-0.0006347202568987141
1,2014-02-19,HighVol,0.009999339345903,-0.0005186288572767793
1,2014-02-20,HighVol,0.0093427215109909,-0.0005186288572767793
1,2014-02-21,HighVol,0.0130513226458692,-0.0005186288572767793
1,2014-02-24,LowVol,0.0003785904985089,-0.0005186288572767793
1,2014-02-25,LowVol,0.0148231933828679,-0.0005186288572767793
1,2014-02-26,LowVol,0.0156882271407745,-0.0005186288572767793
1,2014-02-27,LowVol,0.0127004877404064,-0.0005186288572767793
1,2014-02-28,LowVol,0.0105748817467201,-0.0005186288572767793
1,2014-03-03,LowVol,0.0171914003188649,-0.00045616825302232023
1,2014-03-04,LowVol,-0.0018657074200877,-0.0005369269773241236
1,2014-03-05,LowVol,-0.0025034134035738,-0.0005369269773241236
1,2014-03-06,LowVol,-0.0159423581018535,-0.0005186288572767793
1,2014-03-07,LowVol,-0.0191225014175857,-0.0005186288572767793
1,2014-03-10,LowVol,-0.0097261795682765,-0.0005369269773241236
1,2014-03-11,LowVol,0.0022966088831113,-0.00045616825302232023
1,2014-03-12,LowVol,-0.0033100917925713,-0.00045616825302232023
1,2014-03-13,LowVol,0.0138784994117875,-0.00045616825302232023
1,2014-03-14,LowVol,0.0127901637598699,-0.00045616825302232023
1,2014-03-17,LowVol,-0.0004380701785595,-0.00045616825302232023
1,2014-03-18,LowVol,-0.0028125222676412,-0.00045616825302232023
1,2014-03-19,LowVol,-0.00468120107542,-0.00045616825302232023
1,2014-03-20,LowVol,-0.0125450543691917,-0.0005369269773241236
1,2014-03-21,LowVol,-0.0038132446657777,-0.00045616825302232023
1,2014-03-24,LowVol,0.0085204273248271,-0.00045616825302232023
1,2014-03-25,LowVol,0.0104132594389725,-0.00045616825302232023
1,2014-03-26,LowVol,0.0211393901154672,-0.00045616825302232023
1,2014-03-27,LowVol,0.0219415810876568,-0.00045616825302232023
1,2014-03-28,LowVol,0.0049061589565984,-0.00045616825302232023
1,2014-03-31,LowVol,-0.0142769953065765,-0.0005186288572767793
1,2014-04-01,LowVol,-0.0167330846344999,-0.0005186288572767793
1,2014-04-02,LowVol,-0.0094775635549619,-0.0006347202568987141
1,2014-04-03,LowVol,-0.0289987282942452,-0.0006347202568987141
1,2014-04-04,LowVol,-0.0262344261670069,-0.00045616825302232023
1,2014-04-07,LowVol,-0.0075945017601594,-0.00045616825302232023
1,2014-04-08,LowVol,-0.0048624008138207,-0.00045616825302232023
1,2014-04-09,LowVol,-0.0051312015883603,-0.00045616825302232023
1,2014-04-10,LowVol,0.0176352411210567,-0.00045616825302232023
1,2014-04-11,LowVol,0.0304669358539388,-0.00045616825302232023
1,2014-04-14,LowVol,0.0270577875738742,-0.00045616825302232023
1,2014-04-15,LowVol,0.0176443905417458,-0.00045616825302232023
1,2014-04-16,HighVol,0.0091337352519365,-0.0005186288572767793
1,2014-04-17,LowVol,-0.0005368069383302,-0.0006347202568987141
1,2014-04-21,LowVol,-0.0008552447828664,-0.0006347202568987141
1,2014-04-22,LowVol,-0.0007450911903396,-0.0006347202568987141
1,2014-04-23,LowVol,0.004587071991402,-0.0006347202568987141
1,2014-04-24,LowVol,0.0026619605586593,-0.0005186288572767793
1,2014-04-25,LowVol,0.0095019357472625,-0.00045616825302232023
1,2014-04-28,LowVol,0.0082406961557097,-0.00045616825302232023
1,2014-04-29,LowVol,-0.0051661955356272,-0.0005186288572767793
1,2014-04-30,LowVol,-0.0022831629947761,-0.0005186288572767793
1,2014-05-01,LowVol,-0.0034514111208617,-0.0005186288572767793
1,2014-05-02,LowVol,-0.0005325383844414,-0.00045616825302232023
1,2014-05-05,LowVol,0.0072708212482215,-0.00045616825302232023
1,2014-05-06,LowVol,0.0170252029503699,-0.00045616825302232023
1,2014-05-07,LowVol,0.0062806158816046,-0.00045616825302232023
1,2014-05-08,LowVol,-0.0014917495191603,-0.00045616825302232023
1,2014-05-09,LowVol,0.0004792506132542,-0.00045616825302232023
1,2014-05-12,LowVol,-0.0055323367434063,-0.0005186288572767793
1,2014-05-13,LowVol,-0.012686753903626,-0.0005369269773241236
1,2014-05-14,LowVol,0.000370339220411,-0.00045616825302232023
1,2014-05-15,LowVol,0.0116866694242876,-0.0012604409316691013
1,2014-05-16,LowVol,0.0122305917953986,-0.00045616825302232023
1,2014-05-19,LowVol,0.0147289983911518,-0.00045616825302232023
1,2014-05-20,LowVol,0.020421370669418,-0.00045616825302232023
1,2014-05-21,LowVol,0.0171310188331157,-0.00045616825302232023
1,2014-05-22,LowVol,0.0162977256273415,-0.0005186288572767793
1,2014-05-23,LowVol,0.0133964179483807,-0.0005186288572767793
1,2014-05-27,LowVol,0.0066834791452619,-0.0005369269773241236
1,2014-05-28,LowVol,0.0094575185690279,-0.0006347202568987141
1,2014-05-29,LowVol,0.01081256849968,-0.0005369269773241236
1,2014-05-30,LowVol,0.0140129558020594,-0.0005369269773241236
1,2014-06-02,LowVol,0.0138928662316117,-0.0005186288572767793
1,2014-06-03,LowVol,0.0145227057569723,-0.0005186288572767793
1,2014-06-04,LowVol,0.0089551450736606,-0.0005186288572767793
1,2014-06-05,LowVol,-0.0046799934426862,-0.0005186288572767793
1,2014-06-06,LowVol,-0.00639740230475,-0.0005369269773241236
1,2014-06-09,LowVol,-0.0065955537488638,-0.0005369269773241236
1,2014-06-10,LowVol,-0.0039364689213271,-0.0005369269773241236
1,2014-06-11,LowVol,0.0068742515753472,-0.0005186288572767793
1,2014-06-12,LowVol,0.0151906183246577,-0.00045616825302232023
1,2014-06-13,LowVol,0.0141598037059456,-0.00045616825302232023
1,2014-06-16,LowVol,0.0130147315569866,-0.00045616825302232023
1,2014-06-17,LowVol,0.0041214136132052,-0.00045616825302232023
1,2014-06-18,LowVol,0.0013107374515208,-0.0005186288572767793
1,2014-06-19,LowVol,-0.0005265137413215,-0.0005369269773241236
1,2014-06-20,LowVol,-0.0006123069409262,-0.0005369269773241236
1,2014-06-23,LowVol,-0.0008167547427365,-0.0005186288572767793
1,2014-06-24,LowVol,0.0119666180717499,-0.00045616825302232023
1,2014-06-25,LowVol,0.0084363626926058,-0.0005186288572767793
1,2014-06-26,LowVol,0.0141217637008177,-0.00045616825302232023
1,2014-06-27,LowVol,0.0086298688284716,-0.00045616825302232023
1,2014-06-30,LowVol,0.0026568849313768,-0.00045616825302232023
1,2014-07-01,LowVol,0.0004571871294292,-0.0005186288572767793
1,2014-07-02,LowVol,-0.0045125436640545,-0.0005186288572767793
1,2014-07-03,LowVol,-0.0080219480060564,-0.0005369269773241236
1,2014-07-07,LowVol,0.0004556035935048,-0.0005186288572767793
1,2014-07-08,LowVol,0.0050449275374722,-0.00045616825302232023
1,2014-07-09,LowVol,0.0042615324040338,-0.00045616825302232023
1,2014-07-10,LowVol,-0.0032086090103002,-0.00045616825302232023
1,2014-07-11,LowVol,0.0055950631092593,-0.00045616825302232023
1,2014-07-14,LowVol,-0.001315190019742,-0.00045616825302232023
1,2014-07-15,LowVol,0.0049177945344971,-0.00045616825302232023
1,2014-07-16,LowVol,0.0034347104761074,-0.00045616825302232023
1,2014-07-17,LowVol,0.0150220571296058,-0.0011703971453058718
1,2014-07-18,LowVol,5.002602769277331e-05,-0.00045616825302232023
1,2014-07-21,LowVol,0.0023305718255852,-0.00045616825302232023
1,2014-07-22,LowVol,-0.0063064361729322,-0.0005186288572767793
1,2014-07-23,LowVol,-0.0083564787065697,-0.0005186288572767793
1,2014-07-24,LowVol,-0.0279889257277672,-0.0005369269773241236
1,2014-07-25,LowVol,-0.0264007176960108,-0.00045616825302232023
1,2014-07-28,LowVol,-0.0197670544940549,-0.00045616825302232023
1,2014-07-29,LowVol,-0.0250828188404547,-0.00045616825302232023
1,2014-07-30,LowVol,-0.024926655795104,-0.00045616825302232023
1,2014-07-31,LowVol,-0.0106689771782216,-0.0011703971453058718
1,2014-08-01,LowVol,0.0038441929797672,-0.0011703971453058718
1,2014-08-04,LowVol,-0.0004648796423718,-0.00045616825302232023
1,2014-08-05,LowVol,0.0079162876225575,-0.00045616825302232023
1,2014-08-06,LowVol,0.0144220067571185,-0.00045616825302232023
1,2014-08-07,LowVol,0.024761041931812,-0.00045616825302232023
1,2014-08-08,LowVol,0.0128337617756448,-0.00045616825302232023
1,2014-08-11,LowVol,0.0183698419136297,-0.00045616825302232023
1,2014-08-12,LowVol,0.0251126007437834,-0.00045616825302232023
1,2014-08-13,LowVol,0.0209401828920918,-0.0005369269773241236
1,2014-08-14,LowVol,0.0191049734933042,-0.0006347202568987141
1,2014-08-15,LowVol,0.0177291886246231,-0.0005186288572767793
1,2014-08-18,LowVol,0.0143903123057462,-0.0006347202568987141
1,2014-08-19,LowVol,0.0097786447665257,-0.0006347202568987141
1,2014-08-20,LowVol,0.0066859787142183,-0.0006347202568987141
1,2014-08-21,LowVol,0.0032076436414645,-0.0006347202568987141
1,2014-08-22,LowVol,0.007630843673384,-0.0006347202568987141
1,2014-08-25,LowVol,0.0020476487786909,-0.0005369269773241236
1,2014-08-26,LowVol,0.0008485425589879,-0.0005186288572767793
1,2014-08-27,LowVol,-0.0001996162373177,-0.0005186288572767793
1,2014-08-28,LowVol,0.0048468520264401,-0.0005186288572767793
1,2014-08-29,LowVol,-0.0005976623295237,-0.0005186288572767793
1,2014-09-02,LowVol,-0.006430396764392,-0.0005186288572767793
1,2014-09-03,LowVol,-0.0021444555121349,-0.00045616825302232023
1,2014-09-04,LowVol,0.0004490863916197,-0.00045616825302232023
1,2014-09-05,LowVol,-0.0098458021463765,-0.0005186288572767793
1,2014-09-08,LowVol,-0.0080263776200693,-0.00045616825302232023
1,2014-09-09,LowVol,0.0058199069260553,-0.00045616825302232023
1,2014-09-10,LowVol,0.0033989537863543,-0.00045616825302232023
1,2014-09-11,LowVol,0.0075891159317209,-0.00045616825302232023
1,2014-09-12,LowVol,0.0125963292116848,-0.00045616825302232023
1,2014-09-15,LowVol,0.0055328306073556,-0.00045616825302232023
1,2014-09-16,LowVol,-0.0077035881133203,-0.00045616825302232023
1,2014-09-17,LowVol,-0.0012813521797953,-0.0011703971453058718
1,2014-09-18,LowVol,-0.0226053892092649,-0.0005186288572767793
1,2014-09-19,LowVol,-0.0139512533990117,-0.0005186288572767793
1,2014-09-22,LowVol,-0.0080842014231365,-0.00045616825302232023
1,2014-09-23,LowVol,-0.0049998325540608,-0.00045616825302232023
1,2014-09-24,LowVol,-0.026107258999356,-0.00045616825302232023
1,2014-09-25,LowVol,-0.0099828282223383,-0.00045616825302232023
1,2014-09-26,LowVol,-0.0069735643175165,-0.00045616825302232023
1,2014-09-29,LowVol,-0.0063279665146319,-0.00045616825302232023
1,2014-09-30,LowVol,-0.0190846337341369,-0.00045616825302232023
1,2014-10-01,LowVol,0.0117829143822929,-0.0012604409316691013
1,2014-10-02,LowVol,-0.0084371025339401,-0.00045616825302232023
1,2014-10-03,LowVol,-0.0304295734058176,-0.00045616825302232023
1,2014-10-06,LowVol,-0.0452389327069634,-0.00045616825302232023
1,2014-10-07,LowVol,-0.0287693799660336,-0.00045616825302232023
1,2014-10-08,HighVol,-0.0519226456731947,-0.00045616825302232023
1,2014-10-09,HighVol,-0.0335686485092475,-0.0007509312422391142
1,2014-10-10,HighVol,-0.0108636239343068,-0.0007509312422391142
1,2014-10-13,HighVol,0.0154203997584814,-0.0006601523586404859
1,2014-10-14,HighVol,0.0339370185414278,-0.0005186288572767793
1,2014-10-15,HighVol,0.0335784729844228,-0.0007765992310994689
1,2014-10-16,HighVol,0.0464915888978139,-0.0006601523586404859
1,2014-10-17,HighVol,0.0422348233233029,-0.0005186288572767793
1,2014-10-20,HighVol,0.0307936222239835,-0.0005186288572767793
1,2014-10-21,HighVol,0.0223634332110966,-0.0006347202568987141
1,2014-10-22,HighVol,0.0281280262693919,-0.0006347202568987141
1,2014-10-23,HighVol,0.0228289769206975,-0.0006347202568987141
1,2014-10-24,HighVol,0.0266252006837952,-0.0006347202568987141
1,2014-10-27,HighVol,0.0285991489655046,-0.0006347202568987141
1,2014-10-28,HighVol,0.0134063030463713,-0.0006347202568987141
1,2014-10-29,HighVol,0.0213517572810899,-0.0006347202568987141
1,2014-10-30,HighVol,0.0189083887674512,-0.0006347202568987141
1,2014-10-31,HighVol,0.008330924673136,-0.0006347202568987141
1,2014-11-03,HighVol,0.010952828710522,-0.0006347202568987141
1,2014-11-04,HighVol,0.0154673108115424,-0.0005186288572767793
1,2014-11-05,HighVol,0.0080065971025955,-0.0006347202568987141
1,2014-11-06,HighVol,0.0051193787182699,-0.0006347202568987141
1,2014-11-07,LowVol,0.0044262847964173,-0.0005186288572767793
1,2014-11-10,LowVol,0.0019119327148298,-0.0005186288572767793
1,2014-11-11,LowVol,0.0067096809173963,-0.0005369269773241236
1,2014-11-12,LowVol,0.0061774138391883,-0.0005186288572767793
1,2014-11-13,LowVol,0.0068075980927262,-0.0005186288572767793
1,2014-11-14,LowVol,0.0119461866377144,-0.0005186288572767793
1,2014-11-17,LowVol,0.0141411712226089,-0.0005186288572767793
1,2014-11-18,LowVol,0.0075894076683515,-0.0005186288572767793
1,2014-11-19,LowVol,0.0117925663965441,-0.0005186288572767793
1,2014-11-20,LowVol,0.0078798673509281,-0.0005186288572767793
1,2014-11-21,LowVol,-0.004451189251575,-0.0005186288572767793
1,2014-11-24,LowVol,-0.0008200289241677,-0.0005369269773241236
1,2014-11-25,LowVol,0.0037661660478063,-0.0005186288572767793
1,2014-11-26,LowVol,9.616585398308786e-05,-0.0005186288572767793
1,2014-11-28,LowVol,0.0038610796625808,-0.0005186288572767793
1,2014-12-01,LowVol,0.0041309384723073,-0.00045616825302232023
1,2014-12-02,LowVol,-0.0029938129838272,-0.00045616825302232023
1,2014-12-03,LowVol,-0.0227522031468919,-0.0005186288572767793
1,2014-12-04,LowVol,-0.0167102293366383,-0.00045616825302232023
1,2014-12-05,LowVol,-0.0341825012919739,-0.00045616825302232023
1,2014-12-08,LowVol,-0.0343638391512617,-0.00045616825302232023
1,2014-12-09,LowVol,-0.0414593344587771,-0.00045616825302232023
1,2014-12-10,LowVol,-0.0067433666913068,-0.0011703971453058718
1,2014-12-11,LowVol,0.012684319573134,-0.0011703971453058718
1,2014-12-12,LowVol,0.0336989420266242,-0.0011703971453058718
1,2014-12-15,LowVol,0.0456370930140754,-0.0011703971453058718
1,2014-12-16,LowVol,0.0555134513005397,-0.0011703971453058718
1,2014-12-17,LowVol,0.0353174712757946,-0.0011703971453058718
1,2014-12-18,HighVol,0.0135912602435022,-0.0012604409316691013
1,2014-12-19,HighVol,0.0106527323219913,-0.0014316302251016235
1,2014-12-22,HighVol,0.0006266529998497,-0.0006347202568987141
1,2014-12-23,HighVol,-0.0106378551716607,-0.0006347202568987141
1,2014-12-24,HighVol,-0.0112625770882476,-0.0006347202568987141
1,2014-12-26,HighVol,-0.0322393476622671,-0.0005186288572767793
1,2014-12-29,HighVol,-0.0426409585971417,-0.0005186288572767793
1,2014-12-30,HighVol,-0.0254817214316895,-0.0005186288572767793
1,2014-12-31,HighVol,0.0017513860458562,-0.00045616825302232023
1,2015-01-02,HighVol,-0.0057439920623437,-0.00045616825302232023
1,2015-01-05,HighVol,0.0046101462962737,-0.00045616825302232023
1,2015-01-06,HighVol,0.0113103751503078,-0.00045616825302232023
1,2015-01-07,HighVol,-0.0071672452490999,-0.00045616825302232023
1,2015-01-08,HighVol,-0.0334140999773643,-0.00045616825302232023
1,2015-01-09,HighVol,-0.0128275070169577,-0.00045616825302232023
1,2015-01-12,HighVol,-0.002910985236417,-0.00045616825302232023
1,2015-01-13,HighVol,0.0049486645187564,-0.00045616825302232023
1,2015-01-14,HighVol,0.0260878210268427,-0.00045616825302232023
1,2015-01-15,HighVol,0.0298965087649829,-0.00045616825302232023
1,2015-01-16,HighVol,0.0189453827340562,-0.00045616825302232023
1,2015-01-20,HighVol,0.003365076723987,-0.00045616825302232023
1,2015-01-21,HighVol,-0.0144771659488149,-0.00045616825302232023
1,2015-01-22,HighVol,-0.01994203962684,-0.0006347202568987141
1,2015-01-23,HighVol,-0.0269309153288359,-0.0006347202568987141
1,2015-01-26,HighVol,-0.0171815694716196,-0.0006347202568987141
1,2015-01-27,HighVol,0.0103582282092198,-0.00045616825302232023
1,2015-01-28,HighVol,0.0195864133673291,-0.00045616825302232023
1,2015-01-29,HighVol,0.0204465870729011,-0.00045616825302232023
1,2015-01-30,HighVol,0.0305841228006966,-0.00045616825302232023
1,2015-02-02,HighVol,0.0134211548549612,-0.00045616825302232023
1,2015-02-03,HighVol,0.009616975801997,-0.0005186288572767793
1,2015-02-04,HighVol,0.0140641819522762,-0.0006347202568987141
1,2015-02-05,HighVol,0.0135844975265757,-0.0006347202568987141
1,2015-02-06,HighVol,0.0205792009585197,-0.0006347202568987141
1,2015-02-09,HighVol,0.0267802172287321,-0.0005186288572767793
1,2015-02-10,HighVol,0.0160536078993405,-0.0005186288572767793
1,2015-02-11,HighVol,0.0147392473447045,-0.0005369269773241236
1,2015-02-12,HighVol,0.0111048244105069,-0.0005186288572767793
1,2015-02-13,HighVol,0.0068165737580843,-0.0006347202568987141
1,2015-02-17,HighVol,0.0080905502984436,-0.0006347202568987141
1,2015-02-18,HighVol,0.0071381406970723,-0.0005369269773241236
1,2015-02-19,HighVol,0.0066675651765712,-0.0005369269773241236
1,2015-02-20,LowVol,-0.0027458247268516,-0.0005186288572767793
1,2015-02-23,LowVol,0.00369290216385,-0.0005186288572767793
1,2015-02-24,LowVol,-0.0032575349519345,-0.0005186288572767793
1,2015-02-25,LowVol,-0.0066147952984422,-0.0005186288572767793
1,2015-02-26,LowVol,-0.0043526219815187,-0.00045616825302232023
1,2015-02-27,LowVol,-0.0150002003721397,-0.00045616825302232023
1,2015-03-02,LowVol,-0.0171231092131618,-0.0005186288572767793
1,2015-03-03,LowVol,-0.0290828836678528,-0.00045616825302232023
1,2015-03-04,LowVol,-0.027256254927834,-0.00045616825302232023
1,2015-03-05,LowVol,-0.0159648702109865,-0.00045616825302232023
1,2015-03-06,LowVol,-0.0080484498770645,-0.0011703971453058718
1,2015-03-09,LowVol,0.0010555641110685,-0.00045616825302232023
1,2015-03-10,LowVol,0.0145379965325385,-0.00045616825302232023
1,2015-03-11,LowVol,0.0291441518793003,-0.00045616825302232023
1,2015-03-12,LowVol,0.0115887295274801,-0.00045616825302232023
1,2015-03-13,LowVol,0.0268148022368059,-0.00045616825302232023
1,2015-03-16,LowVol,0.0113022700987133,-0.00045616825302232023
1,2015-03-17,LowVol,0.0086178073162888,-0.0005186288572767793
1,2015-03-18,LowVol,-0.0179678629384201,-0.0014316302251016235
1,2015-03-19,LowVol,-0.0158173181928521,-0.0005186288572767793
1,2015-03-20,LowVol,-0.0221949035472566,-0.0006347202568987141
1,2015-03-23,LowVol,-0.0083336259794046,-0.0005186288572767793
1,2015-03-24,LowVol,-0.0114454571683318,-0.0005186288572767793
1,2015-03-25,HighVol,-0.0002911091060304,-0.00045616825302232023
1,2015-03-26,HighVol,0.005699987716818,-0.00045616825302232023
1,2015-03-27,HighVol,0.0101583413343206,-0.00045616825302232023
1,2015-03-30,HighVol,-0.0046576016773406,-0.00045616825302232023
1,2015-03-31,HighVol,0.0075089020378937,-0.00045616825302232023
1,2015-04-01,HighVol,0.0155562080173889,-0.00045616825302232023
1,2015-04-02,HighVol,0.0174385829627987,-0.00045616825302232023
1,2015-04-06,HighVol,0.0060624005159279,-0.00045616825302232023
1,2015-04-07,HighVol,0.0106622382706329,-0.00045616825302232023
1,2015-04-08,LowVol,0.011779860963367,-0.0005186288572767793
1,2015-04-09,LowVol,0.0070368089258687,-0.0005369269773241236
1,2015-04-10,LowVol,-0.0099506381941438,-0.0006347202568987141
1,2015-04-13,LowVol,0.0036350478137907,-0.0005186288572767793
1,2015-04-14,LowVol,0.0005245336456949,-0.0005186288572767793
1,2015-04-15,LowVol,0.0009502559826886,-0.0005186288572767793
1,2015-04-16,LowVol,0.0037553386837825,-0.0005186288572767793
1,2015-04-17,LowVol,0.0177926177090435,-0.0011703971453058718
1,2015-04-20,LowVol,0.0043840653312934,-0.00045616825302232023
1,2015-04-21,LowVol,0.0087788537485942,-0.00045616825302232023
1,2015-04-22,LowVol,-0.0002843783225311,-0.0005186288572767793
1,2015-04-23,LowVol,-0.0127863296159371,-0.0005186288572767793
1,2015-04-24,LowVol,-0.0043938762917933,-0.0006347202568987141
1,2015-04-27,LowVol,0.0026091849627949,-0.00045616825302232023
1,2015-04-28,LowVol,-0.0120130304174992,-0.0005186288572767793
1,2015-04-29,LowVol,-0.0120154105802409,-0.00045616825302232023
1,2015-04-30,LowVol,0.0019666413793451,-0.0011703971453058718
1,2015-05-01,LowVol,0.0042705719609528,-0.00045616825302232023
1,2015-05-04,LowVol,-0.003359711485157,-0.00045616825302232023
1,2015-05-05,LowVol,0.0051699166052174,-0.00045616825302232023
1,2015-05-06,LowVol,0.009517758756856,-0.00045616825302232023
1,2015-05-07,LowVol,0.0159908739298673,-0.00045616825302232023
1,2015-05-08,LowVol,0.0038752461353128,-0.0005186288572767793
1,2015-05-11,LowVol,0.0118229491619996,-0.00045616825302232023
1,2015-05-12,LowVol,0.014525418365453,-0.00045616825302232023
1,2015-05-13,LowVol,0.0136175579289781,-0.00045616825302232023
1,2015-05-14,LowVol,0.0060787937083102,-0.0005369269773241236
1,2015-05-15,LowVol,0.0025887605339369,-0.0005186288572767793
1,2015-05-18,LowVol,-0.0112622710209857,-0.0005186288572767793
1,2015-05-19,LowVol,-0.0015492651824707,-0.0005369269773241236
1,2015-05-20,LowVol,-0.0019729771757347,-0.0005186288572767793
1,2015-05-21,LowVol,-0.0110539050797175,-0.0005186288572767793
1,2015-05-22,LowVol,-0.0066669959308814,-0.0005186288572767793
1,2015-05-26,LowVol,0.0031325334225491,-0.00045616825302232023
1,2015-05-27,LowVol,-0.0036669055933927,-0.00045616825302232023
1,2015-05-28,LowVol,-0.0109670045484283,-0.00045616825302232023
1,2015-05-29,LowVol,-0.0064884941655551,-0.00045616825302232023
1,2015-06-01,LowVol,-0.0146047974798692,-0.00045616825302232023
1,2015-06-02,LowVol,-0.0137682451980596,-0.00045616825302232023
1,2015-06-03,LowVol,-0.0045772875590114,-0.00045616825302232023
1,2015-06-04,LowVol,0.007138452974895,-0.0007509312422391142
1,2015-06-05,LowVol,0.0011442808183659,-0.00045616825302232023
1,2015-06-08,LowVol,0.0030216610596773,-0.00045616825302232023
1,2015-06-09,LowVol,0.0086350408464763,-0.00045616825302232023
1,2015-06-10,LowVol,-0.0017063839228697,-0.00045616825302232023
1,2015-06-11,LowVol,0.0054340552902003,-0.0005186288572767793
1,2015-06-12,LowVol,0.0086921813277698,-0.00045616825302232023
1,2015-06-15,LowVol,0.0182237164329179,-0.00045616825302232023
1,2015-06-16,LowVol,0.0134195923529194,-0.00045616825302232023
1,2015-06-17,LowVol,0.0044345928986082,-0.00045616825302232023
1,2015-06-18,LowVol,-0.0089253549709765,-0.0005186288572767793
1,2015-06-19,LowVol,-0.0046961428131643,-0.0005186288572767793
1,2015-06-22,LowVol,-0.0305348753205971,-0.0006347202568987141
1,2015-06-23,LowVol,-0.0291927010349818,-0.0005186288572767793
1,2015-06-24,LowVol,-0.0142516794529347,-0.00045616825302232023
1,2015-06-25,LowVol,-0.0121511047560874,-0.00045616825302232023
1,2015-06-26,LowVol,-0.0147746405886201,-0.00045616825302232023
1,2015-06-29,LowVol,0.0126568801594926,-0.0011703971453058718
1,2015-06-30,LowVol,-0.0064123092724074,-0.00045616825302232023
1,2015-07-01,LowVol,-0.0125301823713782,-0.00045616825302232023
1,2015-07-02,LowVol,0.0008199615073625,-0.00045616825302232023
1,2015-07-06,LowVol,0.0147541527871537,-0.00045616825302232023
1,2015-07-07,LowVol,0.0127872618312876,-0.00045616825302232023
1,2015-07-08,LowVol,0.0297265536112463,-0.00045616825302232023
1,2015-07-09,LowVol,0.0361149121804125,-0.00045616825302232023
1,2015-07-10,HighVol,0.024098832026995,-0.00045616825302232023
1,2015-07-13,HighVol,0.0134431185396677,-0.0005369269773241236
1,2015-07-14,HighVol,0.0050787486631842,-0.0005186288572767793
1,2015-07-15,HighVol,0.003608810158024,-0.0006347202568987141
1,2015-07-16,HighVol,-0.0099857663928076,-0.0006347202568987141
1,2015-07-17,LowVol,-0.0210844258181135,-0.0006347202568987141
1,2015-07-20,LowVol,-0.0272827050126391,-0.0005186288572767793
1,2015-07-21,LowVol,-0.0114285605629957,-0.0005186288572767793
1,2015-07-22,LowVol,-0.0028387247601565,-0.0005186288572767793
1,2015-07-23,LowVol,0.003044972490843,-0.00045616825302232023
1,2015-07-24,HighVol,0.0120192921076893,-0.00045616825302232023
1,2015-07-27,HighVol,0.0145076376599762,-0.00045616825302232023
1,2015-07-28,LowVol,0.0002389459519644,-0.00045616825302232023
1,2015-07-29,LowVol,-0.0033210855982526,-0.00045616825302232023
1,2015-07-30,LowVol,-0.0117158868995919,-0.00045616825302232023
1,2015-07-31,LowVol,-0.0121139014518075,-0.00045616825302232023
1,2015-08-03,LowVol,0.0037182673163935,-0.0005186288572767793
1,2015-08-04,LowVol,-0.0033910331974239,-0.00045616825302232023
1,2015-08-05,LowVol,-0.0054745670214968,-0.00045616825302232023
1,2015-08-06,LowVol,0.0014877653109734,-0.00045616825302232023
1,2015-08-07,LowVol,0.0070686193644051,-0.00045616825302232023
1,2015-08-10,LowVol,9.482431340601671e-05,-0.00045616825302232023
1,2015-08-11,LowVol,0.006277764022484,-0.00045616825302232023
1,2015-08-12,LowVol,-0.00287175228399,-0.0012604409316691013
1,2015-08-13,LowVol,-0.0224768169807804,-0.00045616825302232023
1,2015-08-14,LowVol,-0.0553429590773044,-0.00045616825302232023
1,2015-08-17,LowVol,-0.100147228815793,-0.0005186288572767793
1,2015-08-18,LowVol,-0.1081531576760129,-0.00045616825302232023
1,2015-08-19,LowVol,-0.0665325549253119,-0.0007509312422391142
1,2015-08-20,LowVol,-0.0230428114690318,-0.0011703971453058718
1,2015-08-21,HighVol,0.0073291913743787,-0.0006601523586404859
1,2015-08-24,HighVol,0.0431133101485992,-3.959369723533045e-05
1,2015-08-25,HighVol,0.0240296978806495,-0.0002283755749892782
1,2015-08-26,HighVol,0.0048855376227807,-0.003015573041065652
1,2015-08-27,HighVol,-0.0186677969573078,-0.0020131783091108055
1,2015-08-28,HighVol,-0.0335705171334208,-0.0020131783091108055
1,2015-08-31,HighVol,-0.0012139104452406,-0.0005186288572767793
1,2015-09-01,HighVol,0.0157477466919366,-0.0007509312422391142
1,2015-09-02,HighVol,0.0022517248988211,-0.0002283755749892782
1,2015-09-03,HighVol,0.0060852805934861,-0.0004464754570233396
1,2015-09-04,HighVol,0.0177575622922063,-0.0002283755749892782
1,2015-09-08,HighVol,0.0052168612232597,-0.0006347202568987141
1,2015-09-09,HighVol,0.0276707252564296,-0.0004464754570233396
1,2015-09-10,HighVol,0.0198110677410643,-0.0004464754570233396
1,2015-09-11,HighVol,-0.0013923025122563,-0.0006347202568987141
1,2015-09-14,HighVol,0.0075071452381108,-0.0006347202568987141
1,2015-09-15,HighVol,-0.0178468835365616,-0.0005369269773241236
1,2015-09-16,HighVol,-0.0278420377376499,-0.0006601523586404859
1,2015-09-17,HighVol,-0.0291751487557444,-0.0006601523586404859
1,2015-09-18,HighVol,-0.0133022793420906,-0.0005369269773241236
1,2015-09-21,HighVol,-0.0430116555275273,-0.0005186288572767793
1,2015-09-22,HighVol,-0.0298590552164405,-0.0005369269773241236
1,2015-09-23,HighVol,-0.0101758192958368,-0.00045616825302232023
1,2015-09-24,HighVol,-0.0039917703008589,-0.0002283755749892782
1,2015-09-25,HighVol,0.0111484514712631,-0.0002283755749892782
1,2015-09-28,HighVol,0.0556351641127959,-0.0001353158665699256
1,2015-09-29,HighVol,0.0514030662982543,-0.0001353158665699256
1,2015-09-30,HighVol,0.0405989713108114,-0.0002283755749892782
1,2015-10-01,HighVol,0.0472600536782448,-0.0002283755749892782
1,2015-10-02,HighVol,0.0324613900902686,-0.0005186288572767793
1,2015-10-05,HighVol,0.0153676976625951,-0.0006347202568987141
1,2015-10-06,HighVol,0.0124374814341734,-0.0006347202568987141
1,2015-10-07,HighVol,-0.0006016059930876,-0.0006347202568987141
1,2015-10-08,HighVol,0.0056652578928404,-0.0006347202568987141
1,2015-10-09,HighVol,0.009635999187904,-0.0006347202568987141
1,2015-10-12,HighVol,0.0091803205224749,-0.0005369269773241236
1,2015-10-13,HighVol,0.014282147561037,-0.0005186288572767793
1,2015-10-14,HighVol,0.0128456109314272,-0.00045616825302232023
1,2015-10-15,HighVol,0.0143810961229733,-0.0005186288572767793
1,2015-10-16,HighVol,0.0208589692304743,-0.0005186288572767793
1,2015-10-19,HighVol,0.0178491190258491,-0.0005186288572767793
1,2015-10-20,HighVol,0.0171828095171846,-0.0005369269773241236
1,2015-10-21,HighVol,0.0351746428744421,-0.00045616825302232023
1,2015-10-22,HighVol,0.0173925847473601,-0.0005369269773241236
1,2015-10-23,HighVol,0.0020240874212034,-0.0006347202568987141
1,2015-10-26,HighVol,0.0163770206635933,-0.0006347202568987141
1,2015-10-27,HighVol,0.0212972268528097,-0.0005369269773241236
1,2015-10-28,LowVol,0.0067478912676408,-0.0006347202568987141
1,2015-10-29,LowVol,0.0063209841066047,-0.0006347202568987141
1,2015-10-30,LowVol,0.0101474531676215,-0.0005186288572767793
1,2015-11-02,LowVol,-0.0109798720375041,-0.0005369269773241236
1,2015-11-03,LowVol,-0.0115640659088334,-0.0006347202568987141
1,2015-11-04,LowVol,-0.0124550720124441,-0.0005186288572767793
1,2015-11-05,LowVol,-0.0252679009339007,-0.0005186288572767793
1,2015-11-06,LowVol,-0.0357077999142004,-0.0005186288572767793
1,2015-11-09,LowVol,-0.0118223325114144,-0.00045616825302232023
1,2015-11-10,LowVol,-0.0148161896103519,-0.00045616825302232023
1,2015-11-11,LowVol,0.0047656133324638,-0.00045616825302232023
1,2015-11-12,LowVol,0.018112124836175,-0.00045616825302232023
1,2015-11-13,LowVol,0.0334259567311405,-0.00045616825302232023
1,2015-11-16,HighVol,0.016778342235856,-0.00045616825302232023
1,2015-11-17,HighVol,0.0188841404801198,-0.00045616825302232023
1,2015-11-18,HighVol,0.0028267031069397,-0.0005186288572767793
1,2015-11-19,HighVol,0.0048426987215433,-0.0006347202568987141
1,2015-11-20,LowVol,-0.0029623094723096,-0.0006347202568987141
1,2015-11-23,LowVol,0.0077009204894262,-0.0005369269773241236
1,2015-11-24,LowVol,-0.0039170155227361,-0.0006347202568987141
1,2015-11-25,LowVol,-0.0177241273432379,-0.0005186288572767793
1,2015-11-27,LowVol,0.000286450873675,-0.0005186288572767793
1,2015-11-30,LowVol,-0.0016292906945123,-0.00045616825302232023
1,2015-12-01,LowVol,-0.0177046015924514,-0.0005186288572767793
1,2015-12-02,LowVol,-0.0152975712758014,-0.00045616825302232023
1,2015-12-03,LowVol,0.0012646024569291,-0.0012604409316691013
1,2015-12-04,HighVol,-0.0369237749893078,-0.0011703971453058718
1,2015-12-07,HighVol,-0.0261578584207027,-0.00045616825302232023
1,2015-12-08,HighVol,-0.0092773696966412,-0.00045616825302232023
1,2015-12-09,HighVol,0.0131002268211462,-0.00045616825302232023
1,2015-12-10,HighVol,-0.0049058304482877,-0.00045616825302232023
1,2015-12-11,HighVol,-0.0033169144056068,-0.0011703971453058718
1,2015-12-14,HighVol,-0.0001466255397282,-0.00045616825302232023
1,2015-12-15,HighVol,-0.001555453433413,-0.00045616825302232023
1,2015-12-16,HighVol,-0.0037678781885968,-0.0007765992310994689
1,2015-12-17,HighVol,0.0099779704145699,-0.00045616825302232023
1,2015-12-18,HighVol,0.0259473192053234,-0.0011703971453058718
1,2015-12-21,HighVol,0.0284128195002872,-0.00045616825302232023
1,2015-12-22,HighVol,0.0119411119784758,-0.00045616825302232023
1,2015-12-23,HighVol,-0.0104360609740552,-0.0005186288572767793
1,2015-12-24,HighVol,-0.0226566347141787,-0.0005186288572767793
1,2015-12-28,HighVol,-0.0187613534253167,-0.0006347202568987141
1,2015-12-29,HighVol,-0.0413693636269942,-0.0006347202568987141
1,2015-12-30,HighVol,-0.0576896050535038,-0.0005186288572767793
1,2015-12-31,HighVol,-0.0586160168296171,-0.00045616825302232023
1,2016-01-04,HighVol,-0.0443237362092981,-0.0007509312422391142
1,2016-01-05,HighVol,-0.0382397841598839,-0.00045616825302232023
1,2016-01-06,HighVol,-0.0502464465883096,-0.00045616825302232023
1,2016-01-07,HighVol,-0.0109249826748211,-0.00013765556746808
1,2016-01-08,HighVol,-0.0214148754058015,-0.00013765556746808
1,2016-01-11,HighVol,-0.0210818406953849,-0.00013765556746808
1,2016-01-12,HighVol,-0.0413611637702381,-0.00013765556746808
1,2016-01-13,HighVol,-0.0113329055872999,-3.959369723533045e-05
1,2016-01-14,HighVol,-0.0073464822011608,-0.00013765556746808
1,2016-01-15,HighVol,-0.0009052074436134,-3.959369723533045e-05
1,2016-01-19,HighVol,0.0113795961845308,-3.959369723533045e-05
1,2016-01-20,HighVol,0.0133583094007518,-0.0005369269773241236
1,2016-01-21,HighVol,0.0129628979715059,-3.959369723533045e-05
1,2016-01-22,HighVol,0.0167957474358408,-0.0002283755749892782
1,2016-01-25,HighVol,0.0320294689981917,0.0005879195740423269
1,2016-01-26,HighVol,-0.000210397540014,-0.0002283755749892782
1,2016-01-27,HighVol,0.0168499946028142,0.0004993570197733298
1,2016-01-28,HighVol,0.013166731349276,0.00034808353821095416
1,2016-01-29,HighVol,-0.0297847746360347,-0.0006347202568987141
1,2016-02-01,HighVol,-0.0424995450633131,-0.0006601523586404859
1,2016-02-02,HighVol,-0.0248741084895617,-0.00013765556746808
1,2016-02-03,HighVol,-0.0315210346801394,-0.0006218713851140785
1,2016-02-04,HighVol,-0.0456159803862203,-0.0005369269773241236
1,2016-02-05,HighVol,-0.0070232528488509,-0.00013765556746808
1,2016-02-08,HighVol,0.023514589574034,-0.0001353158665699256
1,2016-02-09,HighVol,0.0401773408785131,-0.0001353158665699256
1,2016-02-10,HighVol,0.0368107976620435,-0.0001353158665699256
1,2016-02-11,HighVol,0.0499834952220277,-0.00010186078549906112
1,2016-02-12,HighVol,0.0436692097992228,-0.00013765556746808
1,2016-02-16,HighVol,0.0133837548387183,-0.0006601523586404859
1,2016-02-17,HighVol,0.0016588547164941,-0.0006347202568987141
1,2016-02-18,HighVol,0.0179604518794516,-0.0006347202568987141
1,2016-02-19,HighVol,0.0160939845637189,-0.0006347202568987141
1,2016-02-22,HighVol,-0.0062634028271684,-0.0006347202568987141
1,2016-02-23,HighVol,0.0301059458254844,-0.0005186288572767793
1,2016-02-24,HighVol,0.0300203439472352,-0.0005186288572767793
1,2016-02-25,HighVol,0.0216836583574238,-0.0006347202568987141
1,2016-02-26,HighVol,0.0273718388563086,-0.0005369269773241236
1,2016-02-29,HighVol,0.0363193834631982,-0.00045616825302232023
1,2016-03-01,HighVol,0.0014639528114581,-0.0006347202568987141
1,2016-03-02,HighVol,0.0019094345567089,-0.0006347202568987141
1,2016-03-03,HighVol,-0.0012012165998549,-0.0006347202568987141
1,2016-03-04,HighVol,0.0116250939484765,-0.0006347202568987141
1,2016-03-07,HighVol,0.0095218433584223,-0.0006347202568987141
1,2016-03-08,HighVol,0.0190021066014021,-0.0005186288572767793
1,2016-03-09,HighVol,0.0198617050016558,-0.0005186288572767793
1,2016-03-10,HighVol,0.0255085912862889,-0.0005186288572767793
1,2016-03-11,HighVol,0.013188606526471,-0.0005186288572767793
1,2016-03-14,HighVol,0.0159292922864833,-0.0005186288572767793
1,2016-03-15,HighVol,0.0170402437666226,-0.0006347202568987141
1,2016-03-16,HighVol,0.0045151320030341,-0.0006347202568987141
1,2016-03-17,HighVol,-0.0022596082661665,-0.0006347202568987141
1,2016-03-18,HighVol,-0.0055779674514604,-0.0005186288572767793
1,2016-03-21,LowVol,0.0021987463661783,-0.0005369269773241236
1,2016-03-22,LowVol,0.0071373568180186,-0.0005369269773241236
1,2016-03-23,LowVol,0.0113676157638122,-0.00045616825302232023
1,2016-03-24,LowVol,0.0187082101291666,-0.00045616825302232023
1,2016-03-28,LowVol,0.014810146735301,-0.00045616825302232023
1,2016-03-29,LowVol,-0.0045341825536284,-0.0005186288572767793
1,2016-03-30,LowVol,0.0019409251501405,-0.0005186288572767793
1,2016-03-31,LowVol,-0.0076389911054103,-0.0005186288572767793
2,2016-04-01,LowVol,-0.0116953232369406,-0.0014085478999317567
2,2016-04-04,LowVol,-0.0108118211782519,-0.0014085478999317567
2,2016-04-05,LowVol,0.0084725345680152,-0.0011683411838796821
2,2016-04-06,LowVol,0.0076547119601788,-0.0014085478999317567
2,2016-04-07,LowVol,0.0199066065562583,-0.0011683411838796821
2,2016-04-08,LowVol,0.0160390454022549,-0.0011683411838796821
2,2016-04-11,LowVol,0.0255856356463211,-0.0011683411838796821
2,2016-04-12,LowVol,0.0193279144308338,-0.0014085478999317567
2,2016-04-13,LowVol,0.0100960843824333,-0.0014085478999317567
2,2016-04-14,LowVol,0.0046153194915876,-0.0014085478999317567
2,2016-04-15,LowVol,0.0057272645889994,-0.0014085478999317567
2,2016-04-18,LowVol,-0.0030109439741362,-0.0014085478999317567
2,2016-04-19,LowVol,-0.0046688119433192,-0.0014085478999317567
2,2016-04-20,LowVol,-0.0035695819509594,-0.0014085478999317567
2,2016-04-21,LowVol,-0.0072736726105421,-0.0014085478999317567
2,2016-04-22,LowVol,-0.0126334748177963,-0.0014085478999317567
2,2016-04-25,LowVol,-0.0030678564054686,-0.0011683411838796821
2,2016-04-26,LowVol,-0.013210770124343,-0.0011683411838796821
2,2016-04-27,LowVol,-0.0207310390514401,-0.0011683411838796821
2,2016-04-28,LowVol,-0.0119547436798588,-0.0011683411838796821
2,2016-04-29,LowVol,-0.0029565401341726,-0.0011683411838796821
2,2016-05-02,LowVol,-0.0100018649760782,-0.0011683411838796821
2,2016-05-03,LowVol,0.0111076513912513,-0.0011683411838796821
2,2016-05-04,LowVol,0.0072685474217935,-0.0011683411838796821
2,2016-05-05,LowVol,0.0077571762511512,-0.0011683411838796821
2,2016-05-06,LowVol,-0.0046666957262919,-0.0011683411838796821
2,2016-05-09,LowVol,0.0043226358895971,-0.0011683411838796821
2,2016-05-10,LowVol,-0.0172698781374069,-0.0014085478999317567
2,2016-05-11,LowVol,-0.0077003091441999,-0.0011683411838796821
2,2016-05-12,LowVol,-0.0114252459020395,-0.0011683411838796821
2,2016-05-13,LowVol,0.0035655900248605,-0.0011683411838796821
2,2016-05-16,LowVol,-0.0075922705083478,-0.0014085478999317567
2,2016-05-17,LowVol,0.0147421749933811,-0.0011683411838796821
2,2016-05-18,LowVol,0.021326467602295,-0.0011683411838796821
2,2016-05-19,LowVol,0.0251713920546183,-0.0011683411838796821
2,2016-05-20,LowVol,0.023115197174627,-0.0011683411838796821
2,2016-05-23,LowVol,0.022562169711207,-0.0011683411838796821
2,2016-05-24,LowVol,0.0115456346439204,-0.0014085478999317567
2,2016-05-25,LowVol,0.0077887757997552,-0.0014085478999317567
2,2016-05-26,LowVol,0.0044902612089445,-0.0014085478999317567
2,2016-05-27,LowVol,0.0052798063551409,-0.0014085478999317567
2,2016-05-31,LowVol,0.0087687104279838,-0.0014085478999317567
2,2016-06-01,LowVol,0.0099868336262762,-0.0014085478999317567
2,2016-06-02,LowVol,0.0055475023134514,-0.0014085478999317567
2,2016-06-03,LowVol,-0.0009985417060925,-0.0014085478999317567
2,2016-06-06,LowVol,-0.0137213754977336,-0.0014085478999317567
2,2016-06-07,LowVol,-0.0171957935252626,-0.0014085478999317567
2,2016-06-08,LowVol,-0.0217539351892676,-0.0014085478999317567
2,2016-06-09,LowVol,-0.0174937215555411,-0.0014085478999317567
2,2016-06-10,LowVol,-0.01178670072925,-0.0011683411838796821
2,2016-06-13,LowVol,0.00230702138031,-0.0011683411838796821
2,2016-06-14,LowVol,0.0071329950616394,-0.0011683411838796821
2,2016-06-15,LowVol,0.0068937644181665,-0.0011683411838796821
2,2016-06-16,LowVol,0.0169713745887039,-0.0019929126682789048
2,2016-06-17,LowVol,-0.0158821413494359,-0.0011683411838796821
2,2016-06-20,LowVol,-0.0396916997914179,-0.0011683411838796821
2,2016-06-21,LowVol,-0.0251392999201446,-0.0011683411838796821
2,2016-06-22,LowVol,-0.0069197340292062,-0.0011683411838796821
2,2016-06-23,LowVol,-0.006309041846825,-0.0014085478999317567
2,2016-06-24,HighVol,0.0328674382090645,-0.0017636281494233421
2,2016-06-27,HighVol,0.0441377963536024,-0.0017636281494233421
2,2016-06-28,HighVol,0.0317917133673297,-0.0012998162379331824
2,2016-06-29,HighVol,0.0138873599488518,-0.001436385416594435
2,2016-06-30,HighVol,0.0151326724474161,-0.0016490220163439323
2,2016-07-01,HighVol,0.0165778283258228,-0.0014085478999317567
2,2016-07-05,HighVol,0.031380907960012,-0.0014085478999317567
2,2016-07-06,HighVol,0.0250881054859848,-0.0014085478999317567
2,2016-07-07,HighVol,0.0314514317136551,-0.0014085478999317567
2,2016-07-08,HighVol,0.0149545988464048,-0.0014085478999317567
2,2016-07-11,HighVol,0.0141048376495662,-0.0014085478999317567
2,2016-07-12,HighVol,0.0057685909970646,-0.0014085478999317567
2,2016-07-13,HighVol,0.0100969453783434,-0.0014085478999317567
2,2016-07-14,HighVol,0.0006938379958318,-0.0014085478999317567
2,2016-07-15,HighVol,0.006532382085175,-0.0014085478999317567
2,2016-07-18,HighVol,0.001109265783757,-0.0014085478999317567
2,2016-07-19,HighVol,0.0025905061396918,-0.0014085478999317567
2,2016-07-20,HighVol,-0.0026260573542477,-0.0014085478999317567
2,2016-07-21,HighVol,0.0023121560600563,-0.0014085478999317567
2,2016-07-22,HighVol,-0.0005525551159502,-0.0014085478999317567
2,2016-07-25,HighVol,0.0013383092043277,-0.0011683411838796821
2,2016-07-26,LowVol,-0.0055365527190694,-0.0011683411838796821
2,2016-07-27,LowVol,-0.0015701860073502,-0.0011683411838796821
2,2016-07-28,LowVol,-0.0016608459654203,-0.0011683411838796821
2,2016-07-29,LowVol,0.0048825981824656,-0.0011683411838796821
2,2016-08-01,LowVol,0.0051165302057685,-0.0011683411838796821
2,2016-08-02,LowVol,0.0122014906395402,-0.0011683411838796821
2,2016-08-03,LowVol,0.0067539080639211,-0.0011683411838796821
2,2016-08-04,LowVol,0.0103509951689286,-0.0011683411838796821
2,2016-08-05,LowVol,0.0012833569352999,-0.0014085478999317567
2,2016-08-08,LowVol,0.0047695155849059,-0.0014085478999317567
2,2016-08-09,LowVol,-0.0010084750327099,-0.0014085478999317567
2,2016-08-10,LowVol,0.0033540113275867,-0.0014085478999317567
2,2016-08-11,LowVol,0.0009602643418236,-0.0014085478999317567
2,2016-08-12,LowVol,0.0003660394441944,-0.0014085478999317567
2,2016-08-15,LowVol,-0.0025558085100187,-0.0014085478999317567
2,2016-08-16,LowVol,0.0046339044534482,-0.0011683411838796821
2,2016-08-17,LowVol,-0.0023813857827741,-0.0011683411838796821
2,2016-08-18,LowVol,-0.0053000822165483,-0.0012998162379331824
2,2016-08-19,LowVol,-0.0057196506422078,-0.0011683411838796821
2,2016-08-22,LowVol,-0.0007779126578685,-0.0011683411838796821
2,2016-08-23,LowVol,-0.0044298551457818,-0.0011683411838796821
2,2016-08-24,LowVol,-0.0021572438785789,-0.0011683411838796821
2,2016-08-25,LowVol,-0.0014242597288894,-0.0011683411838796821
2,2016-08-26,LowVol,0.0049702013801709,-0.0017636281494233421
2,2016-08-29,LowVol,0.0030683792537427,-0.0011683411838796821
2,2016-08-30,LowVol,0.0046328898448493,-0.0011683411838796821
2,2016-08-31,LowVol,0.0051982197780391,-0.0011683411838796821
2,2016-09-01,LowVol,-0.0189060003357046,-0.0011683411838796821
2,2016-09-02,LowVol,-0.0092961819651085,-0.0011683411838796821
2,2016-09-06,LowVol,-0.026480331679483,-0.0014085478999317567
2,2016-09-07,LowVol,-0.0267565137455446,-0.0014085478999317567
2,2016-09-08,LowVol,-0.0147819386750353,-0.0011683411838796821
2,2016-09-09,LowVol,0.0054753669380258,-0.0017636281494233421
2,2016-09-12,LowVol,-0.0085604464730105,-0.0017636281494233421
2,2016-09-13,LowVol,0.0059465978126498,-0.0017636281494233421
2,2016-09-14,LowVol,0.0176406732039782,-0.0011683411838796821
2,2016-09-15,LowVol,0.0139215855303644,-0.0011683411838796821
2,2016-09-16,LowVol,0.0122794070045966,-0.0011683411838796821
2,2016-09-19,LowVol,0.0038891995705243,-0.0011683411838796821
2,2016-09-20,LowVol,0.0100742177158783,-0.0011683411838796821
2,2016-09-21,HighVol,0.0037997718204443,-0.0014085478999317567
2,2016-09-22,HighVol,-0.0115111850514952,-0.0014085478999317567
2,2016-09-23,HighVol,0.0014351697625443,-0.0014085478999317567
2,2016-09-26,HighVol,0.0071882092204482,-0.0011683411838796821
2,2016-09-27,HighVol,-0.0041286129704177,-0.0014085478999317567
2,2016-09-28,HighVol,-0.0046620719749473,-0.0014085478999317567
2,2016-09-29,HighVol,0.0051239833270873,-0.0011683411838796821
2,2016-09-30,HighVol,-0.0058254824004873,-0.0014085478999317567
2,2016-10-03,HighVol,0.0017610991121899,-0.0011683411838796821
2,2016-10-04,HighVol,-0.0058227007787345,-0.0011683411838796821
2,2016-10-05,HighVol,-0.0089041958124614,-0.0011683411838796821
2,2016-10-06,HighVol,-0.0128371661048264,-0.0011683411838796821
2,2016-10-07,LowVol,-0.0089284633839591,-0.0011683411838796821
2,2016-10-10,LowVol,-0.0174872701232234,-0.0014085478999317567
2,2016-10-11,LowVol,0.0013120895962117,-0.0011683411838796821
2,2016-10-12,LowVol,0.0026667769761805,-0.0011683411838796821
2,2016-10-13,LowVol,0.0040844334921539,-0.0011683411838796821
2,2016-10-14,LowVol,0.0040353257426635,-0.0011683411838796821
2,2016-10-17,LowVol,0.01181868229623,-0.0011683411838796821
2,2016-10-18,LowVol,0.0021525367073809,-0.0011683411838796821
2,2016-10-19,LowVol,-0.0025197796128587,-0.0011683411838796821
2,2016-10-20,LowVol,-0.0033199881033759,-0.0011683411838796821
2,2016-10-21,LowVol,-0.0067293310458549,-0.0011683411838796821
2,2016-10-24,LowVol,-0.0108892890349027,-0.0014085478999317567
2,2016-10-25,LowVol,-0.0147550238783705,-0.0011683411838796821
2,2016-10-26,LowVol,-0.0187142694417846,-0.0011683411838796821
2,2016-10-27,LowVol,-0.0205937976136357,-0.0011683411838796821
2,2016-10-28,LowVol,-0.0187732167276415,-0.0019929126682789048
2,2016-10-31,LowVol,0.0028227095714272,-0.0011683411838796821
2,2016-11-01,LowVol,0.0146915118684303,-0.0011683411838796821
2,2016-11-02,LowVol,0.0316581038652976,-0.0011683411838796821
2,2016-11-03,LowVol,0.0389886474159708,-0.0011683411838796821
2,2016-11-04,LowVol,0.0377366262846239,-0.0011683411838796821
2,2016-11-07,LowVol,0.0161390300577393,-0.0014085478999317567
2,2016-11-08,LowVol,0.0194761551412949,-0.0014085478999317567
2,2016-11-09,LowVol,0.0068860702522652,-0.0019929126682789048
2,2016-11-10,LowVol,0.009542745858341,-0.0019929126682789048
2,2016-11-11,LowVol,0.0096113262544792,-0.0014085478999317567
2,2016-11-14,LowVol,0.0164365128602148,-0.0014085478999317567
2,2016-11-15,LowVol,0.0105366969240898,-0.0014085478999317567
2,2016-11-16,LowVol,0.012989384325222,-0.0014085478999317567
2,2016-11-17,LowVol,0.0115530172469571,-0.0014085478999317567
2,2016-11-18,LowVol,0.0090615620606635,-0.0014085478999317567
2,2016-11-21,LowVol,0.0034522822490499,-0.0014085478999317567
2,2016-11-22,LowVol,-0.000906596776297,-0.0014085478999317567
2,2016-11-23,LowVol,-0.005120213821137,-0.0014085478999317567
2,2016-11-25,LowVol,-0.0083063420329856,-0.0014085478999317567
2,2016-11-28,LowVol,0.0023587058176153,-0.0014085478999317567
2,2016-11-29,LowVol,0.0035758686272289,-0.0014085478999317567
2,2016-11-30,LowVol,0.0191485720598598,-0.0011683411838796821
2,2016-12-01,LowVol,0.0254133275927401,-0.0011683411838796821
2,2016-12-02,LowVol,0.0310906068487997,-0.0011683411838796821
2,2016-12-05,LowVol,0.0237555950750036,-0.0012998162379331824
2,2016-12-06,LowVol,0.0273344067494656,-0.0014085478999317567
2,2016-12-07,LowVol,0.0056991623458189,-0.0014085478999317567
2,2016-12-08,LowVol,0.00737336608098,-0.0014085478999317567
2,2016-12-09,LowVol,-0.0006338982103943,-0.0014085478999317567
2,2016-12-12,LowVol,0.0026929090326284,-0.0014085478999317567
2,2016-12-13,LowVol,-0.0001122953729844,-0.0014085478999317567
2,2016-12-14,LowVol,0.0054043459333739,-0.0019929126682789048
2,2016-12-15,LowVol,-0.000448155243554,-0.0014085478999317567
2,2016-12-16,LowVol,0.0029773375434203,-0.0019929126682789048
2,2016-12-19,LowVol,0.0032811232766012,-0.0014085478999317567
2,2016-12-20,LowVol,-0.0088338251927392,-0.0014085478999317567
2,2016-12-21,LowVol,-0.0062896087761471,-0.0011683411838796821
2,2016-12-22,LowVol,-0.0082085423054673,-0.0011683411838796821
2,2016-12-23,LowVol,-0.0020823613723613,-0.0011683411838796821
2,2016-12-27,LowVol,0.0013698484247408,-0.0014085478999317567
2,2016-12-28,LowVol,0.008912557164753,-0.0011683411838796821
2,2016-12-29,LowVol,0.0127477665069273,-0.0011683411838796821
2,2016-12-30,LowVol,0.0131078024003543,-0.0011683411838796821
2,2017-01-03,LowVol,0.0054161861128987,-0.0011683411838796821
2,2017-01-04,LowVol,0.0022952067558998,-0.0014085478999317567
2,2017-01-05,LowVol,0.0005742185946959,-0.0014085478999317567
2,2017-01-06,LowVol,-0.0007041991559434,-0.0014085478999317567
2,2017-01-09,LowVol,-0.0009270976101788,-0.0014085478999317567
2,2017-01-10,LowVol,0.0012806763172763,-0.0014085478999317567
2,2017-01-11,LowVol,-0.0052398132492421,-0.0014085478999317567
2,2017-01-12,LowVol,0.0009271237551822,-0.0014085478999317567
2,2017-01-13,LowVol,-0.0039635409484609,-0.0014085478999317567
2,2017-01-17,LowVol,0.0059669205596284,-0.0011683411838796821
2,2017-01-18,LowVol,0.0124367875103099,-0.0011683411838796821
2,2017-01-19,LowVol,0.0151386960849544,-0.0011683411838796821
2,2017-01-20,LowVol,0.0098350696601599,-0.0017636281494233421
2,2017-01-23,LowVol,0.0061902689736428,-0.0011683411838796821
2,2017-01-24,LowVol,-0.0003076662216973,-0.0014085478999317567
2,2017-01-25,LowVol,-0.0084943428934407,-0.0014085478999317567
2,2017-01-26,LowVol,-0.0068022769548143,-0.0014085478999317567
2,2017-01-27,LowVol,0.00161602995231,-0.0014085478999317567
2,2017-01-30,LowVol,0.0060646617972248,-0.0011683411838796821
2,2017-01-31,LowVol,0.0061972705376476,-0.0011683411838796821
2,2017-02-01,LowVol,0.0071171936636589,-0.0011683411838796821
2,2017-02-02,LowVol,0.012424652957268,-0.0011683411838796821
2,2017-02-03,LowVol,0.0094614260421534,-0.0014085478999317567
2,2017-02-06,LowVol,0.0167735668703539,-0.0011683411838796821
2,2017-02-07,LowVol,0.0207911836471614,-0.0011683411838796821
2,2017-02-08,LowVol,0.0247780044032746,-0.0014085478999317567
2,2017-02-09,LowVol,0.017866440250799,-0.0014085478999317567
2,2017-02-10,LowVol,0.0154640903234517,-0.0014085478999317567
2,2017-02-13,LowVol,0.0159817405474225,-0.0014085478999317567
2,2017-02-14,LowVol,0.0110396612298069,-0.0014085478999317567
2,2017-02-15,LowVol,0.0064697255957495,-0.0014085478999317567
2,2017-02-16,LowVol,0.0086059243502698,-0.0014085478999317567
2,2017-02-17,LowVol,0.0085925297057447,-0.0014085478999317567
2,2017-02-21,LowVol,-8.503900218292948e-05,-0.0014085478999317567
2,2017-02-22,LowVol,0.0148133177752312,-0.0014085478999317567
2,2017-02-23,LowVol,0.00774003877401,-0.0014085478999317567
2,2017-02-24,LowVol,0.007096366022018,-0.0014085478999317567
2,2017-02-27,LowVol,0.0025301513816369,-0.0014085478999317567
2,2017-02-28,LowVol,0.0022413241975944,-0.0014085478999317567
2,2017-03-01,LowVol,-0.0134293047956047,-0.0019929126682789048
2,2017-03-02,LowVol,-0.005917779760997,-0.0014085478999317567
2,2017-03-03,LowVol,-0.0030616680453846,-0.0014085478999317567
2,2017-03-06,LowVol,0.0004207767247634,-0.0011683411838796821
2,2017-03-07,LowVol,-0.0004215887533669,-0.0011683411838796821
2,2017-03-08,LowVol,0.0101031678863596,-0.0011683411838796821
2,2017-03-09,LowVol,0.0068393242066042,-0.0011683411838796821
2,2017-03-10,LowVol,0.0015612909574238,-0.0011683411838796821
2,2017-03-13,LowVol,-4.1873703694239595e-05,-0.0011683411838796821
2,2017-03-14,LowVol,-0.0090891854161063,-0.0011683411838796821
2,2017-03-15,LowVol,-0.0152784649280479,-0.0014085478999317567
2,2017-03-16,LowVol,-0.0143903156825769,-0.0014085478999317567
2,2017-03-17,LowVol,-0.0133736157179004,-0.0011683411838796821
2,2017-03-20,LowVol,-0.0133041754972096,-0.0011683411838796821
2,2017-03-21,LowVol,0.0068028422682138,-0.0017636281494233421
2,2017-03-22,LowVol,0.0053780954979996,-0.0011683411838796821
2,2017-03-23,LowVol,0.0096565210049572,-0.0011683411838796821
2,2017-03-24,LowVol,0.0080389698006224,-0.0011683411838796821
2,2017-03-27,LowVol,0.0073197823593773,-0.0011683411838796821
2,2017-03-28,LowVol,0.0006799084758775,-0.0011683411838796821
2,2017-03-29,LowVol,-0.0032263435614353,-0.0011683411838796821
2,2017-03-30,LowVol,-0.0035966598220725,-0.0014085478999317567
2,2017-03-31,LowVol,-0.0022905374691878,-0.0014085478999317567
2,2017-04-03,LowVol,4.2281627575802005e-05,-0.0012998162379331824
2,2017-04-04,LowVol,-0.0017836126551015,-0.0011683411838796821
2,2017-04-05,LowVol,-0.0031944810140583,-0.0011683411838796821
2,2017-04-06,LowVol,-0.0124450689475281,-0.0011683411838796821
2,2017-04-07,LowVol,-0.0026787162894258,-0.0011683411838796821
2,2017-04-10,LowVol,-0.0062460967049386,-0.0011683411838796821
2,2017-04-11,LowVol,-0.0068915660986764,-0.0011683411838796821
2,2017-04-12,LowVol,0.0055973265869808,-0.0011683411838796821
2,2017-04-13,LowVol,0.0089459349909959,-0.0011683411838796821
2,2017-04-17,LowVol,0.0110841214685839,-0.0011683411838796821
2,2017-04-18,LowVol,0.0200110588343567,-0.0011683411838796821
2,2017-04-19,LowVol,0.0212472037484885,-0.0011683411838796821
2,2017-04-20,LowVol,0.0138524198199194,-0.0014085478999317567
2,2017-04-21,LowVol,0.0148768351913333,-0.0011683411838796821
2,2017-04-24,LowVol,0.0063669056881499,-0.0014085478999317567
2,2017-04-25,LowVol,0.0009222990932167,-0.0014085478999317567
2,2017-04-26,LowVol,0.0003355251994299,-0.0014085478999317567
2,2017-04-27,LowVol,0.0006705619248299,-0.0014085478999317567
2,2017-04-28,LowVol,0.0068045186799885,-0.0014085478999317567
2,2017-05-01,LowVol,0.0041058421474142,-0.0014085478999317567
2,2017-05-02,LowVol,0.0028060201941537,-0.0014085478999317567
2,2017-05-03,LowVol,0.0058284422685939,-0.0014085478999317567
2,2017-05-04,LowVol,0.002596806291802,-0.0014085478999317567
2,2017-05-05,LowVol,-0.0030037911713033,-0.0014085478999317567
2,2017-05-08,LowVol,0.0026706048622986,-0.0014085478999317567
2,2017-05-09,LowVol,0.0026728377614888,-0.0014085478999317567
2,2017-05-10,LowVol,-0.0168838015531096,-0.0014085478999317567
2,2017-05-11,LowVol,-0.0109031888190246,-0.0011683411838796821
2,2017-05-12,LowVol,-0.0028036283430303,-0.0011683411838796821
2,2017-05-15,LowVol,-0.0032460548327336,-0.0014085478999317567
2,2017-05-16,LowVol,-0.0001249231355295,-0.0014085478999317567
2,2017-05-17,LowVol,0.0203121829856784,-0.0017636281494233421
2,2017-05-18,LowVol,0.021075202285655,-0.0011683411838796821
2,2017-05-19,LowVol,0.0142670587294677,-0.0011683411838796821
2,2017-05-22,LowVol,0.0082663382984347,-0.0014085478999317567
2,2017-05-23,LowVol,0.0057905432836311,-0.0014085478999317567
2,2017-05-24,LowVol,0.0114288207244024,-0.0014085478999317567
2,2017-05-25,LowVol,0.0099687716959506,-0.0014085478999317567
2,2017-05-26,LowVol,0.0094329803602135,-0.0014085478999317567
2,2017-05-30,LowVol,0.0070807226636964,-0.0014085478999317567
2,2017-05-31,LowVol,0.0091947233333367,-0.0014085478999317567
2,2017-06-01,LowVol,0.0017260045210023,-0.0014085478999317567
2,2017-06-02,LowVol,-0.0031128158389597,-0.0014085478999317567
2,2017-06-05,LowVol,-0.0025822850746408,-0.0014085478999317567
2,2017-06-06,LowVol,0.005509806333829,-0.0014085478999317567
2,2017-06-07,LowVol,0.0023804434805954,-0.0014085478999317567
2,2017-06-08,LowVol,-4.11055214194489e-05,-0.0014085478999317567
2,2017-06-09,LowVol,0.0016978180953703,-0.0017636281494233421
2,2017-06-12,LowVol,0.0102444591912913,-0.0011683411838796821
2,2017-06-13,LowVol,-0.0014514771268631,-0.0014085478999317567
2,2017-06-14,LowVol,-0.0004306506226554,-0.0011683411838796821
2,2017-06-15,LowVol,0.0010428783674529,-0.0011683411838796821
2,2017-06-16,LowVol,0.0020197466887161,-0.0011683411838796821
2,2017-06-19,LowVol,-0.0055993996957864,-0.0014085478999317567
2,2017-06-20,LowVol,-0.0069129908989705,-0.0011683411838796821
2,2017-06-21,LowVol,0.0022225422701076,-0.0011683411838796821
2,2017-06-22,LowVol,-0.0061355831797093,-0.0011683411838796821
2,2017-06-23,LowVol,-0.005470428153775,-0.0011683411838796821
2,2017-06-26,LowVol,-0.0044390899703194,-0.0011683411838796821
2,2017-06-27,LowVol,0.00596663711611,-0.0011683411838796821
2,2017-06-28,LowVol,-0.0120745148718039,-0.0011683411838796821
2,2017-06-29,LowVol,0.0031488891814763,-0.0011683411838796821
2,2017-06-30,LowVol,0.0023573442596813,-0.0011683411838796821
2,2017-07-03,LowVol,-8.277728669547901e-05,-0.0011683411838796821
2,2017-07-05,LowVol,0.0051076258514368,-0.0011683411838796821
2,2017-07-06,LowVol,0.0160880172115436,-0.0011683411838796821
2,2017-07-07,LowVol,0.0142498838681346,-0.0011683411838796821
2,2017-07-10,LowVol,0.0130379425271793,-0.0011683411838796821
2,2017-07-11,LowVol,0.0143279627787431,-0.0011683411838796821
2,2017-07-12,LowVol,0.0122127593043865,-0.0014085478999317567
2,2017-07-13,LowVol,0.0109648574637486,-0.0014085478999317567
2,2017-07-14,LowVol,0.0053753988830524,-0.0014085478999317567
2,2017-07-17,LowVol,0.0052539978091061,-0.0014085478999317567
2,2017-07-18,LowVol,0.0071640898459941,-0.0014085478999317567
2,2017-07-19,LowVol,0.0017813784290787,-0.0014085478999317567
2,2017-07-20,LowVol,0.0004046300764555,-0.0014085478999317567
2,2017-07-21,LowVol,0.0001216749701002,-0.0014085478999317567
2,2017-07-24,LowVol,-0.0002026512098824,-0.0014085478999317567
2,2017-07-25,LowVol,-0.0004041067750152,-0.0014085478999317567
2,2017-07-26,LowVol,4.058643135995688e-05,-0.0014085478999317567
2,2017-07-27,LowVol,-0.0009708614438675,-0.0011683411838796821
2,2017-07-28,LowVol,0.0020247778599828,-0.0011683411838796821
2,2017-07-31,LowVol,0.0044576650944319,-0.0011683411838796821
2,2017-08-01,LowVol,-0.0002425620859913,-0.0011683411838796821
2,2017-08-02,LowVol,-0.0007680599451452,-0.0011683411838796821
2,2017-08-03,LowVol,-0.0129574227875391,-0.0011683411838796821
2,2017-08-04,LowVol,-0.0132976721019746,-0.0011683411838796821
2,2017-08-07,LowVol,-0.0053656050648637,-0.0014085478999317567
2,2017-08-08,LowVol,-0.0030335072507235,-0.0011683411838796821
2,2017-08-09,LowVol,-0.0012535568272586,-0.0011683411838796821
2,2017-08-10,LowVol,-0.0027484197666692,-0.0017636281494233421
2,2017-08-11,LowVol,-0.0057758995837926,-0.0011683411838796821
2,2017-08-14,LowVol,-0.0147647626797458,-0.0011683411838796821
2,2017-08-15,LowVol,-0.0043403681012179,-0.0011683411838796821
2,2017-08-16,LowVol,-0.009638282338603,-0.0011683411838796821
2,2017-08-17,LowVol,0.0037021035835003,-0.0017636281494233421
2,2017-08-18,LowVol,0.0076221014032011,-0.0017636281494233421
2,2017-08-21,LowVol,0.0068754294252248,-0.0011683411838796821
2,2017-08-22,LowVol,-0.0024037856279585,-0.0011683411838796821
2,2017-08-23,LowVol,0.0059293293149285,-0.0011683411838796821
2,2017-08-24,LowVol,0.014344870084725,-0.0011683411838796821
2,2017-08-25,LowVol,0.0134120790190546,-0.0011683411838796821
2,2017-08-28,LowVol,0.0060922532593641,-0.0011683411838796821
2,2017-08-29,LowVol,0.0083723953095655,-0.0011683411838796821
2,2017-08-30,LowVol,0.0034955216060288,-0.0014085478999317567
2,2017-08-31,LowVol,-0.0036770759092189,-0.0014085478999317567
2,2017-09-01,LowVol,0.0055277654500136,-0.0014085478999317567
2,2017-09-05,LowVol,0.0162154398471503,-0.0011683411838796821
2,2017-09-06,LowVol,0.0132442193777913,-0.0014085478999317567
2,2017-09-07,LowVol,0.0130434331175048,-0.0014085478999317567
2,2017-09-08,LowVol,0.0156001823856579,-0.0011683411838796821
2,2017-09-11,LowVol,0.0070191350067054,-0.0014085478999317567
2,2017-09-12,LowVol,0.0046415646681636,-0.0014085478999317567
2,2017-09-13,LowVol,0.0045208067007227,-0.0014085478999317567
2,2017-09-14,LowVol,0.0021500338507305,-0.0014085478999317567
2,2017-09-15,LowVol,0.001003360331709,-0.0014085478999317567
2,2017-09-18,LowVol,-0.0031634757209884,-0.0014085478999317567
2,2017-09-19,LowVol,-0.0035604165544098,-0.0014085478999317567
2,2017-09-20,LowVol,-3.9751661797593485e-05,-0.0014085478999317567
2,2017-09-21,LowVol,0.0038494572421499,-0.0011683411838796821
2,2017-09-22,LowVol,0.0071759541348528,-0.0011683411838796821
2,2017-09-25,LowVol,0.0136183938673259,-0.0011683411838796821
2,2017-09-26,LowVol,0.0151756508414284,-0.0011683411838796821
2,2017-09-27,LowVol,0.0124373851505081,-0.0012998162379331824
2,2017-09-28,LowVol,0.0172157623279958,-0.0014085478999317567
2,2017-09-29,LowVol,0.0124985736230587,-0.0014085478999317567
2,2017-10-02,LowVol,0.006459910124013,-0.0014085478999317567
2,2017-10-03,LowVol,0.006960549310512,-0.0014085478999317567
2,2017-10-04,LowVol,0.007347157794757,-0.0014085478999317567
2,2017-10-05,LowVol,-7.868461819304784e-05,-0.0014085478999317567
2,2017-10-06,LowVol,0.0022799227585768,-0.0014085478999317567
2,2017-10-09,LowVol,0.0052768413825108,-0.0014085478999317567
2,2017-10-10,LowVol,0.0033380691028057,-0.0014085478999317567
2,2017-10-11,LowVol,0.0027448679210848,-0.0014085478999317567
2,2017-10-12,LowVol,0.0045163173661424,-0.0014085478999317567
2,2017-10-13,LowVol,0.0084723092265759,-0.0014085478999317567
2,2017-10-16,LowVol,0.0032118809485421,-0.0014085478999317567
2,2017-10-17,LowVol,0.004266680890304,-0.0014085478999317567
2,2017-10-18,LowVol,-0.0016814619790314,-0.0014085478999317567
2,2017-10-19,LowVol,-0.0006648060202713,-0.0014085478999317567
2,2017-10-20,LowVol,0.0023339007561173,-0.0014085478999317567
2,2017-10-23,LowVol,0.0024992189727548,-0.0014085478999317567
2,2017-10-24,LowVol,0.002299682710108,-0.0014085478999317567
2,2017-10-25,LowVol,0.0086174568767893,-0.0017636281494233421
2,2017-10-26,LowVol,0.0077066696573451,-0.0011683411838796821
2,2017-10-27,LowVol,0.0028716554013519,-0.0014085478999317567
2,2017-10-30,LowVol,0.0081789127293465,-0.0011683411838796821
2,2017-10-31,LowVol,0.0059111890232634,-0.0014085478999317567
2,2017-11-01,LowVol,0.0062916691458876,-0.0014085478999317567
2,2017-11-02,LowVol,0.0022519656971469,-0.0014085478999317567
2,2017-11-03,LowVol,-0.0013931875151579,-0.0014085478999317567
2,2017-11-06,LowVol,-0.0020089730575434,-0.0014085478999317567
2,2017-11-07,LowVol,-0.0036342275059781,-0.0014085478999317567
2,2017-11-08,LowVol,-0.0103046088409265,-0.0014085478999317567
2,2017-11-09,LowVol,0.0017427814304422,-0.0011683411838796821
2,2017-11-10,LowVol,-0.0008912567288462,-0.0011683411838796821
2,2017-11-13,LowVol,-0.0001160458708499,-0.0011683411838796821
2,2017-11-14,LowVol,0.008768980659547,-0.0011683411838796821
2,2017-11-15,LowVol,0.0129468011256843,-0.0011683411838796821
2,2017-11-16,LowVol,0.0067281119189486,-0.0011683411838796821
2,2017-11-17,LowVol,0.0091909042289906,-0.0011683411838796821
2,2017-11-20,LowVol,0.0176924211087319,-0.0011683411838796821
2,2017-11-21,LowVol,0.0104619050306806,-0.0014085478999317567
2,2017-11-22,LowVol,0.0202106823155672,-0.0014085478999317567
2,2017-11-24,LowVol,0.0157473520574888,-0.0014085478999317567
2,2017-11-27,LowVol,0.0150254279416339,-0.0014085478999317567
2,2017-11-28,LowVol,0.0012175742194593,-0.001961945470889467
2,2017-11-29,LowVol,0.0020173591168544,-0.0014085478999317567
2,2017-11-30,LowVol,-0.0035470207846833,-0.0019929126682789048
2,2017-12-01,LowVol,0.0039704328429077,-0.0019929126682789048
2,2017-12-04,LowVol,0.0082152356963707,-0.0014085478999317567
2,2017-12-05,LowVol,0.0136404793138313,-0.0014085478999317567
2,2017-12-06,LowVol,0.0133337412533347,-0.0014085478999317567
2,2017-12-07,LowVol,0.0060214377978045,-0.0014085478999317567
2,2017-12-08,LowVol,0.0088971410069302,-0.0014085478999317567
2,2017-12-11,LowVol,0.0122446486815479,-0.0014085478999317567
2,2017-12-12,LowVol,0.0065806633024145,-0.0014085478999317567
2,2017-12-13,LowVol,0.0061668462544055,-0.0014085478999317567
2,2017-12-14,LowVol,0.0123753488889606,-0.0014085478999317567
2,2017-12-15,LowVol,0.003752182969104,-0.002077193146724517
2,2017-12-18,LowVol,-0.003765868118145,-0.0014085478999317567
2,2017-12-19,LowVol,0.0005614956458879,-0.0014085478999317567
2,2017-12-20,LowVol,0.0031455289111246,-0.0014085478999317567
2,2017-12-21,LowVol,-0.0026907378054504,-0.0014085478999317567
2,2017-12-22,LowVol,0.004710152837293,-0.0014085478999317567
2,2017-12-26,LowVol,0.0122760015469085,-0.0011683411838796821
2,2017-12-27,LowVol,0.0160479690706358,-0.0011683411838796821
2,2017-12-28,LowVol,0.0207191020859449,-0.0014085478999317567
2,2017-12-29,LowVol,0.0264555371668289,-0.0011683411838796821
2,2018-01-02,LowVol,0.0214678408551955,-0.0014085478999317567
2,2018-01-03,LowVol,0.0134952014640927,-0.0014085478999317567
2,2018-01-04,LowVol,0.0166046411264271,-0.0014085478999317567
2,2018-01-05,LowVol,0.0164583555426129,-0.0014085478999317567
2,2018-01-08,LowVol,0.0111349142926833,-0.0014085478999317567
2,2018-01-09,LowVol,0.0184674466793326,-0.0014085478999317567
2,2018-01-10,LowVol,0.0183131244883114,-0.0014085478999317567
2,2018-01-11,LowVol,0.0155368358105607,-0.0014085478999317567
2,2018-01-12,LowVol,0.0171630995080407,-0.0014085478999317567
2,2018-01-16,LowVol,0.0228184226673866,-0.0014085478999317567
2,2018-01-17,LowVol,0.0127676884414489,-0.0014085478999317567
2,2018-01-18,LowVol,0.0149028021808534,-0.0014085478999317567
2,2018-01-19,LowVol,0.0220035096573221,-0.0019929126682789048
2,2018-01-22,LowVol,0.0070391858134657,-0.0014085478999317567
2,2018-01-23,LowVol,-0.0054009779801091,-0.0014085478999317567
2,2018-01-24,LowVol,-0.0045199136195105,-0.0014085478999317567
2,2018-01-25,LowVol,-0.0060716066008259,-0.0014085478999317567
2,2018-01-26,LowVol,-0.0388372013755787,-0.0014085478999317567
2,2018-01-29,LowVol,-0.0728887934814058,-0.0014085478999317567
2,2018-01-30,LowVol,-0.0448252314650601,-0.0011683411838796821
2,2018-01-31,LowVol,-0.0504789250238316,-0.0011683411838796821
2,2018-02-01,LowVol,-0.0850554034993094,-0.0011683411838796821
2,2018-02-02,LowVol,-0.0506444698962272,-0.0017636281494233421
2,2018-02-05,HighVol,0.0053423657360507,-0.0017636281494233421
2,2018-02-06,HighVol,-0.011630038179529,-0.0019929126682789048
2,2018-02-07,HighVol,0.0071726280668975,-0.0011683411838796821
2,2018-02-08,HighVol,0.0597755315036458,-0.0023610365842417747
2,2018-02-09,HighVol,0.0443977378605011,-0.005310826038782545
2,2018-02-12,HighVol,0.0228386882173423,-0.0011683411838796821
2,2018-02-13,HighVol,0.0152255613059268,-0.0011683411838796821
2,2018-02-14,HighVol,0.0030049630986352,-0.001436385416594435
2,2018-02-15,HighVol,0.0061530001692704,-0.001436385416594435
2,2018-02-16,HighVol,0.0175385663009444,-0.0014085478999317567
2,2018-02-20,HighVol,0.0111642045605917,-0.0014085478999317567
2,2018-02-21,HighVol,0.0059247689376158,-0.0014085478999317567
2,2018-02-22,HighVol,-0.0099849703823585,-0.0014085478999317567
2,2018-02-23,HighVol,-0.0204941370121779,-0.001436385416594435
2,2018-02-26,HighVol,-0.0205465242610335,-0.001436385416594435
2,2018-02-27,HighVol,-0.0056478049505284,-0.001436385416594435
2,2018-02-28,HighVol,0.0041596498861105,-0.001330924531180006
2,2018-03-01,HighVol,0.0239071784644313,-0.001330924531180006
2,2018-03-02,HighVol,0.0363829687319641,-0.001330924531180006
2,2018-03-05,HighVol,0.0232550862938341,-0.001330924531180006
2,2018-03-06,HighVol,0.0140721933909553,-0.0014085478999317567
2,2018-03-07,HighVol,0.0092381828409098,-0.0011683411838796821
2,2018-03-08,HighVol,0.0032833528638898,-0.0014085478999317567
2,2018-03-09,HighVol,-0.012807803051919,-0.0014085478999317567
2,2018-03-12,HighVol,-0.0249410057902753,-0.0014085478999317567
2,2018-03-13,HighVol,-0.0169300709218611,-0.0014085478999317567
2,2018-03-14,HighVol,-0.0137557469765828,-0.0014085478999317567
2,2018-03-15,HighVol,-0.0373596434672134,-0.0011683411838796821
2,2018-03-16,HighVol,-0.0588987453704749,-0.0011683411838796821
2,2018-03-19,HighVol,-0.0198899338666227,-0.0011683411838796821
2,2018-03-20,HighVol,-0.0381987891148117,-0.0011683411838796821
2,2018-03-21,HighVol,-0.0391965645920531,-0.0011683411838796821
2,2018-03-22,HighVol,-0.0019723801127935,-0.001115507337889527
2,2018-03-23,HighVol,-0.002247723178182,-0.001008206869845328
2,2018-03-26,HighVol,-0.0163703672166379,-0.0012998162379331824
2,2018-03-27,HighVol,0.011358224603891,-0.0011683411838796821
2,2018-03-28,HighVol,0.0223610261991857,-0.0011683411838796821
2,2018-03-29,HighVol,-0.0130345147714633,-0.0011683411838796821
2,2018-04-02,HighVol,0.0137105661450618,-0.001008206869845328
2,2018-04-03,HighVol,0.0167963016908097,-0.001115507337889527
2,2018-04-04,HighVol,0.0007587780677931,-0.0014085478999317567
2,2018-04-05,HighVol,0.0010914565372792,-0.0014085478999317567
2,2018-04-06,HighVol,0.0209071577368842,-0.001115507337889527
2,2018-04-09,HighVol,0.024252678139764,-0.0011683411838796821
2,2018-04-10,HighVol,0.019008020462351,-0.0014085478999317567
2,2018-04-11,HighVol,0.0251368630804744,-0.0014085478999317567
2,2018-04-12,HighVol,0.0111307700785496,-0.0014085478999317567
2,2018-04-13,HighVol,0.0055060208963979,-0.0014085478999317567
2,2018-04-16,HighVol,-0.0028429793039888,-0.0014085478999317567
2,2018-04-17,HighVol,-0.026684936565899,-0.0014085478999317567
2,2018-04-18,HighVol,-0.0250013829296288,-0.0014085478999317567
2,2018-04-19,HighVol,-0.009594932903006,-0.0014085478999317567
2,2018-04-20,HighVol,-0.0001872647502807,-0.0011683411838796821
2,2018-04-23,HighVol,-0.0077273868776451,-0.0011683411838796821
2,2018-04-24,HighVol,0.0076054377820302,-0.0011683411838796821
2,2018-04-25,HighVol,-0.0016308217496395,-0.0011683411838796821
2,2018-04-26,HighVol,-0.0138562299860505,-0.0011683411838796821
2,2018-04-27,HighVol,-0.0020256177322278,-0.0011683411838796821
2,2018-04-30,HighVol,0.0091111146016586,-0.0011683411838796821
2,2018-05-01,HighVol,0.0073213960572453,-0.0011683411838796821
2,2018-05-02,HighVol,0.0239362380854535,-0.0011683411838796821
2,2018-05-03,HighVol,0.0357931858149587,-0.0011683411838796821
2,2018-05-04,HighVol,0.0256746100076128,-0.0014085478999317567
2,2018-05-07,HighVol,0.0227031400832709,-0.0014085478999317567
2,2018-05-08,LowVol,0.015659815967393,-0.0014085478999317567
2,2018-05-09,LowVol,0.0101667546378205,-0.0014085478999317567
2,2018-05-10,LowVol,-3.6529873321922146e-05,-0.0014085478999317567
2,2018-05-11,LowVol,-0.0055707360260661,-0.0014085478999317567
2,2018-05-14,LowVol,0.0014287868654596,-0.0014085478999317567
2,2018-05-15,LowVol,0.0055702341196921,-0.0014085478999317567
2,2018-05-16,LowVol,0.0041139841185307,-0.0014085478999317567
2,2018-05-17,LowVol,0.0029040400906454,-0.0014085478999317567
2,2018-05-18,LowVol,0.0030221436286088,-0.0011683411838796821
2,2018-05-21,LowVol,-0.01591264525856,-0.0014085478999317567
2,2018-05-22,LowVol,0.0,-0.0011683411838796821
2,2018-05-23,LowVol,-0.0088526881010192,-0.0014085478999317567
2,2018-05-24,LowVol,0.0029326276192438,-0.0011683411838796821
2,2018-05-25,LowVol,0.0101045889938979,-0.0011683411838796821
2,2018-05-29,LowVol,0.0226008282049665,-0.0016490220163439323
2,2018-05-30,LowVol,0.0175706189790296,-0.0011683411838796821
2,2018-05-31,LowVol,0.0237320409932233,-0.0011683411838796821
2,2018-06-01,LowVol,0.0167763025520175,-0.0014085478999317567
2,2018-06-04,LowVol,0.0133137441725288,-0.0014085478999317567
2,2018-06-05,LowVol,0.013885645456475,-0.0014085478999317567
2,2018-06-06,LowVol,0.002270976625416,-0.0014085478999317567
2,2018-06-07,LowVol,0.0049034443257409,-0.0014085478999317567
2,2018-06-08,LowVol,0.0006631786675641,-0.0014085478999317567
2,2018-06-11,LowVol,-0.0027212818935569,-0.0014085478999317567
2,2018-06-12,LowVol,-0.0078263403498501,-0.0014085478999317567
2,2018-06-13,LowVol,-0.0029523671769445,-0.0014085478999317567
2,2018-06-14,LowVol,-0.0116909308256109,-0.0014085478999317567
2,2018-06-15,LowVol,-0.0086243153317492,-0.002077193146724517
2,2018-06-18,LowVol,-0.020104307566486,-0.0011683411838796821
2,2018-06-19,LowVol,-0.0141558218874942,-0.0011683411838796821
2,2018-06-20,LowVol,-0.0239877593820039,-0.0011683411838796821
2,2018-06-21,LowVol,-0.0122153361079166,-0.0011683411838796821
2,2018-06-22,LowVol,-0.012593817716117,-0.0011683411838796821
2,2018-06-25,LowVol,0.003173319971629,-0.0017636281494233421
2,2018-06-26,LowVol,-0.0025773890930463,-0.0011683411838796821
2,2018-06-27,LowVol,0.0139595463580928,-0.0011683411838796821
2,2018-06-28,LowVol,0.0167230123167716,-0.0011683411838796821
2,2018-06-29,LowVol,0.0244027188729509,-0.0011683411838796821
2,2018-07-02,LowVol,0.0258956894824793,-0.0011683411838796821
2,2018-07-03,LowVol,0.0220006805888588,-0.0011683411838796821
2,2018-07-05,LowVol,0.022920905909229,-0.0014085478999317567
2,2018-07-06,LowVol,0.0151402138637493,-0.0014085478999317567
2,2018-07-09,LowVol,0.0051817979702826,-0.0014085478999317567
2,2018-07-10,LowVol,0.0056296974651686,-0.0014085478999317567
2,2018-07-11,LowVol,0.0151701596134201,-0.0014085478999317567
2,2018-07-12,LowVol,0.0022549997992005,-0.0014085478999317567
2,2018-07-13,LowVol,0.0003220125141065,-0.0014085478999317567
2,2018-07-16,LowVol,0.0030787006860182,-0.0014085478999317567
2,2018-07-17,LowVol,0.0040642041140994,-0.0014085478999317567
2,2018-07-18,LowVol,0.0104959656655096,-0.0014085478999317567
2,2018-07-19,LowVol,0.0119290898397865,-0.0014085478999317567
2,2018-07-20,LowVol,0.0062213323033564,-0.0011683411838796821
2,2018-07-23,LowVol,-0.0008922793083337,-0.0012998162379331824
2,2018-07-24,LowVol,-0.0009944813323921,-0.0014085478999317567
2,2018-07-25,LowVol,-0.0110912769653477,-0.0014085478999317567
2,2018-07-26,LowVol,-0.0033528046848028,-0.0014085478999317567
2,2018-07-27,LowVol,0.0077460826667292,-0.0011683411838796821
2,2018-07-30,LowVol,0.0167532891668882,-0.0011683411838796821
2,2018-07-31,LowVol,0.0151070275618745,-0.0011683411838796821
2,2018-08-01,LowVol,0.0163781422928466,-0.0011683411838796821
2,2018-08-02,LowVol,0.009490070515034,-0.0014085478999317567
2,2018-08-03,LowVol,-0.0015513218443471,-0.0014085478999317567
2,2018-08-06,LowVol,-0.0089234113867691,-0.0014085478999317567
2,2018-08-07,LowVol,-0.005882852765379,-0.0014085478999317567
2,2018-08-08,LowVol,-0.0128912442053548,-0.0014085478999317567
2,2018-08-09,LowVol,-0.0035433897019523,-0.0014085478999317567
2,2018-08-10,LowVol,0.0067095083199655,-0.0011683411838796821
2,2018-08-13,LowVol,0.0126548894121394,-0.0011683411838796821
2,2018-08-14,LowVol,0.0085945832738929,-0.0011683411838796821
2,2018-08-15,LowVol,0.0155796532155909,-0.0019929126682789048
2,2018-08-16,LowVol,0.0060905830668358,-0.0011683411838796821
2,2018-08-17,LowVol,0.0085955838671893,-0.0014085478999317567
2,2018-08-20,LowVol,0.0143872162218594,-0.0014085478999317567
2,2018-08-21,LowVol,0.0125030176719564,-0.0014085478999317567
2,2018-08-22,LowVol,0.0185554501173186,-0.0014085478999317567
2,2018-08-23,LowVol,0.0157808277135766,-0.0014085478999317567
2,2018-08-24,LowVol,0.009738212338082,-0.0014085478999317567
2,2018-08-27,LowVol,0.0001033647915968,-0.0014085478999317567
2,2018-08-28,LowVol,-0.0030699018366147,-0.0014085478999317567
2,2018-08-29,LowVol,-0.0113903131814333,-0.0014085478999317567
2,2018-08-30,LowVol,-0.0093002982711293,-0.0014085478999317567
2,2018-08-31,LowVol,-0.0076124729340826,-0.0014085478999317567
2,2018-09-04,LowVol,-0.0026226253679982,-0.0014085478999317567
2,2018-09-05,LowVol,0.0003112567803442,-0.0011683411838796821
2,2018-09-06,LowVol,0.009265478713011,-0.0011683411838796821
2,2018-09-07,LowVol,0.0114047743290466,-0.0011683411838796821
2,2018-09-10,LowVol,0.0043038259700418,-0.0011683411838796821
2,2018-09-11,LowVol,0.0064352983375977,-0.0011683411838796821
2,2018-09-12,LowVol,0.0072635576464601,-0.0011683411838796821
2,2018-09-13,LowVol,0.0094561484994688,-0.0014085478999317567
2,2018-09-14,LowVol,0.0083596060876161,-0.0014085478999317567
2,2018-09-17,LowVol,0.01035958710323,-0.0011683411838796821
2,2018-09-18,LowVol,0.0039740982774445,-0.0014085478999317567
2,2018-09-19,LowVol,-9.539707909766992e-05,-0.0014085478999317567
2,2018-09-20,LowVol,-0.0053615166942455,-0.002077193146724517
2,2018-09-21,LowVol,-0.0043492153138914,-0.002077193146724517
2,2018-09-24,LowVol,0.0024399526865654,-0.0014085478999317567
2,2018-09-25,LowVol,0.0027861165762252,-0.0014085478999317567
2,2018-09-26,LowVol,0.0063474702565904,-0.0011683411838796821
2,2018-09-27,LowVol,-0.0043006716479573,-0.0011683411838796821
2,2018-09-28,LowVol,-0.0099753663911461,-0.0011683411838796821
2,2018-10-01,LowVol,-0.0134029545497851,-0.0014085478999317567
2,2018-10-02,LowVol,-0.0142678912954623,-0.0011683411838796821
2,2018-10-03,LowVol,-0.0460030177444218,-0.0011683411838796821
2,2018-10-04,LowVol,-0.0596667609533594,-0.0019929126682789048
2,2018-10-05,LowVol,-0.0412410911994605,-0.0011683411838796821
2,2018-10-08,LowVol,-0.0466264880984313,-0.0011683411838796821
2,2018-10-09,LowVol,-0.0243566716365306,-0.0011683411838796821
2,2018-10-10,HighVol,0.0077253133688657,-0.0017636281494233421
2,2018-10-11,HighVol,0.0155413648655104,-0.001115507337889527
2,2018-10-12,HighVol,0.001087150946426,-0.0017636281494233421
2,2018-10-15,HighVol,0.0022230354490841,-0.001115507337889527
2,2018-10-16,HighVol,-0.0242155072395843,-0.0012998162379331824
2,2018-10-17,HighVol,-0.053949054518166,-0.0011683411838796821
2,2018-10-18,HighVol,-0.0228652561263114,-0.001115507337889527
2,2018-10-19,HighVol,-0.039529419480355,-0.001115507337889527
2,2018-10-22,HighVol,-0.0405441807991937,-0.001115507337889527
2,2018-10-23,HighVol,-0.0213440696610559,-0.001115507337889527
2,2018-10-24,HighVol,0.0200138341287063,0.00016129736098088334
2,2018-10-25,HighVol,0.0127001488175115,-0.0006021750884449782
3,2018-10-26,HighVol,0.024724031063992,-0.00017514574458417422
3,2018-10-29,HighVol,0.0361181545547069,-0.00017514574458417422
3,2018-10-30,HighVol,0.0274493147730603,-0.000401944520891779
3,2018-10-31,HighVol,0.0383548157239435,-0.0011765062879845638
3,2018-11-01,HighVol,0.0255564756951216,-0.0011765062879845638
3,2018-11-02,HighVol,0.0215896413337035,-0.0011765062879845638
3,2018-11-05,HighVol,-0.0029993664273784,-0.0011765062879845638
3,2018-11-06,HighVol,-0.0111228757078428,-0.0011765062879845638
3,2018-11-07,HighVol,-0.0384684820816677,-0.0011765062879845638
3,2018-11-08,HighVol,-0.0266666495407061,-0.0011765062879845638
3,2018-11-09,HighVol,-0.014509185568345,-0.0011765062879845638
3,2018-11-12,HighVol,-0.012730785094979,-0.0011765062879845638
3,2018-11-13,HighVol,-0.0291846649782129,-0.0011765062879845638
3,2018-11-14,HighVol,-0.0191708817771284,-0.0011765062879845638
3,2018-11-15,HighVol,-0.0357849199762491,-0.0011765062879845638
3,2018-11-16,HighVol,-0.0227592949200882,-0.0011765062879845638
3,2018-11-19,HighVol,-0.0026012146652402,-0.0011765062879845638
3,2018-11-20,HighVol,0.0396032793082818,-0.0004101696853601475
3,2018-11-21,HighVol,0.0338089134649852,-0.0007695321476544436
3,2018-11-23,HighVol,0.0471032294640751,-0.0004101696853601475
3,2018-11-26,HighVol,0.0441119304133352,-0.0011765062879845638
3,2018-11-27,HighVol,0.0068926591230733,-0.0011765062879845638
3,2018-11-28,HighVol,-0.0172626999677776,-0.0011765062879845638
3,2018-11-29,HighVol,-0.037995741987139,-0.0011765062879845638
3,2018-11-30,HighVol,-0.0420096705289486,-0.0011765062879845638
3,2018-12-03,HighVol,-0.0543144312013437,-0.0011765062879845638
3,2018-12-04,HighVol,-0.0177243412110582,-0.0012950722633652244
3,2018-12-06,HighVol,-0.0165654339185782,-0.0012950722633652244
3,2018-12-07,HighVol,-0.0117613815480154,-0.0004101696853601475
3,2018-12-10,HighVol,-0.0329834845762618,-0.000546756865995236
3,2018-12-11,HighVol,-0.0342632020230599,-0.0006875778561564553
3,2018-12-12,HighVol,-0.0534921374363918,-0.0011765062879845638
3,2018-12-13,HighVol,-0.0685834988032056,-0.0011765062879845638
3,2018-12-14,HighVol,-0.0705050367327285,-0.0004101696853601475
3,2018-12-17,HighVol,-0.0769563855274202,-0.0002969325591429274
3,2018-12-18,HighVol,-0.0292553034073634,-0.0002969325591429274
3,2018-12-19,HighVol,-0.0069304210228892,-0.0003806423418365722
3,2018-12-20,HighVol,0.0081999762750082,-0.00038881277610114477
3,2018-12-21,HighVol,0.0383049783298232,-0.0007996874101432668
3,2018-12-24,HighVol,0.0675941397910471,0.000510128624984481
3,2018-12-26,HighVol,-0.0080023069613891,-0.0021666643151618745
3,2018-12-27,HighVol,0.0174144789700243,-0.0021666643151618745
3,2018-12-28,HighVol,0.0267607644921639,-0.0018459408414599585
3,2018-12-31,HighVol,0.0274087617320188,-0.001829372206066266
3,2019-01-02,HighVol,0.0311376713960385,-0.000546756865995236
3,2019-01-03,HighVol,0.0600715551811223,-0.0002969325591429274
3,2019-01-04,HighVol,0.026110239870946,-0.0007996874101432668
3,2019-01-07,HighVol,0.0118719977448742,-0.0011765062879845638
3,2019-01-08,HighVol,0.0139428189709387,-0.0011765062879845638
3,2019-01-09,HighVol,0.0116679702193585,-0.0011765062879845638
3,2019-01-10,HighVol,0.0157598066652622,-0.0011765062879845638
3,2019-01-11,HighVol,0.0288825869216808,-0.0011765062879845638
3,2019-01-14,HighVol,0.0212120298449998,-0.0011765062879845638
3,2019-01-15,HighVol,0.0117528707204528,-0.0011765062879845638
3,2019-01-16,HighVol,0.0098472470216699,-0.0011765062879845638
3,2019-01-17,HighVol,0.0107241544828302,-0.0011765062879845638
3,2019-01-18,HighVol,-0.0101328925133971,-0.0011765062879845638
3,2019-01-22,HighVol,0.0020922424351124,-0.0011765062879845638
3,2019-01-23,HighVol,0.0158308166020537,-0.0011765062879845638
3,2019-01-24,HighVol,0.0242084945183502,-0.0011765062879845638
3,2019-01-25,HighVol,0.0161037175754221,-0.0011765062879845638
3,2019-01-28,HighVol,0.0310888786914014,-0.0011765062879845638
3,2019-01-29,HighVol,0.0367871980157199,-0.0011765062879845638
3,2019-01-30,HighVol,0.0192842612594419,-0.0011765062879845638
3,2019-01-31,HighVol,0.0007776818269653,-0.0011765062879845638
3,2019-02-01,HighVol,0.0015180456692054,-0.0011765062879845638
3,2019-02-04,LowVol,-0.0049271690284276,-0.0011765062879845638
3,2019-02-05,LowVol,0.0036616506626503,-0.0011765062879845638
3,2019-02-06,LowVol,0.0082497304405129,-0.0011765062879845638
3,2019-02-07,LowVol,0.0156956144402431,-0.0011765062879845638
3,2019-02-08,LowVol,0.0255111783570198,-0.0011765062879845638
3,2019-02-11,LowVol,0.0267163974683226,-0.0011765062879845638
3,2019-02-12,HighVol,0.0157241150308107,-0.0011765062879845638
3,2019-02-13,LowVol,0.0088367430865736,-0.0011765062879845638
3,2019-02-14,LowVol,0.017348242662543,-0.0011765062879845638
3,2019-02-15,HighVol,0.007751537073638,-0.0011765062879845638
3,2019-02-19,LowVol,0.0052906275374764,-0.0011765062879845638
3,2019-02-20,LowVol,0.0028376352145402,-0.0011765062879845638
3,2019-02-21,LowVol,0.0045416495151513,-0.0011765062879845638
3,2019-02-22,LowVol,0.0045854643554115,-0.0011765062879845638
3,2019-02-25,LowVol,-0.0004295354664547,-0.0011765062879845638
3,2019-02-26,LowVol,-0.0010737222732428,-0.0011765062879845638
3,2019-02-27,LowVol,-0.0066979617393208,-0.0011765062879845638
3,2019-02-28,LowVol,-0.0131694256572103,-0.0011765062879845638
3,2019-03-01,LowVol,-0.0212540175069294,-0.0011765062879845638
3,2019-03-04,LowVol,-0.0034358678696629,-0.0011765062879845638
3,2019-03-05,LowVol,0.0016842970113997,-0.0011765062879845638
3,2019-03-06,LowVol,0.0144594335446164,-0.0011765062879845638
3,2019-03-07,LowVol,0.0223633148477984,-0.0011765062879845638
3,2019-03-08,LowVol,0.0294730930918838,-0.0011765062879845638
3,2019-03-11,LowVol,0.0184368546946178,-0.0011765062879845638
3,2019-03-12,LowVol,0.0148623996320695,-0.0011765062879845638
3,2019-03-13,LowVol,0.0051540632142106,-0.0011765062879845638
3,2019-03-14,LowVol,0.017157636834914,-0.0011765062879845638
3,2019-03-15,LowVol,-0.0073230652135356,-0.0011765062879845638
3,2019-03-18,LowVol,-0.0116527300228924,-0.0011765062879845638
3,2019-03-19,LowVol,-0.0045327379003361,-0.0011765062879845638
3,2019-03-20,LowVol,-0.0067482818664825,-0.0011765062879845638
3,2019-03-21,LowVol,-0.014118439678496,-0.0011765062879845638
3,2019-03-22,LowVol,0.0115667647849933,-0.0011765062879845638
3,2019-03-25,LowVol,0.0243334875706491,-0.0011765062879845638
3,2019-03-26,LowVol,0.0172523435158684,-0.0011765062879845638
3,2019-03-27,LowVol,0.0242094303001183,-0.0011765062879845638
3,2019-03-28,LowVol,0.0230486579148379,-0.0011765062879845638
3,2019-03-29,LowVol,0.0215589175681161,-0.0011765062879845638
3,2019-04-01,HighVol,0.0103555166701503,-0.0011765062879845638
3,2019-04-02,HighVol,0.0046863735535462,-0.0011765062879845638
3,2019-04-03,LowVol,0.0065282949105909,-0.0011765062879845638
3,2019-04-04,LowVol,0.0035864836931189,-0.0011765062879845638
3,2019-04-05,LowVol,0.0055098224740919,-0.0011765062879845638
3,2019-04-08,LowVol,0.0040862030783184,-0.0011765062879845638
3,2019-04-09,LowVol,0.0099189189316988,-0.0011765062879845638
3,2019-04-10,LowVol,0.0040241346761489,-0.0011765062879845638
3,2019-04-11,LowVol,0.0062802259146641,-0.0011765062879845638
3,2019-04-12,LowVol,0.0003793707525634,-0.0011765062879845638
3,2019-04-15,LowVol,0.0100351355659846,-0.0011765062879845638
3,2019-04-16,LowVol,0.007134066416687,-0.0011765062879845638
3,2019-04-17,LowVol,0.0089821950758448,-0.0011765062879845638
3,2019-04-18,LowVol,0.0116889921435525,-0.0011765062879845638
3,2019-04-22,LowVol,0.0124022753613097,-0.0011765062879845638
3,2019-04-23,LowVol,0.0038925324282996,-0.0011765062879845638
3,2019-04-24,LowVol,-0.0014373478694488,-0.0011765062879845638
3,2019-04-25,LowVol,-0.0029786918805904,-0.0011765062879845638
3,2019-04-26,LowVol,0.0021129126245285,-0.0011765062879845638
3,2019-04-29,LowVol,-0.0035730264071095,-0.0011765062879845638
3,2019-04-30,LowVol,-0.0207128684872741,-0.0011765062879845638
3,2019-05-01,LowVol,-0.0146667576074231,-0.0011765062879845638
3,2019-05-02,LowVol,-0.0155229223219343,-0.0011765062879845638
3,2019-05-03,LowVol,-0.020168096736078,-0.0011765062879845638
3,2019-05-06,LowVol,-0.0408442281045777,-0.0012950722633652244
3,2019-05-07,LowVol,-0.0157329372388214,-0.0012950722633652244
3,2019-05-08,LowVol,-0.0085904681760268,-0.0011765062879845638
3,2019-05-09,LowVol,0.0036279414524655,-0.0011765062879845638
3,2019-05-10,LowVol,-0.0078445561025284,-0.0011765062879845638
3,2019-05-13,HighVol,0.0110021683873529,-0.0011765062879845638
3,2019-05-14,HighVol,0.0109740302775758,-0.0011765062879845638
3,2019-05-15,HighVol,0.0019994190353842,-0.0011765062879845638
3,2019-05-16,HighVol,-0.0193258075986451,-0.0011765062879845638
3,2019-05-17,HighVol,-0.0107050913853321,-0.0011765062879845638
3,2019-05-20,HighVol,-0.0133828389766395,-0.0011765062879845638
3,2019-05-21,HighVol,-0.0287600891978323,-0.0011765062879845638
3,2019-05-22,HighVol,-0.0231063011736777,-0.0011765062879845638
3,2019-05-23,HighVol,-0.0243497460053251,-0.0011765062879845638
3,2019-05-24,HighVol,-0.02903321467019,-0.0011765062879845638
3,2019-05-28,HighVol,0.0013565096155303,-0.0011765062879845638
3,2019-05-29,HighVol,0.0168545267457189,-0.0010039628981901223
3,2019-05-30,HighVol,0.02067829551605,-0.0011765062879845638
3,2019-05-31,HighVol,0.044974313030734,-0.0010039628981901223
3,2019-06-03,HighVol,0.0524460161472839,-0.0010039628981901223
3,2019-06-04,HighVol,0.0298359574427899,-0.0011765062879845638
3,2019-06-05,HighVol,0.0191896374925264,-0.0011765062879845638
3,2019-06-06,HighVol,0.0167836931423415,-0.0011765062879845638
3,2019-06-07,HighVol,0.0055967532219114,-0.0011765062879845638
3,2019-06-10,HighVol,0.0013838639163654,-0.0011765062879845638
3,2019-06-11,HighVol,0.0121153360523564,-0.0011765062879845638
3,2019-06-12,HighVol,0.016193180011452,-0.0011765062879845638
3,2019-06-13,HighVol,0.0216865598923201,-0.0011765062879845638
3,2019-06-14,HighVol,0.0213303531129103,-0.0011765062879845638
3,2019-06-17,HighVol,0.0196920457154339,-0.0011765062879845638
3,2019-06-18,HighVol,-0.0007725591990473,-0.0011765062879845638
3,2019-06-19,HighVol,-0.0040170468070962,-0.0011765062879845638
3,2019-06-20,HighVol,-0.0099446464769844,-0.0012795822543187501
3,2019-06-21,HighVol,-0.0034017156078838,-0.0011765062879845638
3,2019-06-24,HighVol,0.0068786475081923,-0.0011765062879845638
3,2019-06-25,HighVol,0.0195009577561977,-0.0011765062879845638
3,2019-06-26,HighVol,0.028678060051779,-0.0011765062879845638
3,2019-06-27,HighVol,0.0238766293948105,-0.0011765062879845638
3,2019-06-28,LowVol,0.0130378723654116,-0.0011765062879845638
3,2019-07-01,LowVol,0.0051750423670298,-0.0011765062879845638
3,2019-07-02,LowVol,0.0073539195952454,-0.0011765062879845638
3,2019-07-03,LowVol,0.0017066218897587,-0.0011765062879845638
3,2019-07-05,LowVol,0.0073376510864406,-0.0011765062879845638
3,2019-07-08,LowVol,0.0132401622011253,-0.0011765062879845638
3,2019-07-09,LowVol,0.0087150201600521,-0.0011765062879845638
3,2019-07-10,LowVol,-0.0029134154524322,-0.0011765062879845638
3,2019-07-11,LowVol,-0.001604000651357,-0.0011765062879845638
3,2019-07-12,LowVol,-0.0115748134092815,-0.0011765062879845638
3,2019-07-15,LowVol,-0.009476215955543,-0.0011765062879845638
3,2019-07-16,LowVol,0.0008338910646925,-0.0011765062879845638
3,2019-07-17,LowVol,0.0124268510436422,-0.0011765062879845638
3,2019-07-18,LowVol,0.0039157784153516,-0.0011765062879845638
3,2019-07-19,LowVol,0.0162868820621369,-0.0011765062879845638
3,2019-07-22,LowVol,0.0119505648175861,-0.0011765062879845638
3,2019-07-23,LowVol,0.0022996262107595,-0.0011765062879845638
3,2019-07-24,LowVol,-0.013302758260024,-0.0011765062879845638
3,2019-07-25,LowVol,-0.0172004154229253,-0.0011765062879845638
3,2019-07-26,LowVol,-0.0310916102981005,-0.0011765062879845638
3,2019-07-29,LowVol,-0.058515837591112,-0.0011765062879845638
3,2019-07-30,LowVol,-0.0429635679059843,-0.0011765062879845638
3,2019-07-31,LowVol,-0.0318057232846845,-0.0012950722633652244
3,2019-08-01,LowVol,-0.0041377458742624,-0.0012950722633652244
3,2019-08-02,LowVol,-0.0034177583206284,-0.0012950722633652244
3,2019-08-05,HighVol,0.0149746298381019,-0.000546756865995236
3,2019-08-06,HighVol,0.0165040424210813,-0.0011765062879845638
3,2019-08-07,HighVol,-0.0141334564966187,-0.0012795822543187501
3,2019-08-08,HighVol,-0.0305495110920174,-0.0011765062879845638
3,2019-08-09,HighVol,-0.0094985535197685,-0.0011765062879845638
3,2019-08-12,HighVol,0.0147880769867974,-0.0011765062879845638
3,2019-08-13,HighVol,-0.0084085546145321,-0.0011765062879845638
3,2019-08-14,HighVol,0.0301161744116273,-0.0010039628981901223
3,2019-08-15,HighVol,0.0270858523926902,-0.0010039628981901223
3,2019-08-16,HighVol,-0.0138478295058395,-0.0011765062879845638
3,2019-08-19,HighVol,-0.0148122617023677,-0.0011765062879845638
3,2019-08-20,HighVol,-0.0110999347165471,-0.0011765062879845638
3,2019-08-21,HighVol,-0.0121730401013637,-0.0011765062879845638
3,2019-08-22,HighVol,0.0007526241263318,-0.0011765062879845638
3,2019-08-23,HighVol,0.0266807205798698,-0.0011765062879845638
3,2019-08-26,HighVol,0.0095143156010293,-0.0011765062879845638
3,2019-08-27,HighVol,0.0249941471423149,-0.0011765062879845638
3,2019-08-28,HighVol,0.0309112838980081,-0.0011765062879845638
3,2019-08-29,HighVol,0.0186955176643548,-0.0011765062879845638
3,2019-08-30,HighVol,0.0196614834798996,-0.0011765062879845638
3,2019-09-03,HighVol,0.0254175633773736,-0.0011765062879845638
3,2019-09-04,HighVol,0.0211198651867245,-0.0011765062879845638
3,2019-09-05,HighVol,0.0116513230663353,-0.0011765062879845638
3,2019-09-06,HighVol,0.0101998405775225,-0.0011765062879845638
3,2019-09-09,HighVol,0.006572500050439,-0.0011765062879845638
3,2019-09-10,HighVol,0.0093585981206163,-0.0011765062879845638
3,2019-09-11,HighVol,0.0028310836299334,-0.0011765062879845638
3,2019-09-12,HighVol,-0.0006969984194413,-0.0011765062879845638
3,2019-09-13,HighVol,-0.0047580708714011,-0.0011765062879845638
3,2019-09-16,HighVol,-0.0019083376348909,-0.0011765062879845638
3,2019-09-17,HighVol,-0.0122415026319241,-0.0011765062879845638
3,2019-09-18,HighVol,-0.006993237782208,-0.0011765062879845638
3,2019-09-19,HighVol,-0.0089959006363465,-0.0011765062879845638
3,2019-09-20,HighVol,-0.0096552565822399,-0.0011765062879845638
3,2019-09-23,LowVol,-0.0048285355416567,-0.0011765062879845638
3,2019-09-24,LowVol,-0.0088891228866571,-0.0011765062879845638
3,2019-09-25,LowVol,-0.0321214439665649,-0.0011765062879845638
3,2019-09-26,LowVol,-0.022154855158106,-0.0011765062879845638
3,2019-09-27,LowVol,-0.0035544269346473,-0.0011765062879845638
3,2019-09-30,LowVol,-0.0124341907538795,-0.0011765062879845638
3,2019-10-01,LowVol,-0.0160614559591822,-0.0011765062879845638
3,2019-10-02,LowVol,0.0111431199357616,-0.0012795822543187501
3,2019-10-03,LowVol,0.0097101291621646,-0.0011765062879845638
3,2019-10-04,LowVol,0.0065566488955264,-0.0011765062879845638
3,2019-10-07,LowVol,0.0097928155865862,-0.0011765062879845638
3,2019-10-08,HighVol,0.0358709799592948,-0.0011765062879845638
3,2019-10-09,HighVol,0.0244790483293773,-0.0011765062879845638
3,2019-10-10,HighVol,0.0205975675308218,-0.0011765062879845638
3,2019-10-11,HighVol,0.0057041681580414,-0.0011765062879845638
3,2019-10-14,HighVol,0.0136506060557142,-0.0011765062879845638
3,2019-10-15,HighVol,0.000434965165639,-0.0011765062879845638
3,2019-10-16,HighVol,0.0049598594146509,-0.0011765062879845638
3,2019-10-17,HighVol,0.0036423483703864,-0.0011765062879845638
3,2019-10-18,HighVol,0.0121822306610432,-0.0011765062879845638
3,2019-10-21,HighVol,0.0110336364356176,-0.0011765062879845638
3,2019-10-22,HighVol,0.0140463945655693,-0.0011765062879845638
3,2019-10-23,HighVol,0.014205908028694,-0.0011765062879845638
3,2019-10-24,HighVol,0.0098542075503822,-0.0011765062879845638
3,2019-10-25,HighVol,0.0150532416587323,-0.0011765062879845638
3,2019-10-28,HighVol,0.0134194239433786,-0.0011765062879845638
3,2019-10-29,HighVol,0.0125985209553882,-0.0011765062879845638
3,2019-10-30,LowVol,0.0097322809664315,-0.0011765062879845638
3,2019-10-31,LowVol,0.0159894877134822,-0.0011765062879845638
3,2019-11-01,LowVol,0.0091460214828529,-0.0011765062879845638
3,2019-11-04,LowVol,0.003188330063967,-0.0011765062879845638
3,2019-11-05,LowVol,0.0064162685880078,-0.0011765062879845638
3,2019-11-06,LowVol,0.0065125286063187,-0.0011765062879845638
3,2019-11-07,LowVol,0.0044451392609061,-0.0011765062879845638
3,2019-11-08,LowVol,0.0092251776453831,-0.0011765062879845638
3,2019-11-11,LowVol,0.0119018717515488,-0.0011765062879845638
3,2019-11-12,LowVol,0.0094823078871224,-0.0011765062879845638
3,2019-11-13,LowVol,0.0054027130684353,-0.0011765062879845638
3,2019-11-14,LowVol,0.0023260414255141,-0.0011765062879845638
3,2019-11-15,LowVol,-0.0026619722550171,-0.0011765062879845638
3,2019-11-18,LowVol,0.0043267081984359,-0.0011765062879845638
3,2019-11-19,LowVol,0.0068924158833394,-0.0011765062879845638
3,2019-11-20,LowVol,0.0151558882704014,-0.0011765062879845638
3,2019-11-21,LowVol,0.0130206958113583,-0.0011765062879845638
3,2019-11-22,LowVol,0.0021870658651537,-0.0011765062879845638
3,2019-11-25,LowVol,-0.0121901609711931,-0.0011765062879845638
3,2019-11-26,LowVol,-0.0083417137534155,-0.0011765062879845638
3,2019-11-27,LowVol,-0.0109674182149364,-0.0011765062879845638
3,2019-11-29,LowVol,0.0017817216022799,-0.0011765062879845638
3,2019-12-02,LowVol,0.007187510728474,-0.0011765062879845638
3,2019-12-03,LowVol,0.0128576257443799,-0.0011765062879845638
3,2019-12-04,LowVol,0.0095039849287812,-0.0011765062879845638
3,2019-12-05,LowVol,0.0163771393758374,-0.0011765062879845638
3,2019-12-06,LowVol,0.0077812883431978,-0.0011765062879845638
3,2019-12-09,LowVol,0.0179049683202723,-0.0011765062879845638
3,2019-12-10,LowVol,0.0192644889293895,-0.0011765062879845638
3,2019-12-11,LowVol,0.0164428087429893,-0.0011765062879845638
3,2019-12-12,LowVol,0.0118879806473795,-0.0012950722633652244
3,2019-12-13,LowVol,0.0157153284145268,-0.0011765062879845638
3,2019-12-16,LowVol,0.0103262821688034,-0.0011765062879845638
3,2019-12-17,LowVol,0.0101367257248354,-0.0011765062879845638
3,2019-12-18,LowVol,0.015450110358683,-0.0011765062879845638
3,2019-12-19,LowVol,0.0110539337439172,-0.0011765062879845638
3,2019-12-20,LowVol,0.0010912572486037,-0.0012950722633652244
3,2019-12-23,LowVol,0.0019924095408443,-0.0011765062879845638
3,2019-12-24,LowVol,0.011331238082632,-0.0011765062879845638
3,2019-12-26,LowVol,-0.0016411309932512,-0.0011765062879845638
3,2019-12-27,LowVol,0.0024161617787263,-0.0011765062879845638
3,2019-12-30,LowVol,0.0051391885283251,-0.0011765062879845638
3,2019-12-31,LowVol,0.0080469929408857,-0.0011765062879845638
3,2020-01-02,LowVol,0.0054787814830521,-0.0011765062879845638
3,2020-01-03,LowVol,0.0102353520373974,-0.0011765062879845638
3,2020-01-06,LowVol,0.0133172726890911,-0.0011765062879845638
3,2020-01-07,LowVol,0.0146253193625074,-0.0011765062879845638
3,2020-01-08,LowVol,0.0115273222095517,-0.0011765062879845638
3,2020-01-09,LowVol,0.0130721794625545,-0.0011765062879845638
3,2020-01-10,LowVol,0.0191584066769436,-0.0011765062879845638
3,2020-01-13,LowVol,0.0102148675892468,-0.0011765062879845638
3,2020-01-14,LowVol,0.0118794576594625,-0.0011765062879845638
3,2020-01-15,LowVol,0.0107559229955238,-0.0011765062879845638
3,2020-01-16,LowVol,-0.0064970764268973,-0.0011765062879845638
3,2020-01-17,LowVol,-0.0254561162758376,-0.0011765062879845638
3,2020-01-21,LowVol,-0.013310916380366,-0.0011765062879845638
3,2020-01-22,LowVol,-0.0142454785865649,-0.0011765062879845638
3,2020-01-23,LowVol,-0.0121791051404238,-0.0011765062879845638
3,2020-01-24,LowVol,-0.0214129035674425,-0.0011765062879845638
3,2020-01-27,LowVol,0.0019168930312214,-0.0011765062879845638
3,2020-01-28,LowVol,0.006638215222011,-0.0011765062879845638
3,2020-01-29,LowVol,0.0191047265593728,-0.0011765062879845638
3,2020-01-30,LowVol,0.0192261164497407,-0.0011765062879845638
3,2020-01-31,LowVol,0.0325427146283312,-0.0012950722633652244
3,2020-02-03,LowVol,0.0325804074833748,-0.0011765062879845638
3,2020-02-04,HighVol,0.0188417801426716,-0.0011765062879845638
3,2020-02-05,HighVol,0.0136996469853745,-0.0011765062879845638
3,2020-02-06,HighVol,0.0092222604156548,-0.0011765062879845638
3,2020-02-07,HighVol,0.016255288176586,-0.0011765062879845638
3,2020-02-10,HighVol,0.0061253775717267,-0.0011765062879845638
3,2020-02-11,HighVol,0.0091865492030924,-0.0011765062879845638
3,2020-02-12,HighVol,-0.0013926974076142,-0.0011765062879845638
3,2020-02-13,HighVol,-0.0106212703130676,-0.0011765062879845638
3,2020-02-14,HighVol,-0.0449644186804357,-0.0011765062879845638
3,2020-02-18,HighVol,-0.0715111451680144,-0.0011765062879845638
3,2020-02-19,HighVol,-0.0793283000996559,-0.0011765062879845638
3,2020-02-20,HighVol,-0.1170499773058056,-0.0011765062879845638
3,2020-02-21,HighVol,-0.1116112034972979,-0.0012950722633652244
3,2020-02-24,HighVol,-0.0413436569079783,-0.0012795822543187501
3,2020-02-25,HighVol,-0.0396931350746875,-0.000546756865995236
3,2020-02-26,HighVol,0.0043658219127287,-0.000546756865995236
3,2020-02-27,HighVol,0.0166376554821685,0.0005808225870347161
3,2020-02-28,HighVol,0.0040507910089051,0.0005808225870347161
3,2020-03-02,HighVol,-0.1127827171828399,-0.003664552230799919
3,2020-03-03,HighVol,-0.0393685430568071,-0.002570001645788435
3,2020-03-04,HighVol,-0.1230581794405605,-0.002757560622329518
3,2020-03-05,HighVol,-0.1796929048843302,-0.0018459408414599585
3,2020-03-06,HighVol,-0.0946010313870959,-0.001829372206066266
3,2020-03-09,HighVol,-0.1253692519635243,-0.00038881277610114477
3,2020-03-10,HighVol,-0.1235004592719833,-0.01946870203888335
3,2020-03-11,HighVol,-0.1252369347414025,-0.03422824005640527
3,2020-03-12,HighVol,-0.0306317271680262,0.03390195701088811
3,2020-03-13,HighVol,-0.1454574453313053,-0.0379745324925515
3,2020-03-16,HighVol,-0.0649945651862877,0.04541060360472163
3,2020-03-17,HighVol,-0.0325165588436402,-0.006447545152317213
3,2020-03-18,HighVol,0.0343383837534863,0.020360240489155263
3,2020-03-19,HighVol,0.0924118338819819,0.01270481633482472
3,2020-03-20,HighVol,0.1076051593974865,0.050275723314009216
3,2020-03-23,HighVol,0.1735814998795231,0.07567156442814114
3,2020-03-24,HighVol,0.0600453946074295,-0.008344673609989417
3,2020-03-25,HighVol,-0.002593519962922,-0.005746551582480038
3,2020-03-26,HighVol,-0.0358727514701362,-0.02891352096107274
3,2020-03-27,HighVol,-0.0206378433661857,-0.03511095200137763
3,2020-03-30,HighVol,0.012268142118923,-0.033016233967990555
3,2020-03-31,HighVol,0.0286320069639138,-0.013873434787838642
3,2020-04-01,HighVol,0.113264408088078,-0.0007177221260772117
3,2020-04-02,HighVol,0.1047135113159323,-0.005186151864712605
3,2020-04-03,HighVol,0.1106814674140845,-0.003931525664087975
3,2020-04-06,HighVol,0.0714717066538268,-0.039312359180174165
3,2020-04-07,HighVol,0.0476371342182586,-0.03824103018750228
3,2020-04-08,HighVol,0.0185015509764041,-0.021543322516942562
3,2020-04-09,HighVol,0.0303379510240477,-0.01421055241685727
3,2020-04-13,HighVol,0.021511858197285,-0.00343285658871314
3,2020-04-14,HighVol,-0.0378800371369809,-0.0011765062879845638
3,2020-04-15,HighVol,0.0048241451231503,-0.002744106651949313
3,2020-04-16,HighVol,-7.155324870533608e-05,-0.0011765062879845638
3,2020-04-17,HighVol,-0.0128037932623702,-0.0011765062879845638
3,2020-04-20,HighVol,0.0193900244380287,-0.0011765062879845638
3,2020-04-21,HighVol,0.0464764988075221,-0.0007695321476544436
3,2020-04-22,HighVol,0.0505551727125483,-0.0004101696853601475
3,2020-04-23,HighVol,0.0408487967490078,-0.0004101696853601475
3,2020-04-24,HighVol,-0.0006359952366814,-0.0004101696853601475
3,2020-04-27,HighVol,-0.012123186125397,-0.0004101696853601475
3,2020-04-28,HighVol,0.0016099840679024,-0.0006875778561564553
3,2020-04-29,HighVol,-0.030558091704811,-0.0006875778561564553
3,2020-04-30,HighVol,-0.0096396685745177,-0.0011765062879845638
3,2020-05-01,HighVol,0.0341239625250213,-0.0011765062879845638
3,2020-05-04,HighVol,0.0314912616869325,-0.0011765062879845638
3,2020-05-05,HighVol,0.0016772930894641,-0.0011765062879845638
3,2020-05-06,HighVol,-0.0093227332913977,-0.0011765062879845638
3,2020-05-07,HighVol,-0.0094197215064011,-0.0011765062879845638
3,2020-05-08,HighVol,-0.0210638238300854,-0.0011765062879845638
3,2020-05-11,HighVol,0.0085466934305573,-0.0011765062879845638
3,2020-05-12,HighVol,0.0184880642764257,-0.0011765062879845638
3,2020-05-13,HighVol,0.0544389056170013,-0.0011765062879845638
3,2020-05-14,HighVol,0.0347753438062203,-0.0011765062879845638
3,2020-05-15,HighVol,0.0319964320776311,-0.0011765062879845638
3,2020-05-18,HighVol,0.0138305381387122,-0.0011765062879845638
3,2020-05-19,HighVol,0.039593325789663,-0.0011765062879845638
3,2020-05-20,HighVol,0.0203417667912333,-0.0011765062879845638
3,2020-05-21,HighVol,0.0320129976260414,-0.0011765062879845638
3,2020-05-22,HighVol,0.0342202731592304,-0.0011765062879845638
3,2020-05-26,HighVol,0.0300924284934789,-0.0011765062879845638
3,2020-05-27,HighVol,0.028497651367181,-0.0011765062879845638
3,2020-05-28,HighVol,0.027692209325677,-0.0011765062879845638
3,2020-05-29,HighVol,0.0493558955284443,-0.0011765062879845638
3,2020-06-01,HighVol,0.0577644730625812,-0.0011765062879845638
3,2020-06-02,HighVol,0.0412553995770765,-0.0011765062879845638
3,2020-06-03,HighVol,0.0218466807715944,-0.0011765062879845638
3,2020-06-04,HighVol,-0.0345258206316405,-0.0011765062879845638
3,2020-06-05,HighVol,-0.0473790451815011,-0.0011765062879845638
3,2020-06-08,HighVol,-0.049969120472586,-0.0011765062879845638
3,2020-06-09,HighVol,-0.0244082976072304,-0.0011765062879845638
3,2020-06-10,HighVol,-0.023009071347403,-0.0011765062879845638
3,2020-06-11,HighVol,0.0371577938748073,-0.0028117906789547633
3,2020-06-12,HighVol,0.0190272715655175,-0.0030239668033217237
3,2020-06-15,HighVol,0.016078739950923,-0.0024453884807023986
3,2020-06-16,HighVol,0.0014797930714545,-0.002646392245542194
3,2020-06-17,HighVol,-0.0199959182413708,-0.002646392245542194
3,2020-06-18,HighVol,-0.0098703851401692,-0.0011765062879845638
3,2020-06-19,HighVol,-0.0278319603173009,-0.0011765062879845638
3,2020-06-22,HighVol,-0.0198314832277494,-0.0011765062879845638
3,2020-06-23,HighVol,-0.0118250999832211,-0.0011765062879845638
3,2020-06-24,HighVol,0.0211450553960457,-0.0011765062879845638
3,2020-06-25,HighVol,0.0158774005351085,-0.0011765062879845638
3,2020-06-26,HighVol,0.056657252892855,-0.0010039628981901223
3,2020-06-29,HighVol,0.030612002777675,-0.0011765062879845638
3,2020-06-30,HighVol,0.0253602598453257,-0.0011765062879845638
3,2020-07-01,HighVol,0.0124307234303038,-0.0011765062879845638
3,2020-07-02,HighVol,0.017166818049729,-0.0011765062879845638
3,2020-07-06,HighVol,-0.0069704991834826,-0.0011765062879845638
3,2020-07-07,HighVol,0.016380658603756,-0.0011765062879845638
3,2020-07-08,HighVol,0.0179328389236963,-0.0011765062879845638
3,2020-07-09,HighVol,0.0203892886743848,-0.0011765062879845638
3,2020-07-10,HighVol,0.0130041862484036,-0.0011765062879845638
3,2020-07-13,HighVol,0.0301104941555288,-0.0011765062879845638
3,2020-07-14,HighVol,0.0190959085792092,-0.0011765062879845638
3,2020-07-15,HighVol,0.0155662215134768,-0.0011765062879845638
3,2020-07-16,HighVol,0.0067644430083124,-0.0011765062879845638
3,2020-07-17,HighVol,-0.0026108348151273,-0.0011765062879845638
3,2020-07-20,HighVol,-0.003391592818402,-0.0011765062879845638
3,2020-07-21,HighVol,-0.0118151393944596,-0.0011765062879845638
3,2020-07-22,HighVol,-0.0053235688441501,-0.0011765062879845638
3,2020-07-23,HighVol,0.003096511463495,-0.0011765062879845638
3,2020-07-24,HighVol,0.0175763979955885,-0.0011765062879845638
3,2020-07-27,HighVol,0.0172328237191927,-0.0011765062879845638
3,2020-07-28,HighVol,0.0276799171917845,-0.0011765062879845638
3,2020-07-29,HighVol,0.0214995698190203,-0.0011765062879845638
3,2020-07-30,HighVol,0.0320098723565831,-0.0011765062879845638
3,2020-07-31,HighVol,0.0246540349438535,-0.0011765062879845638
3,2020-08-03,HighVol,0.020621187600518,-0.0011765062879845638
3,2020-08-04,LowVol,0.0083016568173284,-0.0011765062879845638
3,2020-08-05,LowVol,0.0160490221483531,-0.0011765062879845638
3,2020-08-06,LowVol,0.0074777141479676,-0.0011765062879845638
3,2020-08-07,LowVol,0.0067849578805083,-0.0011765062879845638
3,2020-08-10,LowVol,0.0069732040269259,-0.0011765062879845638
3,2020-08-11,LowVol,0.0175478915376223,-0.0011765062879845638
3,2020-08-12,LowVol,-0.0006223263022671,-0.0011765062879845638
3,2020-08-13,LowVol,0.0043048480995446,-0.0011765062879845638
3,2020-08-14,LowVol,0.0078372525826986,-0.0011765062879845638
3,2020-08-17,LowVol,0.0148262990063301,-0.0011765062879845638
3,2020-08-18,LowVol,0.0161823486389143,-0.0011765062879845638
3,2020-08-19,LowVol,0.0306617530873321,-0.0011765062879845638
3,2020-08-20,LowVol,0.0297092213935783,-0.0011765062879845638
3,2020-08-21,LowVol,0.0326974298543134,-0.0011765062879845638
3,2020-08-24,LowVol,0.0186338963045598,-0.0011765062879845638
3,2020-08-25,LowVol,0.0246425844451756,-0.0011765062879845638
3,2020-08-26,LowVol,0.029145009115264,-0.0011765062879845638
3,2020-08-27,LowVol,-0.0084401817648197,-0.0011765062879845638
3,2020-08-28,LowVol,-0.0228481414386699,-0.0011765062879845638
3,2020-08-31,LowVol,-0.0460907866335096,-0.0011765062879845638
3,2020-09-01,LowVol,-0.0363300144226097,-0.0011765062879845638
3,2020-09-02,LowVol,-0.0665640986398449,-0.0011765062879845638
3,2020-09-03,HighVol,-0.0328033122424423,-0.0012950722633652244
3,2020-09-04,HighVol,-0.0119975994353798,-0.0012950722633652244
3,2020-09-08,HighVol,0.0208877749396425,-0.0012795822543187501
3,2020-09-09,HighVol,-0.0028546829732706,-0.0011765062879845638
3,2020-09-10,HighVol,0.0058403266890871,-0.0010039628981901223
3,2020-09-11,HighVol,-0.0062458528709467,-0.0011765062879845638
3,2020-09-14,HighVol,-0.0300810433833825,-0.0011765062879845638
3,2020-09-15,HighVol,-0.0251280425166912,-0.0011765062879845638
3,2020-09-16,HighVol,-0.0439421083296077,-0.0011765062879845638
3,2020-09-17,HighVol,-0.0328877258625998,-0.0011765062879845638
3,2020-09-18,HighVol,-0.0058069601267982,-0.0010039628981901223
3,2020-09-21,HighVol,0.0220817886946378,-0.0010039628981901223
3,2020-09-22,HighVol,0.0062668865882791,-0.0010039628981901223
3,2020-09-23,HighVol,0.0379679032237438,-0.0009590069100311673
3,2020-09-24,HighVol,0.041854552206979,-0.0010039628981901223
3,2020-09-25,HighVol,0.0155448498955734,-0.0011765062879845638
3,2020-09-28,HighVol,0.016667461723919,-0.0011765062879845638
3,2020-09-29,HighVol,0.007702348261892,-0.0011765062879845638
3,2020-09-30,HighVol,0.0175284188291535,-0.0011765062879845638
3,2020-10-01,HighVol,0.0199977397819144,-0.0011765062879845638
3,2020-10-02,HighVol,0.0389707640175138,-0.0011765062879845638
3,2020-10-05,HighVol,0.0372906412937632,-0.0011765062879845638
3,2020-10-06,HighVol,0.0453826063973727,-0.0011765062879845638
3,2020-10-07,HighVol,0.0210409338757786,-0.0011765062879845638
3,2020-10-08,HighVol,0.0108207786985858,-0.0011765062879845638
3,2020-10-09,HighVol,0.0012684822044222,-0.0011765062879845638
3,2020-10-12,HighVol,-0.0295656949417565,-0.0011765062879845638
3,2020-10-13,HighVol,-0.0192785688005002,-0.0011765062879845638
3,2020-10-14,HighVol,-0.014945628844446,-0.0011765062879845638
3,2020-10-15,HighVol,-0.0083164312918478,-0.0011765062879845638
3,2020-10-16,HighVol,-0.0043476723710581,-0.0011765062879845638
3,2020-10-19,HighVol,-0.007660886629262,-0.0011765062879845638
3,2020-10-20,HighVol,-0.0150269765242241,-0.0011765062879845638
3,2020-10-21,HighVol,-0.046888151500665,-0.0011765062879845638
3,2020-10-22,HighVol,-0.0424535349739041,-0.0011765062879845638
3,2020-10-23,HighVol,-0.0556423766390237,-0.0011765062879845638
3,2020-10-26,HighVol,-0.0270780631054157,-0.0011765062879845638
3,2020-10-27,HighVol,-0.0064752594304937,-0.0011765062879845638
3,2020-10-28,HighVol,0.0516746676415154,-0.0007996874101432668
3,2020-10-29,HighVol,0.0613971940410356,-0.0009590069100311673
3,2020-10-30,HighVol,0.0723341134921313,-0.0011765062879845638
3,2020-11-02,HighVol,0.0737737289776434,-0.0010039628981901223
3,2020-11-03,HighVol,0.0535963564370751,-0.0011765062879845638
3,2020-11-04,HighVol,0.0382197389996616,-0.0012950722633652244
3,2020-11-05,HighVol,0.0084799942099613,-0.0011765062879845638
3,2020-11-06,HighVol,0.02267519170448,-0.0011765062879845638
3,2020-11-09,HighVol,0.0225910557002391,-0.0012950722633652244
3,2020-11-10,HighVol,0.0185858183568146,-0.0011765062879845638
3,2020-11-11,HighVol,-0.0010933595826003,-0.0011765062879845638
3,2020-11-12,HighVol,0.0129383200863595,-0.0011765062879845638
3,2020-11-13,HighVol,-0.0077349428994938,-0.0011765062879845638
3,2020-11-16,HighVol,-0.0140937181551319,-0.0011765062879845638
3,2020-11-17,HighVol,0.007209620368928,-0.0011765062879845638
3,2020-11-18,HighVol,0.0179069970821712,-0.0011765062879845638
3,2020-11-19,HighVol,0.0164628969491877,-0.0011765062879845638
3,2020-11-20,HighVol,0.0189400519026159,-0.0011765062879845638
3,2020-11-23,HighVol,0.0239470156996128,-0.0011765062879845638
3,2020-11-24,HighVol,0.0098288995618101,-0.0011765062879845638
3,2020-11-25,HighVol,0.0111122315638452,-0.0011765062879845638
3,2020-11-27,HighVol,0.0169933935807979,-0.0011765062879845638
3,2020-11-30,HighVol,0.0194163862058303,-0.0011765062879845638
3,2020-12-01,HighVol,0.0113381001574113,-0.0011765062879845638
3,2020-12-02,HighVol,0.0001633258800339,-0.0011765062879845638
3,2020-12-03,HighVol,0.0001094537134558,-0.0011765062879845638
3,2020-12-04,HighVol,-0.009598445757693,-0.0011765062879845638
3,2020-12-07,HighVol,-0.012002307547919,-0.0011765062879845638
3,2020-12-08,LowVol,-0.0015668973693369,-0.0011765062879845638
3,2020-12-09,HighVol,0.0090502850898284,-0.0011765062879845638
3,2020-12-10,HighVol,0.015024568139405,-0.0011765062879845638
3,2020-12-11,LowVol,0.0121585109982469,-0.0011765062879845638
3,2020-12-14,LowVol,0.013075230774773,-0.0011765062879845638
3,2020-12-15,LowVol,-0.0021229579523582,-0.0011765062879845638
3,2020-12-16,LowVol,-0.0027913117934952,-0.0011765062879845638
3,2020-12-17,LowVol,-0.0044785044554505,-0.0011765062879845638
3,2020-12-18,LowVol,0.0080990210934208,-0.0012950722633652244
3,2020-12-21,LowVol,0.0097863996063138,-0.0011765062879845638
3,2020-12-22,LowVol,0.0129343504257992,-0.0011765062879845638
3,2020-12-23,LowVol,0.0171669832540701,-0.0011765062879845638
3,2020-12-24,LowVol,-0.0005692342387758,-0.0011765062879845638
3,2020-12-28,LowVol,-0.0022568367866162,-0.0011765062879845638
3,2020-12-29,LowVol,0.0056264207395861,-0.0011765062879845638
3,2020-12-30,LowVol,0.0191134069330674,-0.0011765062879845638
3,2020-12-31,LowVol,0.0197390171894922,-0.0011765062879845638
3,2021-01-04,LowVol,0.0268445526069798,-0.0012950722633652244
3,2021-01-05,LowVol,0.020036009090959,-0.0011765062879845638
3,2021-01-06,LowVol,0.0167046710206044,-0.0012795822543187501
3,2021-01-07,LowVol,-0.0016880413570565,-0.0011765062879845638
3,2021-01-08,LowVol,-0.0145835576432625,-0.0011765062879845638
3,2021-01-11,LowVol,-0.000105535447022,-0.0011765062879845638
3,2021-01-12,LowVol,0.0135173970878024,-0.0011765062879845638
3,2021-01-13,LowVol,0.0117171967169349,-0.0011765062879845638
3,2021-01-14,LowVol,0.0116786518409277,-0.0011765062879845638
3,2021-01-15,LowVol,0.0231301686311993,-0.0011765062879845638
3,2021-01-19,LowVol,0.0135745408441418,-0.0011765062879845638
3,2021-01-20,LowVol,-0.0246947603650659,-0.0011765062879845638
3,2021-01-21,LowVol,-0.0172028810035698,-0.0011765062879845638
3,2021-01-22,LowVol,-0.0334567959414511,-0.0011765062879845638
3,2021-01-25,LowVol,-0.0212281961184798,-0.0011765062879845638
3,2021-01-26,LowVol,-0.0058366733402578,-0.0011765062879845638
3,2021-01-27,HighVol,0.0198716323641359,-0.0012950722633652244
3,2021-01-28,HighVol,0.0226675584608977,-0.0011765062879845638
3,2021-01-29,HighVol,0.0476663244499073,-0.0012950722633652244
3,2021-02-01,HighVol,0.0379553445877023,-0.0011765062879845638
3,2021-02-02,HighVol,0.0228018882243017,-0.0011765062879845638
3,2021-02-03,HighVol,0.0215526393819429,-0.0011765062879845638
3,2021-02-04,HighVol,0.0117039479697447,-0.0011765062879845638
3,2021-02-05,HighVol,0.0127159947846162,-0.0011765062879845638
3,2021-02-08,HighVol,0.0045838037643175,-0.0011765062879845638
3,2021-02-09,HighVol,0.0054837801751503,-0.0011765062879845638
3,2021-02-10,HighVol,0.0016406107095852,-0.0011765062879845638
3,2021-02-11,HighVol,-0.0017405063291139,-0.0011765062879845638
3,2021-02-12,HighVol,-0.0142879444396313,-0.0011765062879845638
3,2021-02-16,HighVol,-0.0122356184274539,-0.0011765062879845638
3,2021-02-17,HighVol,-0.0015802778112813,-0.0011765062879845638
3,2021-02-18,HighVol,-0.0214728475399561,-0.0011765062879845638
3,2021-02-19,HighVol,-0.0247928981567643,-0.0011765062879845638
3,2021-02-22,HighVol,0.0065886817473441,-0.0011765062879845638
3,2021-02-23,HighVol,-0.0024773009497423,-0.0012950722633652244
3,2021-02-24,HighVol,-0.0264185763075753,-0.0011765062879845638
3,2021-02-25,HighVol,-0.0147255008166888,-0.0012950722633652244
3,2021-02-26,HighVol,0.0085972477677795,-0.0012950722633652244
3,2021-03-01,HighVol,-0.0201755762413591,-0.0011765062879845638
3,2021-03-02,HighVol,0.0016299574791114,-0.0011765062879845638
3,2021-03-03,HighVol,0.0213938353293106,-0.0012950722633652244
3,2021-03-04,HighVol,0.044677344828597,-0.0012795822543187501
3,2021-03-05,HighVol,0.0271876586527894,-0.0012950722633652244
3,2021-03-08,HighVol,0.0384833019182757,-0.0011765062879845638
3,2021-03-09,HighVol,0.0225737853806209,-0.0011765062879845638
3,2021-03-10,HighVol,0.0197132670915185,-0.0011765062879845638
3,2021-03-11,HighVol,-0.0052091563159465,-0.0011765062879845638
3,2021-03-12,HighVol,-0.0083854260061636,-0.0011765062879845638
3,2021-03-15,HighVol,-0.0063924861466564,-0.0011765062879845638
3,2021-03-16,HighVol,-0.0129681407408864,-0.0011765062879845638
3,2021-03-17,HighVol,-0.0213227831198791,-0.0011765062879845638
3,2021-03-18,HighVol,-0.0012865039406528,-0.0011765062879845638
3,2021-03-19,HighVol,0.0166890256877816,-0.0011765062879845638
3,2021-03-22,HighVol,0.0081254173187033,-0.0011765062879845638
3,2021-03-23,HighVol,0.0134273390041868,-0.0011765062879845638
3,2021-03-24,HighVol,0.0227342218537265,-0.0011765062879845638
3,2021-03-25,HighVol,0.0279958174271126,-0.0011765062879845638
3,2021-03-26,HighVol,0.0262132736077598,-0.0011765062879845638
3,2021-03-29,HighVol,0.0261257945228055,-0.0011765062879845638
3,2021-03-30,HighVol,0.0300458829613103,-0.0011765062879845638
3,2021-03-31,HighVol,0.030757422481775,-0.0011765062879845638
3,2021-04-01,HighVol,0.027158492725446,-0.0011765062879845638
3,2021-04-05,HighVol,0.012993416146765,-0.0011765062879845638
3,2021-04-06,LowVol,0.0165960798611628,-0.0011765062879845638
3,2021-04-07,LowVol,0.0119530816748929,-0.0011765062879845638
3,2021-04-08,LowVol,0.0179915382899955,-0.0011765062879845638
3,2021-04-09,LowVol,0.014022319065496,-0.0011765062879845638
3,2021-04-12,LowVol,0.0086727687476007,-0.0011765062879845638
3,2021-04-13,LowVol,-0.001671187940723,-0.0011765062879845638
3,2021-04-14,LowVol,0.0112286910285122,-0.0011765062879845638
3,2021-04-15,LowVol,-0.0086564731187572,-0.0011765062879845638
3,2021-04-16,LowVol,-0.001246336947017,-0.0011765062879845638
3,2021-04-19,LowVol,0.0057799176756807,-0.0011765062879845638
3,2021-04-20,LowVol,0.0129798650431662,-0.0011765062879845638
3,2021-04-21,LowVol,0.0031965986930162,-0.0011765062879845638
3,2021-04-22,LowVol,0.0188952721493842,-0.0011765062879845638
3,2021-04-23,LowVol,0.0013438718586424,-0.0011765062879845638
3,2021-04-26,LowVol,0.0014130836294645,-0.0011765062879845638
3,2021-04-27,LowVol,-0.0045504756630719,-0.0011765062879845638
3,2021-04-28,LowVol,-0.0039531926916557,-0.0011765062879845638
3,2021-04-29,LowVol,-0.0023565841368307,-0.0011765062879845638
3,2021-04-30,LowVol,0.0115504539096962,-0.0011765062879845638
3,2021-05-03,LowVol,-0.0006217285714945,-0.0011765062879845638
3,2021-05-04,LowVol,-0.0033924571917159,-0.0011765062879845638
3,2021-05-05,LowVol,-0.0248705602215072,-0.0011765062879845638
3,2021-05-06,LowVol,-0.0209751294090112,-0.0011765062879845638
3,2021-05-07,LowVol,-0.0131242558116632,-0.0011765062879845638
3,2021-05-10,LowVol,-0.0057903678953673,-0.0011765062879845638
3,2021-05-11,LowVol,-0.0054804474739175,-0.0011765062879845638
3,2021-05-12,HighVol,0.013442912468349,-0.0012950722633652244
3,2021-05-13,HighVol,0.0121868346160045,-0.0011765062879845638
3,2021-05-14,HighVol,-0.0039369112798358,-0.0011765062879845638
3,2021-05-17,HighVol,0.0087843074184359,-0.0011765062879845638
3,2021-05-18,HighVol,0.0152932100520344,-0.0011765062879845638
3,2021-05-19,HighVol,0.0199827682380642,-0.0011765062879845638
3,2021-05-20,HighVol,0.009656079522381,-0.0011765062879845638
3,2021-05-21,HighVol,0.0122911578443427,-0.0011765062879845638
3,2021-05-24,HighVol,0.0011927507762024,-0.0011765062879845638
3,2021-05-25,HighVol,0.0049974003774349,-0.0011765062879845638
3,2021-05-26,HighVol,-0.0007160401354566,-0.0011765062879845638
4,2021-05-27,HighVol,0.0078943422890622,-0.0007403101321231583
4,2021-05-28,HighVol,0.0051183144221074,-0.0007403101321231583
4,2021-06-01,HighVol,0.0062188478025031,-0.0007403101321231583
4,2021-06-02,HighVol,0.0031404310842744,-0.0007403101321231583
4,2021-06-03,HighVol,0.0115577843454868,-0.0007403101321231583
4,2021-06-04,HighVol,0.0040464065468066,-0.0007403101321231583
4,2021-06-07,HighVol,0.0072717507339099,-0.0007403101321231583
4,2021-06-08,HighVol,0.0052102456657634,-0.0007403101321231583
4,2021-06-09,HighVol,0.0010908735503447,-0.0007403101321231583
4,2021-06-10,LowVol,-0.0038716536566266,-0.0007403101321231583
4,2021-06-11,LowVol,-0.0189308116133251,-0.0007403101321231583
4,2021-06-14,LowVol,-0.0071090206204428,-0.0007403101321231583
4,2021-06-15,LowVol,3.3339183125091765e-05,-0.0007403101321231583
4,2021-06-16,LowVol,0.0044363467207828,-0.0007403101321231583
4,2021-06-17,LowVol,0.0107136019884013,-0.0007403101321231583
4,2021-06-18,LowVol,0.0281739685266766,-0.0008036078941271601
4,2021-06-21,LowVol,0.015705957732681,-0.0007403101321231583
4,2021-06-22,LowVol,0.0108480696098935,-0.0007403101321231583
4,2021-06-23,LowVol,0.0129197968157874,-0.0007403101321231583
4,2021-06-24,LowVol,0.0125381122588688,-0.0007403101321231583
4,2021-06-25,LowVol,0.0166664510837024,-0.0007403101321231583
4,2021-06-28,LowVol,0.0127729145984014,-0.0007403101321231583
4,2021-06-29,LowVol,0.0158055793046791,-0.0007403101321231583
4,2021-06-30,LowVol,0.0066813600497217,-0.0007403101321231583
4,2021-07-01,LowVol,0.0118253663613592,-0.0007403101321231583
4,2021-07-02,LowVol,0.0077466844717446,-0.0007403101321231583
4,2021-07-06,LowVol,0.0061441720757351,-0.0007403101321231583
4,2021-07-07,LowVol,0.0040970971824085,-0.0007403101321231583
4,2021-07-08,LowVol,0.0088879984742387,-0.0007403101321231583
4,2021-07-09,LowVol,-0.0095977531044982,-0.0007403101321231583
4,2021-07-12,LowVol,-0.0277064802470521,-0.0007403101321231583
4,2021-07-13,LowVol,-0.0103996358122273,-0.0007403101321231583
4,2021-07-14,LowVol,-0.0038740214742553,-0.0007403101321231583
4,2021-07-15,LowVol,0.0016331640836084,-0.0007403101321231583
4,2021-07-16,LowVol,0.0199379131700339,-0.0007403101321231583
4,2021-07-19,LowVol,0.0377673726172238,-0.0008036078941271601
4,2021-07-20,LowVol,0.0184429414657396,-0.0007403101321231583
4,2021-07-21,LowVol,0.0098493303424671,-0.0007403101321231583
4,2021-07-22,LowVol,0.0119182177485812,-0.0007403101321231583
4,2021-07-23,LowVol,-0.0032503579408996,-0.0007403101321231583
4,2021-07-26,LowVol,-0.0077775647143226,-0.0007403101321231583
4,2021-07-27,LowVol,0.004874559254355,-0.0007403101321231583
4,2021-07-28,LowVol,0.0003418256750071,-0.0007403101321231583
4,2021-07-29,LowVol,0.0025192407213867,-0.0007403101321231583
4,2021-07-30,LowVol,0.0090760107429754,-0.0007403101321231583
4,2021-08-02,LowVol,0.010375088207613,-0.0007403101321231583
4,2021-08-03,LowVol,0.0034680043568586,-0.0007403101321231583
4,2021-08-04,LowVol,0.0109344606998724,-0.0007403101321231583
4,2021-08-05,LowVol,0.0075832261957613,-0.0007403101321231583
4,2021-08-06,LowVol,0.0077518018419551,-0.0007403101321231583
4,2021-08-09,LowVol,0.0109470997877207,-0.0007403101321231583
4,2021-08-10,LowVol,0.0030722462470422,-0.0007403101321231583
4,2021-08-11,LowVol,-0.0103656057398324,-0.0007403101321231583
4,2021-08-12,LowVol,-0.0117948815758298,-0.0007403101321231583
4,2021-08-13,LowVol,-0.0057410488507577,-0.0007403101321231583
4,2021-08-16,LowVol,0.0006489201648489,-0.0007403101321231583
4,2021-08-17,LowVol,0.0088508414380623,-0.0008036078941271601
4,2021-08-18,LowVol,0.0221550912145787,-0.0008036078941271601
4,2021-08-19,LowVol,0.0145502129997432,-0.0008036078941271601
4,2021-08-20,LowVol,0.0155405663168985,-0.0007403101321231583
4,2021-08-23,LowVol,0.0111119482298516,-0.0007403101321231583
4,2021-08-24,LowVol,0.0080137625776055,-0.0007403101321231583
4,2021-08-25,LowVol,0.0064376639746994,-0.0007403101321231583
4,2021-08-26,LowVol,0.0155289862532432,-0.0007403101321231583
4,2021-08-27,LowVol,0.0062852858390922,-0.0007403101321231583
4,2021-08-30,LowVol,-0.0017026008760876,-0.0007403101321231583
4,2021-08-31,LowVol,-0.0014396070767147,-0.0007403101321231583
4,2021-09-01,LowVol,-0.0062416811612092,-0.0007403101321231583
4,2021-09-02,LowVol,-0.017100898108764,-0.0007403101321231583
4,2021-09-03,LowVol,-0.0143461896383969,-0.0007403101321231583
4,2021-09-07,LowVol,-0.0161477971932835,-0.0007403101321231583
4,2021-09-08,LowVol,-0.0067196208075869,-0.0007403101321231583
4,2021-09-09,LowVol,-0.0040313583873461,-0.0007403101321231583
4,2021-09-10,LowVol,-0.0058951602392544,-0.0007403101321231583
4,2021-09-13,LowVol,-0.0249663832238632,-0.0007403101321231583
4,2021-09-14,LowVol,-0.0206017140160286,-0.0007403101321231583
4,2021-09-15,LowVol,-0.0192401064857571,-0.0007403101321231583
4,2021-09-16,LowVol,-0.0057475641326236,-0.0007403101321231583
4,2021-09-17,LowVol,0.0056864167220189,-0.0008036078941271601
4,2021-09-20,LowVol,0.0198137495840984,-0.0008036078941271601
4,2021-09-21,LowVol,0.0002074624638555,-0.0007403101321231583
4,2021-09-22,LowVol,-0.0077876423527146,-0.0007403101321231583
4,2021-09-23,LowVol,-0.0316803984869318,-0.0007403101321231583
4,2021-09-24,LowVol,-0.0217836216897859,-0.0007403101321231583
4,2021-09-27,LowVol,-0.0316283145092841,-0.0007403101321231583
4,2021-09-28,HighVol,-0.0014296481914286,-0.0008036078941271601
4,2021-09-29,HighVol,0.0010355791834126,-0.0007403101321231583
4,2021-09-30,HighVol,0.0221841804920404,-0.0008036078941271601
4,2021-10-01,HighVol,0.008336311479735,-0.0007403101321231583
4,2021-10-04,HighVol,0.0141143485474135,-0.0007403101321231583
4,2021-10-05,HighVol,0.0012008322182854,-0.0007403101321231583
4,2021-10-06,HighVol,0.0006439199668251,-0.0007403101321231583
4,2021-10-07,HighVol,0.0087538925253791,-0.0007403101321231583
4,2021-10-08,HighVol,0.0182934443937983,-0.0007403101321231583
4,2021-10-11,HighVol,0.0287561855801714,-0.0007403101321231583
4,2021-10-12,HighVol,0.0392507939901147,-0.0007403101321231583
4,2021-10-13,HighVol,0.0395927964768443,-0.0007403101321231583
4,2021-10-14,HighVol,0.0250622765192936,-0.0007403101321231583
4,2021-10-15,HighVol,0.0162605151299541,-0.0007403101321231583
4,2021-10-18,HighVol,0.0186944089486749,-0.0007403101321231583
4,2021-10-19,HighVol,0.0118053468035044,-0.0007403101321231583
4,2021-10-20,HighVol,0.0033818975101167,-0.0007403101321231583
4,2021-10-21,HighVol,0.0104276326057171,-0.0007403101321231583
4,2021-10-22,HighVol,0.0135283736479654,-0.0007403101321231583
4,2021-10-25,HighVol,0.0098562047663675,-0.0007403101321231583
4,2021-10-26,LowVol,0.0130276650859875,-0.0007403101321231583
4,2021-10-27,LowVol,0.0237476479535196,-0.0007403101321231583
4,2021-10-28,LowVol,0.0187425797853717,-0.0007403101321231583
4,2021-10-29,LowVol,0.02020674496977,-0.0007403101321231583
4,2021-11-01,LowVol,0.0193246760082839,-0.0007403101321231583
4,2021-11-02,LowVol,0.0118638947744704,-0.0007403101321231583
4,2021-11-03,LowVol,-0.0023671211784926,-0.0007403101321231583
4,2021-11-04,LowVol,-0.0067251574704596,-0.0007403101321231583
4,2021-11-05,LowVol,-0.0026893068704555,-0.0007403101321231583
4,2021-11-08,LowVol,-0.00319889990271,-0.0007403101321231583
4,2021-11-09,LowVol,0.004065508588648,-0.0007403101321231583
4,2021-11-10,LowVol,0.0097494402148787,-0.0007403101321231583
4,2021-11-11,LowVol,0.0128513653742312,-0.0007403101321231583
4,2021-11-12,LowVol,0.0034672230160583,-0.0007403101321231583
4,2021-11-15,LowVol,0.0002994840671481,-0.0007403101321231583
4,2021-11-16,LowVol,-0.0023228269645455,-0.0007403101321231583
4,2021-11-17,LowVol,0.0027768548246531,-0.0007403101321231583
4,2021-11-18,LowVol,-0.0229069614036332,-0.0007403101321231583
4,2021-11-19,LowVol,-0.0091492405747155,-0.0007403101321231583
4,2021-11-22,LowVol,-0.0256860350226714,-0.0007403101321231583
4,2021-11-23,LowVol,-0.0377839923985986,-0.0007403101321231583
4,2021-11-24,LowVol,-0.0256474345112177,-0.0007403101321231583
4,2021-11-26,LowVol,-0.0120923128549017,-0.0008036078941271601
4,2021-11-29,LowVol,-0.0125053793790669,-0.0007403101321231583
4,2021-11-30,HighVol,0.0279217148022861,-0.0008036078941271601
4,2021-12-01,HighVol,0.0422198097795538,-0.0007403101321231583
4,2021-12-02,HighVol,0.0195669983561752,-0.0008036078941271601
4,2021-12-03,HighVol,0.0381985567499172,-0.0008036078941271601
4,2021-12-06,HighVol,0.016957543003609,-0.0007403101321231583
4,2021-12-07,HighVol,-0.0105066349353744,-0.0007403101321231583
4,2021-12-08,HighVol,0.0023002199496076,-0.0007403101321231583
4,2021-12-09,HighVol,0.0002144026367056,-0.0007403101321231583
4,2021-12-10,HighVol,-0.0196590486383931,-0.0007403101321231583
4,2021-12-13,HighVol,-0.0214149453831065,-0.0007403101321231583
4,2021-12-14,HighVol,0.0028635919573574,-0.0007403101321231583
4,2021-12-15,HighVol,-0.0026921397610955,-0.0007403101321231583
4,2021-12-16,HighVol,0.0124414793011136,-0.0007403101321231583
4,2021-12-17,HighVol,0.0378150229251843,-0.0007403101321231583
4,2021-12-20,HighVol,0.0481119849215423,-0.0007403101321231583
4,2021-12-21,HighVol,0.0311407449266771,-0.0007403101321231583
4,2021-12-22,HighVol,0.0181103333089684,-0.0007403101321231583
4,2021-12-23,HighVol,0.0092648596552507,-0.0007403101321231583
4,2021-12-27,HighVol,0.0009427179894336,-0.0007403101321231583
4,2021-12-28,HighVol,0.0014259798068037,-0.0007403101321231583
4,2021-12-29,HighVol,-0.0190583521638356,-0.0007403101321231583
4,2021-12-30,HighVol,-0.0172630141498707,-0.0007403101321231583
4,2021-12-31,HighVol,-0.0186754493397802,-0.0007403101321231583
4,2022-01-03,HighVol,-0.0255383154507595,-0.0007403101321231583
4,2022-01-04,HighVol,-0.0163335119325876,-0.0007403101321231583
4,2022-01-05,HighVol,0.0056364084453059,-0.0007403101321231583
4,2022-01-06,HighVol,-0.007287310993472,-0.0007403101321231583
4,2022-01-07,HighVol,-0.0029391457584431,-0.0007403101321231583
4,2022-01-10,HighVol,-0.0193768065948641,-0.0007403101321231583
4,2022-01-11,HighVol,-0.038318145660668,-0.0007403101321231583
4,2022-01-12,HighVol,-0.051526571823997,-0.0007403101321231583
4,2022-01-13,HighVol,-0.0571547126928253,-0.0007403101321231583
4,2022-01-14,HighVol,-0.0535377451491857,-0.0007403101321231583
4,2022-01-18,HighVol,-0.0482374703497775,-0.0007403101321231583
4,2022-01-19,HighVol,-0.0406641206883331,-0.0006223326111249902
4,2022-01-20,HighVol,-0.0347173399102612,-0.0005841171298266238
4,2022-01-21,HighVol,0.0090645508790738,-0.0004430160483709754
4,2022-01-24,HighVol,0.022894793233795,-0.0006223326111249902
4,2022-01-25,HighVol,0.0425345762891027,-0.0002607900498751286
4,2022-01-26,HighVol,0.0553093637944714,-0.0002607900498751286
4,2022-01-27,HighVol,0.0356182848265433,-8.036564585710194e-05
4,2022-01-28,HighVol,0.0152733491220125,-0.0006223326111249902
4,2022-01-31,HighVol,-0.0058901462422402,-0.0007403101321231583
4,2022-02-01,HighVol,-0.0044377622021095,-0.0007403101321231583
4,2022-02-02,HighVol,0.0004156433962627,-0.0007403101321231583
4,2022-02-03,HighVol,0.0060903052371426,-0.0007403101321231583
4,2022-02-04,HighVol,-0.0183643784302783,-0.0007403101321231583
4,2022-02-07,HighVol,-0.0184232182078292,-0.0007403101321231583
4,2022-02-08,HighVol,-0.0107331323416858,-0.0007403101321231583
4,2022-02-09,HighVol,-0.0239104420669302,-0.0007403101321231583
4,2022-02-10,HighVol,-0.0272856219930774,-0.0007403101321231583
4,2022-02-11,HighVol,-0.0141442612588635,-0.0007403101321231583
4,2022-02-14,HighVol,-0.0215252335625587,-0.0007403101321231583
4,2022-02-15,HighVol,-0.0541358002700272,-0.0007403101321231583
4,2022-02-16,HighVol,-0.0409762411935461,-0.0007403101321231583
4,2022-02-17,HighVol,0.0015787969975027,-0.0006223326111249902
4,2022-02-18,HighVol,0.0055270333304826,-0.0006223326111249902
4,2022-02-22,HighVol,0.0009546591276483,-0.0005841171298266238
4,2022-02-23,HighVol,0.0377770161166655,-0.0005149838668552613
4,2022-02-24,HighVol,0.0173009253891771,-0.0007403101321231583
4,2022-02-25,HighVol,-0.0127472405342777,-0.0007403101321231583
4,2022-02-28,HighVol,-0.0393925446910873,-0.0007403101321231583
4,2022-03-01,HighVol,-0.0319317965640008,-0.0006223326111249902
4,2022-03-02,HighVol,-0.0239330451580026,-0.0007403101321231583
4,2022-03-03,HighVol,-0.0234790857825483,-0.0007403101321231583
4,2022-03-04,HighVol,-0.0279979727841849,-0.0006223326111249902
4,2022-03-07,HighVol,-0.0057934336239692,-0.0005841171298266238
4,2022-03-08,HighVol,0.0238315322222029,-0.0005841171298266238
4,2022-03-09,HighVol,0.0192087233196684,-0.0006223326111249902
4,2022-03-10,HighVol,0.0366411671410888,-0.0006223326111249902
4,2022-03-11,HighVol,0.0614917135816652,-0.0006223326111249902
4,2022-03-14,HighVol,0.0689939038475808,-0.0005841171298266238
4,2022-03-15,HighVol,0.0582321329267585,-0.0006223326111249902
4,2022-03-16,HighVol,0.0219429605280301,-0.0007403101321231583
4,2022-03-17,HighVol,0.0245299537733707,-0.0007403101321231583
4,2022-03-18,HighVol,0.0183796488108261,-0.0007403101321231583
4,2022-03-21,HighVol,0.0259231400666501,-0.0007403101321231583
4,2022-03-22,HighVol,0.0266021059287346,-0.0007403101321231583
4,2022-03-23,HighVol,0.0335737157712205,-0.0007403101321231583
4,2022-03-24,HighVol,0.0025529200319278,-0.0007403101321231583
4,2022-03-25,HighVol,0.0005079025958387,-0.0007403101321231583
4,2022-03-28,HighVol,0.0019522276898749,-0.0007403101321231583
4,2022-03-29,HighVol,-0.0227927842033096,-0.0007403101321231583
4,2022-03-30,HighVol,-0.0265533822358463,-0.0007403101321231583
4,2022-03-31,HighVol,-0.0063547724903391,-0.0007403101321231583
4,2022-04-01,HighVol,-0.0118119676949179,-0.0007403101321231583
4,2022-04-04,HighVol,-0.0369527405803113,-0.0007403101321231583
4,2022-04-05,HighVol,-0.0282463530985185,-0.0007403101321231583
4,2022-04-06,HighVol,-0.0071889783336435,-0.0007403101321231583
4,2022-04-07,HighVol,-0.0244667720548836,-0.0007403101321231583
4,2022-04-08,HighVol,-0.0214492217985551,-0.0007403101321231583
4,2022-04-11,HighVol,0.0116384471378938,-0.0007403101321231583
4,2022-04-12,HighVol,0.0146475670098542,-0.0007403101321231583
4,2022-04-13,HighVol,-0.01184257944449,-0.0007403101321231583
4,2022-04-14,HighVol,-0.0268392854861238,-0.0007403101321231583
4,2022-04-18,HighVol,-0.0215998586685028,-0.0007403101321231583
4,2022-04-19,HighVol,-0.065027927327267,-0.0007403101321231583
4,2022-04-20,HighVol,-0.06170303571857,-0.0007403101321231583
4,2022-04-21,HighVol,-0.023398681541118,-0.0007403101321231583
4,2022-04-22,HighVol,-0.0329548309147581,-0.0006223326111249902
4,2022-04-25,HighVol,-0.0327412632379726,-0.0006223326111249902
4,2022-04-26,HighVol,0.0006729315610729,-8.036564585710194e-05
4,2022-04-27,HighVol,0.0282551630917398,-8.036564585710194e-05
4,2022-04-28,HighVol,-0.0327248462369071,-0.0007403101321231583
4,2022-04-29,HighVol,-0.001601913506559,-8.036564585710194e-05
4,2022-05-02,HighVol,-0.0393503749094212,-0.0002607900498751286
4,2022-05-03,HighVol,-0.0415245705277912,-8.036564585710194e-05
4,2022-05-04,HighVol,-0.0846270640333771,-0.0007403101321231583
4,2022-05-05,HighVol,-0.0518836143185614,-0.0020423513142740204
4,2022-05-06,HighVol,-0.0233868520212745,-8.036564585710194e-05
4,2022-05-09,HighVol,0.0048219453244344,-0.0008036078941271601
4,2022-05-10,HighVol,0.0231277155611411,-0.0008036078941271601
4,2022-05-11,HighVol,-0.0022656809556347,-0.00033128131254489345
4,2022-05-12,HighVol,-0.0073406436770317,-8.036564585710194e-05
4,2022-05-13,HighVol,-0.0300955585112269,-0.00033128131254489345
4,2022-05-16,HighVol,-0.0079232016519916,-0.00033128131254489345
4,2022-05-17,HighVol,-0.0353398137284961,-0.0004430160483709754
4,2022-05-18,HighVol,0.0140608689603649,-8.036564585710194e-05
4,2022-05-19,HighVol,0.0406973795010754,-8.036564585710194e-05
4,2022-05-20,HighVol,0.065780262377838,-0.00033128131254489345
4,2022-05-23,HighVol,0.0403353863852105,-0.0007403101321231583
4,2022-05-24,HighVol,0.0398586917378616,-0.0007403101321231583
4,2022-05-25,HighVol,0.0503811782595435,-0.0007403101321231583
4,2022-05-26,HighVol,0.0129038228275146,-0.0007403101321231583
4,2022-05-27,HighVol,-0.0083562464382589,-0.0007697174972421635
4,2022-05-31,HighVol,0.0068050147588021,-0.0007697174972421635
4,2022-06-01,HighVol,0.0039794829790287,-0.0007697174972421635
4,2022-06-02,HighVol,-0.0382134520188377,-0.0007697174972421635
4,2022-06-03,HighVol,-0.0505189803442657,-0.0007403101321231583
4,2022-06-06,HighVol,-0.0893417726627693,-0.0007403101321231583
4,2022-06-07,HighVol,-0.100712011964601,-0.0007403101321231583
4,2022-06-08,HighVol,-0.0778657282902361,-0.0007403101321231583
4,2022-06-09,HighVol,-0.0866632527002578,-0.0006223326111249902
4,2022-06-10,HighVol,-0.0573616683411216,-0.0004430160483709754
4,2022-06-13,HighVol,0.0045074418876953,-0.0020423513142740204
4,2022-06-14,HighVol,0.0057168643867127,-0.0011536229695654368
4,2022-06-15,HighVol,0.0013003258062234,-0.0007697174972421635
4,2022-06-16,HighVol,0.0684986459940153,-0.0009802564842360873
4,2022-06-17,HighVol,0.0621274957143664,-0.0006223326111249902
4,2022-06-21,HighVol,0.0148769876039982,-0.0006223326111249902
4,2022-06-22,HighVol,0.0158923065836815,-0.0009802564842360873
4,2022-06-23,HighVol,-0.0021425384141128,-0.0006223326111249902
4,2022-06-24,HighVol,-0.022661860083125,-0.0007403101321231583
4,2022-06-27,HighVol,-0.0170617513145644,-0.0007403101321231583
4,2022-06-28,HighVol,0.00683044857677,-0.0006223326111249902
4,2022-06-29,HighVol,0.0227427879652601,-0.0006223326111249902
4,2022-06-30,HighVol,0.0302716693747695,-0.0006223326111249902
4,2022-07-01,HighVol,0.0078428584167888,-0.00033128131254489345
4,2022-07-05,HighVol,-0.0029583913579471,-0.0006223326111249902
4,2022-07-06,HighVol,-0.0115329871051507,-0.0006223326111249902
4,2022-07-07,HighVol,-0.0284839827255437,-0.0007403101321231583
4,2022-07-08,HighVol,-0.0091078662903999,-0.0007403101321231583
4,2022-07-11,HighVol,-0.0059339423681979,-0.0007403101321231583
4,2022-07-12,HighVol,0.030039684274036,-0.0006223326111249902
4,2022-07-13,HighVol,0.0420771792562857,-0.0006223326111249902
4,2022-07-14,HighVol,0.055251388176603,-0.0006223326111249902
4,2022-07-15,HighVol,0.0258614182351202,-0.0007403101321231583
4,2022-07-18,HighVol,0.0356591545283133,-0.0007403101321231583
4,2022-07-19,HighVol,-0.003518005144585,-0.0007403101321231583
4,2022-07-20,HighVol,0.0158825742828443,-0.0007403101321231583
4,2022-07-21,HighVol,0.0182551297394102,-0.0007403101321231583
4,2022-07-22,HighVol,0.0427748991061562,-0.0007403101321231583
4,2022-07-25,HighVol,0.0384253493966413,-0.0007403101321231583
4,2022-07-26,HighVol,0.0439255231416426,-0.0007403101321231583
4,2022-07-27,HighVol,0.0334380894336876,-0.0007403101321231583
4,2022-07-28,HighVol,0.0199472612226485,-0.0007403101321231583
4,2022-07-29,HighVol,0.0035924064348553,-0.0007403101321231583
4,2022-08-01,HighVol,0.0054046140252232,-0.0007403101321231583
4,2022-08-02,HighVol,0.0080625341865983,-0.0007403101321231583
4,2022-08-03,HighVol,0.0133670141375172,-0.0007403101321231583
4,2022-08-04,HighVol,0.014052243863774,-0.0007403101321231583
4,2022-08-05,HighVol,0.0329649734309795,-0.0007403101321231583
4,2022-08-08,HighVol,0.0384269448153329,-0.0007403101321231583
4,2022-08-09,HighVol,0.0446092095124759,-0.0007403101321231583
4,2022-08-10,HighVol,0.015857516987678,-0.0007403101321231583
4,2022-08-11,HighVol,0.018810032743129,-0.0007403101321231583
4,2022-08-12,HighVol,-0.0116132317800253,-0.0007403101321231583
4,2022-08-15,HighVol,-0.0361656058978759,-0.0007403101321231583
4,2022-08-16,HighVol,-0.0403769600149606,-0.0007403101321231583
4,2022-08-17,HighVol,-0.0304229724017331,-0.0007403101321231583
4,2022-08-18,HighVol,-0.019584495252418,-0.0007403101321231583
4,2022-08-19,HighVol,-0.039868312636685,-0.0007403101321231583
4,2022-08-22,HighVol,-0.0259344071614224,-0.0007403101321231583
4,2022-08-23,HighVol,-0.0342914530303571,-0.0007403101321231583
4,2022-08-24,HighVol,-0.0446975674241575,-0.0007403101321231583
4,2022-08-25,HighVol,-0.0550403911538522,-0.0007403101321231583
4,2022-08-26,HighVol,-0.0322469415792711,-0.0008036078941271601
4,2022-08-29,HighVol,-0.0294810782345064,-0.0006223326111249902
4,2022-08-30,HighVol,-0.001079718385514,-0.0006223326111249902
4,2022-08-31,HighVol,0.0131586933315932,-0.0006223326111249902
4,2022-09-01,HighVol,0.0256798140037721,-0.0005841171298266238
4,2022-09-02,HighVol,0.0477515098045058,-0.0006223326111249902
4,2022-09-06,HighVol,0.0059881882364998,-0.0006223326111249902
4,2022-09-07,HighVol,-0.0079942626876161,-0.0006223326111249902
4,2022-09-08,HighVol,-0.0256256406611188,-0.0007403101321231583
4,2022-09-09,HighVol,-0.0478509447627405,-0.0007403101321231583
4,2022-09-12,HighVol,-0.0506702812535815,-0.0007403101321231583
4,2022-09-13,HighVol,-0.0189065852333979,-0.00033128131254489345
4,2022-09-14,HighVol,-0.0396851161519077,-0.00033128131254489345
4,2022-09-15,HighVol,-0.0368162821899435,-0.0002607900498751286
4,2022-09-16,HighVol,-0.0456736982126587,-0.0002607900498751286
4,2022-09-19,HighVol,-0.0623856551116801,-0.0005841171298266238
4,2022-09-20,HighVol,-0.0539196949026364,-0.0006223326111249902
4,2022-09-21,HighVol,-0.0181775965060898,-0.0002607900498751286
4,2022-09-22,HighVol,-0.0305434049313398,-8.036564585710194e-05
4,2022-09-23,HighVol,-0.0292703929304978,-0.00033128131254489345
4,2022-09-26,HighVol,0.006313151426305,-0.0005841171298266238
4,2022-09-27,HighVol,0.0401508312021814,-8.036564585710194e-05
4,2022-09-28,HighVol,0.017704375862342,-0.0005841171298266238
4,2022-09-29,HighVol,0.0286942231441003,-0.0005149838668552613
4,2022-09-30,HighVol,0.0157066027820955,-8.036564585710194e-05
4,2022-10-03,HighVol,-0.017975540754739,-0.0005841171298266238
4,2022-10-04,HighVol,-0.0535230400579819,-0.0006223326111249902
4,2022-10-05,HighVol,-0.0544432838352648,-0.0006223326111249902
4,2022-10-06,HighVol,-0.0193731098163516,-0.0006223326111249902
4,2022-10-07,HighVol,-0.0142234269091693,-8.036564585710194e-05
4,2022-10-10,HighVol,0.018887992769935,-8.036564585710194e-05
4,2022-10-11,HighVol,0.0374296160762819,-8.036564585710194e-05
4,2022-10-12,HighVol,0.0334866682600838,-8.036564585710194e-05
4,2022-10-13,HighVol,-0.0015303685465283,-0.0006223326111249902
4,2022-10-14,HighVol,0.046584555347501,-0.0006223326111249902
4,2022-10-17,HighVol,0.0328498425147638,-0.0006223326111249902
4,2022-10-18,HighVol,0.0371570095941504,-0.0006223326111249902
4,2022-10-19,HighVol,0.0366892421408195,-0.0006223326111249902
4,2022-10-20,HighVol,0.0398732939912129,-0.0006223326111249902
4,2022-10-21,HighVol,0.0393543249564662,-0.0007403101321231583
4,2022-10-24,HighVol,0.0193732840850258,-0.0007403101321231583
4,2022-10-25,HighVol,-0.0010393762676196,-0.0007403101321231583
4,2022-10-26,HighVol,-0.0187161776428796,-0.0007403101321231583
4,2022-10-27,HighVol,-0.0236067173940063,-0.0007403101321231583
4,2022-10-28,HighVol,-0.032568959020363,-0.0007403101321231583
4,2022-10-31,HighVol,-0.0162086978814008,-0.0007403101321231583
4,2022-11-01,HighVol,-0.0065536827557935,-0.0007403101321231583
4,2022-11-02,HighVol,-0.0019740286932083,-0.0007403101321231583
4,2022-11-03,HighVol,0.0638260509608361,-0.0007403101321231583
4,2022-11-04,HighVol,0.058881491063542,-0.0007403101321231583
4,2022-11-07,HighVol,0.0399263611466609,-0.0007403101321231583
4,2022-11-08,HighVol,0.0431675575082577,-0.0007403101321231583
4,2022-11-09,HighVol,0.0569856435301616,-0.0007403101321231583
4,2022-11-10,HighVol,-0.0011403742357634,-0.0022946841521271724
4,2022-11-11,HighVol,-0.0062232815254867,-0.0017102111310123664
4,2022-11-14,HighVol,-0.001341512458733,-0.0017102111310123664
4,2022-11-15,HighVol,0.0035383970836726,-0.0017102111310123664
4,2022-11-16,HighVol,0.0176252911029031,-0.0007403101321231583
4,2022-11-17,HighVol,0.0205204052454319,-0.0007403101321231583
4,2022-11-18,HighVol,-0.0003027902690008,-0.0007403101321231583
4,2022-11-21,HighVol,0.001622101863089,-0.0007403101321231583
4,2022-11-22,HighVol,0.0194548223986783,-0.0007403101321231583
4,2022-11-23,HighVol,0.012325630571133,-0.0007403101321231583
4,2022-11-25,HighVol,0.0113839560723649,-0.0007403101321231583
4,2022-11-28,HighVol,0.0092949134292037,-0.0007403101321231583
4,2022-11-29,HighVol,-0.0035424340473446,-0.0007403101321231583
4,2022-11-30,HighVol,-0.0356160563284576,-0.0008036078941271601
4,2022-12-01,HighVol,-0.0273456604245215,-0.0007403101321231583
4,2022-12-02,HighVol,-0.0334964841172842,-0.0007403101321231583
4,2022-12-05,HighVol,-0.0016014837093826,-0.0007403101321231583
4,2022-12-06,HighVol,0.0206689349197211,-0.0007403101321231583
4,2022-12-07,HighVol,0.0158713641426837,-0.0007403101321231583
4,2022-12-08,HighVol,-0.0166816983583709,-0.0007403101321231583
4,2022-12-09,HighVol,-0.0209776361760523,-0.0007403101321231583
4,2022-12-12,HighVol,-0.0430756307694236,-0.0007403101321231583
4,2022-12-13,HighVol,-0.0489652747600551,-0.0008036078941271601
4,2022-12-14,HighVol,-0.0285339232290045,-0.0007403101321231583
4,2022-12-15,HighVol,-0.0183809878987927,-0.0007403101321231583
4,2022-12-16,HighVol,-0.0009391522131907,-0.0006223326111249902
4,2022-12-19,HighVol,0.003631599391108,-0.0006223326111249902
4,2022-12-20,HighVol,-0.0101960317928926,-0.0006223326111249902
4,2022-12-21,HighVol,-0.0072237636355583,-0.0007403101321231583
4,2022-12-22,HighVol,0.0044916478236256,-0.0006223326111249902
4,2022-12-23,HighVol,-0.0054581712325769,-0.0007403101321231583
4,2022-12-27,HighVol,0.0061875549994663,-0.0007403101321231583
4,2022-12-28,HighVol,0.0072213095869464,-0.0006223326111249902
4,2022-12-29,HighVol,0.0121011850311676,-0.0007403101321231583
4,2022-12-30,HighVol,0.0141988403479207,-0.0007403101321231583
4,2023-01-03,HighVol,0.0256289400023013,-0.0007403101321231583
4,2023-01-04,HighVol,0.0306442300927023,-0.0007403101321231583
4,2023-01-05,HighVol,0.0463387102120318,-0.0007403101321231583
4,2023-01-06,HighVol,0.0268500603729753,-0.0007403101321231583
4,2023-01-09,HighVol,0.0255504145106328,-0.0007403101321231583
4,2023-01-10,HighVol,0.0023298411864147,-0.0007403101321231583
4,2023-01-11,HighVol,-0.0173949201316987,-0.0007403101321231583
4,2023-01-12,HighVol,-0.0027204513524349,-0.0007403101321231583
4,2023-01-13,HighVol,0.0053450713785434,-0.0007403101321231583
4,2023-01-17,HighVol,0.0061090305122553,-0.0007403101321231583
4,2023-01-18,HighVol,0.0226315185334464,-0.0007403101321231583
4,2023-01-19,HighVol,0.041452303485624,-0.0007403101321231583
4,2023-01-20,HighVol,0.0247549018422248,-0.0007403101321231583
4,2023-01-23,HighVol,-9.981969519856636e-05,-0.0007403101321231583
4,2023-01-24,HighVol,0.0156921172244204,-0.0007403101321231583
4,2023-01-25,HighVol,0.0261018538153328,-0.0007403101321231583
4,2023-01-26,HighVol,0.0297220677128862,-0.0007403101321231583
4,2023-01-27,HighVol,0.016441451133798,-0.0007403101321231583
4,2023-01-30,HighVol,0.0230659098840126,-0.0007403101321231583
4,2023-01-31,HighVol,0.0214278064386042,-0.0007403101321231583
4,2023-02-01,HighVol,-0.0003646879509555,-0.0007403101321231583
4,2023-02-02,HighVol,-0.023249801721449,-0.0007403101321231583
4,2023-02-03,HighVol,-0.0104522143684993,-0.0007403101321231583
4,2023-02-06,HighVol,0.0073199760546174,-0.0007403101321231583
4,2023-02-07,HighVol,-0.0061416740674085,-0.0007403101321231583
4,2023-02-08,HighVol,0.0081090676437507,-0.0007403101321231583
4,2023-02-09,HighVol,0.0029232370769887,-0.0007403101321231583
4,2023-02-10,HighVol,-0.0019116443309068,-0.0007403101321231583
4,2023-02-13,HighVol,-0.0332821693646421,-0.0007403101321231583
4,2023-02-14,HighVol,-0.0341703318950864,-0.0007403101321231583
4,2023-02-15,HighVol,-0.0321756667992709,-0.0007403101321231583
4,2023-02-16,HighVol,-0.0291463849727383,-0.0007403101321231583
4,2023-02-17,HighVol,-0.0234002710737506,-0.0007403101321231583
4,2023-02-21,HighVol,-0.0070912735158543,-0.0007403101321231583
4,2023-02-22,HighVol,-0.0095348425809608,-0.0007403101321231583
4,2023-02-23,HighVol,-0.007113274213905,-0.0007403101321231583
4,2023-02-24,HighVol,0.0197031693934863,-0.0007403101321231583
4,2023-02-27,HighVol,0.0169463901954851,-0.0007403101321231583
4,2023-02-28,HighVol,0.0050723635561427,-0.0007403101321231583
4,2023-03-01,HighVol,0.0105894315417924,-0.0007403101321231583
4,2023-03-02,HighVol,-0.0157110622158127,-0.0007403101321231583
4,2023-03-03,HighVol,-0.0452263104029578,-0.0007403101321231583
4,2023-03-06,HighVol,-0.0472470855446375,-0.0007403101321231583
4,2023-03-07,HighVol,-0.0164209570749745,-0.0007403101321231583
4,2023-03-08,HighVol,-0.0241655030455497,-0.0007403101321231583
4,2023-03-09,HighVol,0.0116203777364505,-0.0007403101321231583
4,2023-03-10,HighVol,0.0144294017337744,-0.0007403101321231583
4,2023-03-13,HighVol,0.0256453620785028,-0.0007403101321231583
4,2023-03-14,HighVol,0.0222154127629508,-0.0007403101321231583
4,2023-03-15,HighVol,0.0111141983884412,-0.0008036078941271601
4,2023-03-16,HighVol,-0.0036340308107027,-0.0007403101321231583
4,2023-03-17,HighVol,0.014769407368969,-0.0007403101321231583
4,2023-03-20,HighVol,0.0069843452409503,-0.0007403101321231583
4,2023-03-21,HighVol,-0.0082974911694094,-0.0007403101321231583
4,2023-03-22,HighVol,0.0235647538538394,-0.0007403101321231583
4,2023-03-23,HighVol,0.0267824203798994,-0.0007403101321231583
4,2023-03-24,HighVol,0.0344663054835059,-0.0007403101321231583
4,2023-03-27,HighVol,0.0364701626604777,-0.0007403101321231583
4,2023-03-28,HighVol,0.0330382414431884,-0.0007403101321231583
4,2023-03-29,HighVol,0.01557253577445,-0.0007403101321231583
4,2023-03-30,HighVol,0.0135990906269218,-0.0007403101321231583
4,2023-03-31,HighVol,0.0005371985325635,-0.0007403101321231583
4,2023-04-03,HighVol,-0.0029932396790561,-0.0007403101321231583
4,2023-04-04,HighVol,-0.0015170290970211,-0.0007403101321231583
4,2023-04-05,HighVol,0.0144011276342146,-0.0007403101321231583
4,2023-04-06,HighVol,0.0079914416483652,-0.0007403101321231583
4,2023-04-10,HighVol,0.0105711599555879,-0.0007403101321231583
4,2023-04-11,HighVol,0.0109585752090688,-0.0007403101321231583
4,2023-04-12,HighVol,0.0149246765191566,-0.0007403101321231583
4,2023-04-13,HighVol,-0.0038453201033282,-0.0007403101321231583
4,2023-04-14,HighVol,-0.0006304819320944,-0.0007403101321231583
4,2023-04-17,LowVol,-0.0031648729519038,-0.0007403101321231583
4,2023-04-18,LowVol,-0.0196277073656003,-0.0007403101321231583
4,2023-04-19,LowVol,-0.0236152211189552,-0.0007403101321231583
4,2023-04-20,LowVol,0.001286746954098,-0.0007403101321231583
4,2023-04-21,LowVol,0.0090490624467534,-0.0007403101321231583
4,2023-04-24,LowVol,0.0069799105560504,-0.0007403101321231583
4,2023-04-25,LowVol,0.011721935691584,-0.0007403101321231583
4,2023-04-26,LowVol,0.0090512897771448,-0.0007403101321231583
4,2023-04-27,LowVol,-0.0176523212244629,-0.0007403101321231583
4,2023-04-28,LowVol,-0.0079341812981792,-0.0007403101321231583
4,2023-05-01,LowVol,-0.0066665416846328,-0.0007403101321231583
4,2023-05-02,LowVol,0.000219089429968,-0.0007403101321231583
4,2023-05-03,LowVol,0.0118376347671376,-0.0007403101321231583
4,2023-05-04,LowVol,0.0172783502339062,-0.0007403101321231583
4,2023-05-05,HighVol,-0.0025201957780729,-0.0007403101321231583
4,2023-05-08,HighVol,0.0006540885386756,-0.0007403101321231583
4,2023-05-09,HighVol,-0.0016549195926029,-0.0007403101321231583
4,2023-05-10,HighVol,0.0057648583764455,-0.0007403101321231583
4,2023-05-11,HighVol,0.0172277388891652,-0.0007403101321231583
4,2023-05-12,HighVol,0.0170800060840834,-0.0007403101321231583
4,2023-05-15,HighVol,0.0139947808738378,-0.0007403101321231583
4,2023-05-16,HighVol,0.0093603044104264,-0.0007403101321231583
4,2023-05-17,HighVol,-0.0099704151775799,-0.0007403101321231583
4,2023-05-18,HighVol,-0.0109249181584835,-0.0007403101321231583
4,2023-05-19,HighVol,0.0033442809317505,-0.0007403101321231583
4,2023-05-22,HighVol,0.0033190084351266,-0.0007403101321231583
4,2023-05-23,HighVol,0.0090802412767374,-0.0007403101321231583
4,2023-05-24,HighVol,0.0261014208873551,-0.0007403101321231583
4,2023-05-25,LowVol,0.0320031585338307,-0.0007403101321231583
4,2023-05-26,HighVol,0.0168565046149282,-0.0007403101321231583
4,2023-05-30,HighVol,0.0186825664742298,-0.0007403101321231583
4,2023-05-31,LowVol,0.0208205769789602,-0.0007403101321231583
4,2023-06-01,LowVol,0.0173296836776648,-0.0007403101321231583
4,2023-06-02,LowVol,0.0046267652772749,-0.0007403101321231583
4,2023-06-05,LowVol,0.0156870309105043,-0.0007403101321231583
4,2023-06-06,LowVol,0.0201620523059917,-0.0007403101321231583
4,2023-06-07,LowVol,0.0249208953343713,-0.0007403101321231583
4,2023-06-08,LowVol,0.03138909193936,-0.0007403101321231583
4,2023-06-09,LowVol,0.0260350943937097,-0.0007403101321231583
4,2023-06-12,LowVol,0.011535132891169,-0.0007403101321231583
4,2023-06-13,LowVol,-0.0002389005535852,-0.0007403101321231583
4,2023-06-14,LowVol,0.0021763473335436,-0.0007403101321231583
4,2023-06-15,LowVol,-0.0175797348586344,-0.0007403101321231583
4,2023-06-16,LowVol,-0.0182497020505351,-0.0007403101321231583
4,2023-06-20,LowVol,-0.0023100924928225,-0.0007403101321231583
4,2023-06-21,LowVol,0.0033337540522111,-0.0007403101321231583
4,2023-06-22,LowVol,0.0036654497363868,-0.0007403101321231583
4,2023-06-23,LowVol,0.0232449103361296,-0.0007403101321231583
4,2023-06-26,LowVol,0.0286251584712662,-0.0007403101321231583
4,2023-06-27,LowVol,0.015957023804483,-0.0007403101321231583
4,2023-06-28,LowVol,0.0074933358090933,-0.0007403101321231583
4,2023-06-29,LowVol,0.0010042993266059,-0.0007403101321231583
4,2023-06-30,LowVol,-0.0081662896887952,-0.0007403101321231583
4,2023-07-03,LowVol,-0.002996891258872,-0.0007403101321231583
4,2023-07-05,LowVol,0.0065217605758347,-0.0007403101321231583
4,2023-07-06,LowVol,0.0225172847005479,-0.0007403101321231583
4,2023-07-07,LowVol,0.0244670996880478,-0.0007403101321231583
4,2023-07-10,LowVol,0.0254286348521495,-0.0007403101321231583
4,2023-07-11,LowVol,0.026510708687405,-0.0007403101321231583
4,2023-07-12,LowVol,0.0205820963225999,-0.0007403101321231583
4,2023-07-13,LowVol,0.0058279316395104,-0.0007403101321231583
4,2023-07-14,LowVol,0.0064546965235747,-0.0007403101321231583
4,2023-07-17,LowVol,0.0074527801235588,-0.0007403101321231583
4,2023-07-18,LowVol,0.0027521656714322,-0.0007403101321231583
4,2023-07-19,LowVol,0.0006808606345642,-0.0007403101321231583
4,2023-07-20,LowVol,0.000685758287612,-0.0007403101321231583
4,2023-07-21,LowVol,0.0104825954770777,-0.0007403101321231583
4,2023-07-24,LowVol,0.0079041164620121,-0.0007403101321231583
4,2023-07-25,LowVol,0.0022834788279342,-0.0007403101321231583
4,2023-07-26,LowVol,-0.011810847303362,-0.0007403101321231583
4,2023-07-27,LowVol,-0.0080666467943082,-0.0007403101321231583
4,2023-07-28,LowVol,-0.022126411979192,-0.0007403101321231583
4,2023-07-31,LowVol,-0.0154657433590849,-0.0007403101321231583
4,2023-08-01,LowVol,-0.0169338164547891,-0.0007403101321231583
4,2023-08-02,LowVol,-0.0097304756075197,-0.0007403101321231583
4,2023-08-03,LowVol,-0.0065278592333971,-0.0007403101321231583
4,2023-08-04,LowVol,-0.002596137335587,-0.0007403101321231583
4,2023-08-07,LowVol,-0.0057686429646599,-0.0007403101321231583
4,2023-08-08,LowVol,-0.0130586172339384,-0.0007403101321231583
4,2023-08-09,LowVol,-0.0137071335395719,-0.0007403101321231583
4,2023-08-10,LowVol,-0.021573833495243,-0.0007403101321231583
4,2023-08-11,LowVol,-0.0205319418815007,-0.0007403101321231583
4,2023-08-14,LowVol,-0.0195710869861041,-0.0007403101321231583
4,2023-08-15,LowVol,-0.010702476433574,-0.0007403101321231583
4,2023-08-16,LowVol,0.0077108023645491,-0.0007403101321231583
4,2023-08-17,LowVol,0.0013752184060435,-0.0007403101321231583
4,2023-08-18,LowVol,0.0079497307345755,-0.0007403101321231583
4,2023-08-21,LowVol,0.0077844931362407,-0.0007403101321231583
4,2023-08-22,LowVol,0.0251283979577208,-0.0007403101321231583
4,2023-08-23,LowVol,0.0180122663908071,-0.0007403101321231583
4,2023-08-24,LowVol,0.0308085266080559,-0.0007403101321231583
4,2023-08-25,LowVol,0.0255017241023043,-0.0007403101321231583
4,2023-08-28,LowVol,0.0146354805573081,-0.0007403101321231583
4,2023-08-29,LowVol,-0.0065455649234676,-0.0007403101321231583
4,2023-08-30,LowVol,-0.0136583138868257,-0.0007403101321231583
4,2023-08-31,LowVol,-0.0107248128957164,-0.0007403101321231583
4,2023-09-01,LowVol,-0.0060728234725601,-0.0007403101321231583
4,2023-09-05,LowVol,-0.0072345036443991,-0.0007403101321231583
4,2023-09-06,LowVol,0.0006499812587317,-0.0007403101321231583
4,2023-09-07,LowVol,0.0123861103695559,-0.0007403101321231583
4,2023-09-08,LowVol,-0.001315514050162,-0.0007403101321231583
4,2023-09-11,LowVol,-0.007258691644159,-0.0007403101321231583
4,2023-09-12,LowVol,-0.0038531034923611,-0.0007403101321231583
4,2023-09-13,LowVol,-0.0141604725861389,-0.0007403101321231583
4,2023-09-14,LowVol,-0.0387430680174292,-0.0007403101321231583
4,2023-09-15,LowVol,-0.0292081097756067,-0.0007403101321231583
4,2023-09-18,LowVol,-0.0256970194955271,-0.0007403101321231583
4,2023-09-19,LowVol,-0.0380158332401072,-0.0007403101321231583
4,2023-09-20,LowVol,-0.0287023408126905,-0.0007403101321231583
4,2023-09-21,LowVol,-0.0066528698454088,-0.0007403101321231583
4,2023-09-22,LowVol,-0.0068305227466771,-0.0007403101321231583
4,2023-09-25,LowVol,-0.0113829303295315,-0.0007403101321231583
4,2023-09-26,LowVol,-0.0100730980574459,-0.0006223326111249902
4,2023-09-27,LowVol,-0.0032624392071192,-0.0006223326111249902
4,2023-09-28,LowVol,-0.0093811563055595,-0.0007403101321231583
4,2023-09-29,LowVol,0.0048188796112287,-0.0007403101321231583
4,2023-10-02,LowVol,0.0116542736374931,-0.0007403101321231583
4,2023-10-03,LowVol,0.0307170455283973,-0.0005841171298266238
4,2023-10-04,LowVol,0.0274572000521213,-0.0007403101321231583
4,2023-10-05,LowVol,0.0215784198847157,-0.0007403101321231583
4,2023-10-06,LowVol,0.0045630356705739,-0.0007403101321231583
4,2023-10-09,LowVol,0.0086748060196806,-0.0007403101321231583
4,2023-10-10,LowVol,0.0034057985963911,-0.0007403101321231583
4,2023-10-11,HighVol,-0.0140034264133919,-0.0007403101321231583
4,2023-10-12,LowVol,-0.016672019081188,-0.0007403101321231583
4,2023-10-13,LowVol,-0.0238934097639196,-0.0007403101321231583
4,2023-10-16,LowVol,-0.0357306384719511,-0.0007403101321231583
4,2023-10-17,LowVol,-0.0284161144558798,-0.0007403101321231583
4,2023-10-18,HighVol,-0.0294276498888074,-0.0007403101321231583
4,2023-10-19,LowVol,-0.0325492760469784,-0.0007403101321231583
4,2023-10-20,LowVol,-0.0249531244109872,-0.0007403101321231583
4,2023-10-23,LowVol,-0.0115826573723929,-0.0007403101321231583
4,2023-10-24,LowVol,-0.012817685173194,-0.0007403101321231583
4,2023-10-25,HighVol,0.01223822348715,-0.0007403101321231583
4,2023-10-26,HighVol,0.0441400430189666,-0.0005841171298266238
4,2023-10-27,HighVol,0.0584639512166553,-0.0005841171298266238
4,2023-10-30,HighVol,0.0483649795038543,-0.0007403101321231583
4,2023-10-31,HighVol,0.0447869986338911,-0.0007403101321231583
4,2023-11-01,HighVol,0.0345193070970297,-0.0007403101321231583
4,2023-11-02,HighVol,0.007150124325137,-0.0007403101321231583
4,2023-11-03,HighVol,0.0136189310592174,-0.0007403101321231583
4,2023-11-06,HighVol,0.0103285178840191,-0.0007403101321231583
4,2023-11-07,HighVol,0.0270066893075182,-0.0007403101321231583
4,2023-11-08,HighVol,0.0284277203752389,-0.0007403101321231583
4,2023-11-09,HighVol,0.0377789661708156,-0.0007403101321231583
4,2023-11-10,HighVol,0.0231043769384213,-0.0007403101321231583
4,2023-11-13,HighVol,0.031963499461715,-0.0007403101321231583
4,2023-11-14,HighVol,0.0101174991203432,-0.0007403101321231583
4,2023-11-15,HighVol,0.011875168513858,-0.0007403101321231583
4,2023-11-16,HighVol,0.0112609394497174,-0.0007403101321231583
4,2023-11-17,HighVol,0.0081856157823942,-0.0007403101321231583
4,2023-11-20,HighVol,0.0014749540284222,-0.0007403101321231583
4,2023-11-21,HighVol,0.0029561420747687,-0.0007403101321231583
4,2023-11-22,HighVol,0.0030328060990216,-0.0007403101321231583
4,2023-11-24,LowVol,0.008346214727996,-0.0007403101321231583
4,2023-11-27,LowVol,0.0048626448003692,-0.0007403101321231583
4,2023-11-28,LowVol,0.0036709220247896,-0.0007403101321231583
4,2023-11-29,LowVol,0.0003300920570783,-0.0007403101321231583
4,2023-11-30,LowVol,0.0040096132784912,-0.0007403101321231583
4,2023-12-01,LowVol,0.0023959232383239,-0.0007403101321231583
4,2023-12-04,LowVol,0.0116051782914745,-0.0007403101321231583
4,2023-12-05,LowVol,0.0164258235811753,-0.0007403101321231583
4,2023-12-06,LowVol,0.0346115795204167,-0.0007403101321231583
4,2023-12-07,LowVol,0.0300723475852853,-0.0007403101321231583
4,2023-12-08,LowVol,0.0239739858383927,-0.0007403101321231583
4,2023-12-11,LowVol,0.0257443354297166,-0.0007403101321231583
4,2023-12-12,LowVol,0.027289564018557,-0.0007403101321231583
4,2023-12-13,LowVol,-0.0007258424257078,-0.0007403101321231583
4,2023-12-14,LowVol,0.0055221340445976,-0.0008036078941271601
4,2023-12-15,LowVol,0.0092045794343442,-0.0008036078941271601
4,2023-12-18,LowVol,0.0077971009878281,-0.0007403101321231583
4,2023-12-19,LowVol,0.0035170339885275,-0.0007403101321231583
4,2023-12-20,LowVol,0.0180030104829798,-0.0007403101321231583
4,2023-12-21,LowVol,0.0055215364930125,-0.0007403101321231583
4,2023-12-22,LowVol,-0.0021112343313464,-0.0007403101321231583
5,2023-12-26,LowVol,-0.0144223085660863,-0.001243221926161491
5,2023-12-27,LowVol,-0.019370073617931,-0.001243221926161491
5,2023-12-28,LowVol,-0.018397894104823,-0.001243221926161491
5,2023-12-29,LowVol,-0.0014938945180565,-0.001243221926161491
5,2024-01-02,LowVol,0.0026024559905177,-0.001243221926161491
5,2024-01-03,LowVol,0.016574544138171,-0.001243221926161491
5,2024-01-04,LowVol,0.0194102337492618,-0.001243221926161491
5,2024-01-05,LowVol,0.0187212880039748,-0.001243221926161491
5,2024-01-08,LowVol,0.0006953365880852,-0.001243221926161491
5,2024-01-09,LowVol,-0.0033553841187375,-0.001243221926161491
5,2024-01-10,LowVol,-0.0001469789622177,-0.001243221926161491
5,2024-01-11,LowVol,0.0127637688374255,-0.001243221926161491
5,2024-01-12,LowVol,0.0142023890731635,-0.001243221926161491
5,2024-01-16,LowVol,0.0209083561999929,-0.001243221926161491
5,2024-01-17,LowVol,0.0277372227790422,-0.001243221926161491
5,2024-01-18,LowVol,0.0242188054633538,-0.001243221926161491
5,2024-01-19,LowVol,0.0103228033878934,-0.001243221926161491
5,2024-01-22,LowVol,0.0161754041152331,-0.001243221926161491
5,2024-01-23,LowVol,0.0124365859258475,-0.001243221926161491
5,2024-01-24,LowVol,-0.0051710871466045,-0.001243221926161491
5,2024-01-25,LowVol,0.0023975303466221,-0.001243221926161491
5,2024-01-26,LowVol,0.0142384870141771,-0.001243221926161491
5,2024-01-29,LowVol,0.0026054402083022,-0.001243221926161491
5,2024-01-30,LowVol,0.0062946837819286,-0.001243221926161491
5,2024-01-31,LowVol,0.0315192503272045,-0.001243221926161491
5,2024-02-01,LowVol,0.018642551372394,-0.001243221926161491
5,2024-02-02,LowVol,0.0138565896895699,-0.001243221926161491
5,2024-02-05,LowVol,0.0171150032220082,-0.001243221926161491
5,2024-02-06,LowVol,0.0002023836208264,-0.001243221926161491
5,2024-02-07,LowVol,0.0009435244833524,-0.001243221926161491
5,2024-02-08,LowVol,0.0074049338761372,-0.001243221926161491
5,2024-02-09,LowVol,-0.0033718904917153,-0.001243221926161491
5,2024-02-12,LowVol,-0.0084234508681397,-0.001243221926161491
5,2024-02-13,LowVol,0.0063351072040733,-0.001243221926161491
5,2024-02-14,LowVol,0.0179112646752719,-0.001243221926161491
5,2024-02-15,LowVol,0.0116330895293677,-0.001243221926161491
5,2024-02-16,LowVol,0.0129726050744696,-0.001243221926161491
5,2024-02-20,LowVol,0.0204726082803277,-0.001243221926161491
5,2024-02-21,LowVol,0.0182014755673494,-0.001243221926161491
5,2024-02-22,HighVol,0.0011428015673875,-0.001243221926161491
5,2024-02-23,HighVol,0.0098454145731599,-0.001243221926161491
5,2024-02-26,HighVol,0.0124706480428746,-0.001243221926161491
5,2024-02-27,HighVol,0.0004931578992739,-0.001243221926161491
5,2024-02-28,HighVol,0.0068937868234921,-0.001243221926161491
5,2024-02-29,LowVol,0.0132459571618082,-0.001243221926161491
5,2024-03-01,LowVol,-0.0022032178345582,-0.001243221926161491
5,2024-03-04,LowVol,-0.0019910447477258,-0.001243221926161491
5,2024-03-05,LowVol,0.0189283751756148,-0.001243221926161491
5,2024-03-06,LowVol,0.0122019045593799,-0.001243221926161491
5,2024-03-07,LowVol,0.0002719949504448,-0.001243221926161491
5,2024-03-08,LowVol,-0.0005979596875766,-0.001243221926161491
5,2024-03-11,LowVol,0.0062069037608021,-0.001243221926161491
5,2024-03-12,LowVol,0.0010299934255868,-0.001243221926161491
5,2024-03-13,LowVol,0.0118750685465689,-0.001243221926161491
5,2024-03-14,LowVol,0.0172295585807797,-0.001243221926161491
5,2024-03-15,LowVol,0.0223211201083106,-0.001243221926161491
5,2024-03-18,LowVol,0.0134736310513534,-0.001243221926161491
5,2024-03-19,LowVol,0.0060110969984623,-0.001243221926161491
5,2024-03-20,LowVol,0.0051683930772725,-0.001243221926161491
5,2024-03-21,LowVol,0.0016661291153137,-0.001243221926161491
5,2024-03-22,LowVol,0.0018225672185159,-0.001243221926161491
5,2024-03-25,LowVol,-0.0017892066933804,-0.001243221926161491
5,2024-03-26,LowVol,0.001156470787514,-0.001243221926161491
5,2024-03-27,LowVol,-0.0193053609288915,-0.001243221926161491
5,2024-03-28,LowVol,-0.0088706621165646,-0.001243221926161491
5,2024-04-01,LowVol,-0.0065878992584825,-0.001243221926161491
5,2024-04-02,LowVol,0.0009249900874503,-0.001243221926161491
5,2024-04-03,LowVol,-0.0101846647031466,-0.001243221926161491
5,2024-04-04,LowVol,0.0096088338500603,-0.001243221926161491
5,2024-04-05,LowVol,-0.0146210005437172,-0.001243221926161491
5,2024-04-08,LowVol,-0.0275098591082959,-0.001243221926161491
5,2024-04-09,LowVol,-0.030405215181455,-0.001243221926161491
5,2024-04-10,LowVol,-0.0263945756218266,-0.001243221926161491
5,2024-04-11,LowVol,-0.0356756499044528,-0.001243221926161491
5,2024-04-12,LowVol,-0.0307134491586722,-0.001243221926161491
5,2024-04-15,LowVol,-0.0093765231235195,-0.001243221926161491
5,2024-04-16,LowVol,0.0042103119405203,-0.001243221926161491
5,2024-04-17,LowVol,0.0097093609522398,-0.0010076593133882897
5,2024-04-18,LowVol,0.0079475116640259,-0.0010076593133882897
5,2024-04-19,LowVol,0.0264561396313207,-0.0010076593133882897
5,2024-04-22,LowVol,0.0206914471413204,-0.001243221926161491
5,2024-04-23,LowVol,-0.0072579421531492,-0.001243221926161491
5,2024-04-24,LowVol,-0.0100116859121972,-0.001243221926161491
5,2024-04-25,LowVol,0.0030586383111799,-0.001243221926161491
5,2024-04-26,LowVol,0.0059615129425611,-0.001243221926161491
5,2024-04-29,LowVol,0.0127632449611889,-0.001243221926161491
5,2024-04-30,HighVol,0.0302005149214141,-0.001243221926161491
5,2024-05-01,HighVol,0.0336562854138391,-0.001243221926161491
5,2024-05-02,HighVol,0.0299784741700899,-0.001243221926161491
5,2024-05-03,HighVol,0.0186782156117331,-0.001243221926161491
5,2024-05-06,HighVol,0.0084015376457469,-0.001243221926161491
5,2024-05-07,HighVol,0.0119114362939516,-0.001243221926161491
5,2024-05-08,HighVol,0.0243431753011127,-0.001243221926161491
5,2024-05-09,HighVol,0.0163791423689023,-0.001243221926161491
5,2024-05-10,LowVol,0.0165308297908637,-0.001243221926161491
5,2024-05-13,LowVol,0.0175655023456429,-0.001243221926161491
5,2024-05-14,LowVol,0.0154023393559854,-0.001243221926161491
5,2024-05-15,LowVol,9.429813378436512e-05,-0.001243221926161491
5,2024-05-16,LowVol,-0.0051635379197908,-0.001243221926161491
5,2024-05-17,LowVol,-1.8705636268712137e-05,-0.001243221926161491
5,2024-05-20,LowVol,-0.0004717145683409,-0.001243221926161491
5,2024-05-21,LowVol,-0.0098992299746942,-0.001243221926161491
5,2024-05-22,LowVol,-0.0136268658800001,-0.001243221926161491
5,2024-05-23,LowVol,0.0026806181641585,-0.001243221926161491
5,2024-05-24,LowVol,-0.0030977349892156,-0.001243221926161491
5,2024-05-28,LowVol,-0.0026801867778083,-0.001243221926161491
5,2024-05-29,LowVol,0.0162897209612487,-0.001243221926161491
5,2024-05-30,LowVol,0.0230574282791187,-0.001243221926161491
5,2024-05-31,LowVol,0.0125910029015383,-0.0012121918708604524
5,2024-06-03,LowVol,0.0148919359326695,-0.001243221926161491
5,2024-06-04,LowVol,0.0162001399331082,-0.001243221926161491
5,2024-06-05,LowVol,0.0125124121768878,-0.001243221926161491
5,2024-06-06,LowVol,0.0145699087853696,-0.001243221926161491
5,2024-06-07,LowVol,0.0164228662997707,-0.001243221926161491
5,2024-06-10,LowVol,0.0213569967857609,-0.001243221926161491
5,2024-06-11,LowVol,0.021491646631774,-0.001243221926161491
5,2024-06-12,LowVol,0.0104182635416931,-0.001243221926161491
5,2024-06-13,LowVol,0.0070360120406052,-0.001243221926161491
5,2024-06-14,LowVol,0.0031522123863145,-0.001243221926161491
5,2024-06-17,LowVol,-0.000936615478387,-0.001243221926161491
5,2024-06-18,LowVol,-0.0022242388898622,-0.001243221926161491
5,2024-06-20,LowVol,0.0020706711942592,-0.001243221926161491
5,2024-06-21,LowVol,-0.0005327632777735,-0.001243221926161491
5,2024-06-24,LowVol,0.0047904758253822,-0.001243221926161491
5,2024-06-25,LowVol,0.00767219491609,-0.001243221926161491
5,2024-06-26,LowVol,0.0109070655115723,-0.001243221926161491
5,2024-06-27,LowVol,0.0151362383814028,-0.001243221926161491
5,2024-06-28,LowVol,0.0203228431820408,-0.001243221926161491
5,2024-07-01,LowVol,0.0192174261338846,-0.001243221926161491
5,2024-07-02,LowVol,0.0224221977971452,-0.001243221926161491
5,2024-07-03,LowVol,0.0091030372726577,-0.001243221926161491
5,2024-07-05,LowVol,0.0096459744435974,-0.001243221926161491
5,2024-07-08,LowVol,0.0112557054633486,-0.001243221926161491
5,2024-07-09,LowVol,0.0162640156349658,-0.001243221926161491
5,2024-07-10,LowVol,-0.0078031074183672,-0.001243221926161491
5,2024-07-11,LowVol,-0.0068644094438681,-0.001243221926161491
5,2024-07-12,LowVol,-0.0196434132173801,-0.001243221926161491
5,2024-07-15,LowVol,-0.0122524464391498,-0.001243221926161491
5,2024-07-16,LowVol,-0.0196151998939898,-0.001243221926161491
5,2024-07-17,LowVol,-0.0282076877391914,-0.001243221926161491
5,2024-07-18,LowVol,-0.0257846410703347,-0.001243221926161491
5,2024-07-19,LowVol,-0.0082878087314595,-0.001243221926161491
5,2024-07-22,LowVol,-0.0178310105932807,-0.001243221926161491
5,2024-07-23,LowVol,-0.0212720803564537,-0.001243221926161491
5,2024-07-24,HighVol,0.0177005514149475,-0.001243221926161491
5,2024-07-25,HighVol,0.0085438525051968,-0.001243221926161491
5,2024-07-26,HighVol,-0.0211957581400302,-0.001243221926161491
5,2024-07-29,HighVol,-0.0502607484096979,-0.001243221926161491
5,2024-07-30,HighVol,-0.0366235196864653,-0.001243221926161491
5,2024-07-31,HighVol,-0.0583685694230748,-0.001243221926161491
5,2024-08-01,HighVol,-0.022761885606745,-0.001243221926161491
5,2024-08-02,HighVol,0.0001684815660414,-0.0010076593133882897
5,2024-08-05,HighVol,0.0307126052618247,-0.0008738401589381168
5,2024-08-06,HighVol,0.0380922540223893,-0.0010076593133882897
5,2024-08-07,HighVol,0.0483744052672816,-0.0010076593133882897
5,2024-08-08,HighVol,0.0422498943261067,-0.001243221926161491
5,2024-08-09,HighVol,0.0400005392377522,-0.001243221926161491
5,2024-08-12,HighVol,0.0493933070987457,-0.001243221926161491
5,2024-08-13,HighVol,0.0307359678613312,-0.001243221926161491
5,2024-08-14,HighVol,0.0310255097972209,-0.001243221926161491
5,2024-08-15,HighVol,0.0056954727340652,-0.001243221926161491
5,2024-08-16,HighVol,0.0141078680090043,-0.001243221926161491
5,2024-08-19,HighVol,0.0021084969916655,-0.001243221926161491
5,2024-08-20,HighVol,0.0051189586999764,-0.001243221926161491
5,2024-08-21,HighVol,-0.0041382928951132,-0.001243221926161491
5,2024-08-22,HighVol,0.0038292097633896,-0.001243221926161491
5,2024-08-23,HighVol,0.0027574903447824,-0.001243221926161491
5,2024-08-26,HighVol,-0.0155316103767789,-0.001243221926161491
5,2024-08-27,HighVol,-0.0188937771054116,-0.001243221926161491
5,2024-08-28,HighVol,-0.0155651799253552,-0.001243221926161491
5,2024-08-29,HighVol,-0.0322197365217141,-0.001243221926161491
5,2024-08-30,HighVol,-0.0306380419426014,-0.001243221926161491
5,2024-09-03,HighVol,-0.0059593046614014,-0.001243221926161491
5,2024-09-04,HighVol,0.0062981308827736,-0.001243221926161491
5,2024-09-05,HighVol,0.0172484373161569,-0.001243221926161491
5,2024-09-06,HighVol,0.0400658239943536,-0.001243221926161491
5,2024-09-09,HighVol,0.0300691258862282,-0.001243221926161491
5,2024-09-10,HighVol,0.026020895455437,-0.001243221926161491
5,2024-09-11,HighVol,0.0125897752308827,-0.001243221926161491
5,2024-09-12,HighVol,0.0212669635724895,-0.001243221926161491
5,2024-09-13,HighVol,0.0142042915263853,-0.001243221926161491
5,2024-09-16,HighVol,0.0152392556476161,-0.001243221926161491
5,2024-09-17,HighVol,0.0177284849501675,-0.001243221926161491
5,2024-09-18,HighVol,0.0185042935846306,-0.001243221926161491
5,2024-09-19,HighVol,0.0053860577036186,-0.001243221926161491
5,2024-09-20,HighVol,0.0056665741511703,-0.001243221926161491
5,2024-09-23,HighVol,0.0071796320720118,-0.001243221926161491
5,2024-09-24,HighVol,-0.0046911373527641,-0.001243221926161491
5,2024-09-25,HighVol,-0.0020699266527177,-0.001243221926161491
5,2024-09-26,HighVol,-0.0078278668184038,-0.001243221926161491
5,2024-09-27,HighVol,0.0026424354223029,-0.001243221926161491
5,2024-09-30,HighVol,-0.0103875085004694,-0.001243221926161491
5,2024-10-01,LowVol,0.0080019831878166,-0.001243221926161491
5,2024-10-02,LowVol,0.0145555657875329,-0.001243221926161491
5,2024-10-03,LowVol,0.0146348767729334,-0.001243221926161491
5,2024-10-04,LowVol,0.0115187589944443,-0.001243221926161491
5,2024-10-07,LowVol,0.029094711973157,-0.001243221926161491
5,2024-10-08,LowVol,0.0115322190205486,-0.001243221926161491
5,2024-10-09,LowVol,0.0089405677113176,-0.001243221926161491
5,2024-10-10,LowVol,0.0107961625224815,-0.001243221926161491
5,2024-10-11,LowVol,0.008644133518874,-0.001243221926161491
5,2024-10-14,LowVol,-0.0011809241205616,-0.001243221926161491
5,2024-10-15,LowVol,0.0061058872343091,-0.001243221926161491
5,2024-10-16,LowVol,-0.0074016206910346,-0.001243221926161491
5,2024-10-17,LowVol,-0.0053404786439682,-0.001243221926161491
5,2024-10-18,LowVol,-0.0094938553282679,-0.001243221926161491
5,2024-10-21,LowVol,-0.0047975866064599,-0.001243221926161491
5,2024-10-22,LowVol,-0.0026574163604202,-0.001243221926161491
5,2024-10-23,LowVol,0.0034948187687147,-0.001243221926161491
5,2024-10-24,LowVol,-0.0182996812747889,-0.001243221926161491
5,2024-10-25,LowVol,-0.0138161247897218,-0.001243221926161491
5,2024-10-28,LowVol,-0.0189729300242504,-0.001243221926161491
5,2024-10-29,LowVol,-0.0087148089867405,-0.001243221926161491
5,2024-10-30,LowVol,0.0190169373793573,-0.001243221926161491
5,2024-10-31,LowVol,0.0474286509235342,-0.001243221926161491
5,2024-11-01,LowVol,0.0475448992193912,-0.001243221926161491
5,2024-11-04,LowVol,0.0508063050068317,-0.001243221926161491
5,2024-11-05,LowVol,0.0350271222387668,-0.001243221926161491
5,2024-11-06,HighVol,0.0104054603215286,-0.001243221926161491
5,2024-11-07,HighVol,-0.0037942744220139,-0.001243221926161491
5,2024-11-08,HighVol,-0.0207959444612613,-0.001243221926161491
5,2024-11-11,HighVol,-0.0177196430230336,-0.001243221926161491
5,2024-11-12,HighVol,-0.0110571588471828,-0.001243221926161491
5,2024-11-13,HighVol,-0.0112025087912205,-0.001243221926161491
5,2024-11-14,HighVol,0.0005391696912728,-0.001243221926161491
5,2024-11-15,HighVol,0.0166624024085719,-0.001243221926161491
5,2024-11-18,HighVol,0.0159482717992704,-0.001243221926161491
5,2024-11-19,HighVol,0.0175334630607633,-0.001243221926161491
5,2024-11-20,HighVol,0.0141066411054933,-0.001243221926161491
5,2024-11-21,HighVol,0.0149579882013166,-0.001243221926161491
5,2024-11-22,HighVol,0.0136353628260639,-0.001243221926161491
5,2024-11-25,HighVol,0.0106771022004374,-0.001243221926161491
5,2024-11-26,HighVol,0.0116705938864791,-0.001243221926161491
5,2024-11-27,HighVol,0.013075460585866,-0.001243221926161491
5,2024-11-29,LowVol,0.0087294542168328,-0.001243221926161491
5,2024-12-02,LowVol,0.0017392793883268,-0.001243221926161491
5,2024-12-03,LowVol,-0.0018380060666577,-0.001243221926161491
5,2024-12-04,LowVol,-0.0003290453901202,-0.001243221926161491
5,2024-12-05,LowVol,-0.0038406733530209,-0.001243221926161491
5,2024-12-06,LowVol,-0.0059226876763762,-0.001243221926161491
5,2024-12-09,LowVol,0.0034895160002679,-0.001243221926161491
5,2024-12-10,LowVol,0.0024717206534063,-0.001243221926161491
5,2024-12-11,LowVol,-0.0348665025409947,-0.001243221926161491
5,2024-12-12,LowVol,-0.0301656395278844,-0.001243221926161491
5,2024-12-13,LowVol,-0.0183223733179053,-0.001243221926161491
5,2024-12-16,LowVol,-0.0166422608369839,-0.001243221926161491
5,2024-12-17,LowVol,-0.0015987401391697,-0.001243221926161491
5,2024-12-18,LowVol,0.0291395632608764,-0.0012121918708604524
5,2024-12-19,LowVol,0.0186190054928261,-0.0012121918708604524
5,2024-12-20,HighVol,-0.0049563244647162,-0.0012121918708604524
5,2024-12-23,HighVol,-0.0144781449868905,-0.001243221926161491
5,2024-12-24,HighVol,-0.0277066232192245,-0.001243221926161491
5,2024-12-26,HighVol,-0.0156151990125663,-0.001243221926161491
5,2024-12-27,HighVol,0.0005883422676709,-0.001243221926161491
5,2024-12-30,HighVol,0.0006969786229986,-0.001243221926161491
5,2024-12-31,HighVol,0.0058180993128484,-0.001243221926161491
5,2025-01-02,HighVol,-0.0070984747995118,-0.001243221926161491
5,2025-01-03,HighVol,-0.0178394585070349,-0.001243221926161491
5,2025-01-06,HighVol,-0.0221210286004581,-0.001243221926161491
5,2025-01-07,HighVol,0.0070502532908618,-0.001243221926161491
5,2025-01-08,HighVol,0.0036474638515637,-0.001243221926161491
5,2025-01-10,HighVol,0.0294406836903382,-0.001243221926161491
5,2025-01-13,HighVol,0.0372554113580296,-0.001243221926161491
5,2025-01-14,HighVol,0.0416530044462331,-0.001243221926161491
5,2025-01-15,HighVol,0.0286279631980945,-0.001243221926161491
5,2025-01-16,HighVol,0.0276009902758305,-0.001243221926161491
5,2025-01-17,HighVol,0.0029954427383627,-0.001243221926161491
5,2025-01-21,HighVol,0.002437805137416,-0.001243221926161491
5,2025-01-22,HighVol,-0.0076347099273954,-0.001243221926161491
5,2025-01-23,HighVol,-0.0077246025603354,-0.001243221926161491
5,2025-01-24,HighVol,-0.0101154674937067,-0.001243221926161491
5,2025-01-27,HighVol,-0.0026695557334752,-0.001243221926161491
5,2025-01-28,HighVol,-0.0045324652612149,-0.001243221926161491
5,2025-01-29,HighVol,0.0040045000595207,-0.001243221926161491
5,2025-01-30,HighVol,0.002115610484292,-0.001243221926161491
5,2025-01-31,HighVol,-0.0017446415428519,-0.001243221926161491
5,2025-02-03,HighVol,0.0118440970499997,-0.001243221926161491
5,2025-02-04,HighVol,0.0058659255049537,-0.001243221926161491
5,2025-02-05,HighVol,-0.0014232120000238,-0.001243221926161491
5,2025-02-06,LowVol,0.005624188700797,-0.001243221926161491
5,2025-02-07,HighVol,0.0148642054812158,-0.001243221926161491
5,2025-02-10,LowVol,0.0109778618900442,-0.001243221926161491
5,2025-02-11,LowVol,0.0125885175006381,-0.001243221926161491
5,2025-02-12,LowVol,0.0116347647540473,-0.001243221926161491
5,2025-02-13,LowVol,-0.016056329309307,-0.001243221926161491
5,2025-02-14,LowVol,-0.0204854035988314,-0.001243221926161491
5,2025-02-18,LowVol,-0.0282097875730417,-0.001243221926161491
5,2025-02-19,LowVol,-0.0300032907207448,-0.001243221926161491
5,2025-02-20,LowVol,-0.0414986929093063,-0.001243221926161491
5,2025-02-21,LowVol,-0.0096009177178907,-0.0012121918708604524
5,2025-02-24,LowVol,-0.022504788722907,-0.001243221926161491
5,2025-02-25,LowVol,-0.0292474400223815,-0.001243221926161491
5,2025-02-26,LowVol,-0.0193093068509639,-0.001243221926161491
5,2025-02-27,LowVol,-0.021092261134196,-0.0012121918708604524
5,2025-02-28,LowVol,-0.0307317095086095,-0.0012121918708604524
5,2025-03-03,HighVol,-0.0397245664141472,-0.0012121918708604524
5,2025-03-04,HighVol,-0.0363000424119472,-0.0008738401589381168
5,2025-03-05,HighVol,-0.0414879031369359,-0.0012121918708604524
5,2025-03-06,HighVol,-0.0371741151332676,-0.0010076593133882897
5,2025-03-07,HighVol,-0.0227632706517696,-0.0010076593133882897
5,2025-03-10,HighVol,0.011719997151701,-8.264880898461119e-05
5,2025-03-11,HighVol,0.0091740978053769,0.0005929292177751504
5,2025-03-12,HighVol,0.0147798266374568,-8.264880898461119e-05
5,2025-03-13,HighVol,0.0255159641538322,0.0006715839693327935
5,2025-03-14,HighVol,0.0050930555619899,-0.00030544429574304527
5,2025-03-17,HighVol,0.015263936902172,-0.001243221926161491
5,2025-03-18,HighVol,0.0288244855422223,-0.00010730264069812736
5,2025-03-19,HighVol,0.0055903041554556,-0.001243221926161491
5,2025-03-20,HighVol,0.005828383947688,-0.001243221926161491
5,2025-03-21,HighVol,-0.0147521188158928,-0.001243221926161491
5,2025-03-24,HighVol,-0.0255887994152166,-0.001243221926161491
5,2025-03-25,HighVol,-0.0251799214995557,-0.001243221926161491
5,2025-03-26,HighVol,-0.007158089071717,-0.001243221926161491
5,2025-03-27,HighVol,-0.0535726720434344,-0.001243221926161491
5,2025-03-28,HighVol,-0.0906670193954414,-0.0008738401589381168
5,2025-03-31,HighVol,-0.0983391805696197,-0.001243221926161491
5,2025-04-01,HighVol,-0.1149615112006333,-0.001243221926161491
5,2025-04-02,HighVol,-0.0281653789832703,-0.001243221926161491
5,2025-04-03,HighVol,-0.0225824427127023,0.0005467419319012315
5,2025-04-04,HighVol,0.0567211322924714,-9.12942166544499e-05
5,2025-04-07,HighVol,0.0688765441181027,-0.00010730264069812736
5,2025-04-08,HighVol,0.0828431489881158,-9.12942166544499e-05
5,2025-04-09,HighVol,-0.0418505119991443,-0.05784335358799914
5,2025-04-10,HighVol,0.0034884180532654,-0.08549032928247088
5,2025-04-11,HighVol,-0.0375699195358782,-0.060607578773723345
5,2025-04-14,HighVol,-0.0220171491707835,-0.04848069013036472
5,2025-04-15,HighVol,-0.0040735685349152,-0.04848069013036472
5,2025-04-16,HighVol,0.0400068339243351,-0.001798399330023267
5,2025-04-17,HighVol,0.0460288198493106,-0.0012121918708604524
5,2025-04-21,HighVol,0.0719428468018592,-0.0010076593133882897
5,2025-04-22,HighVol,0.0513416853962394,-0.001798399330023267
5,2025-04-23,HighVol,0.0357103016861348,-0.0016156335090140134
5,2025-04-24,HighVol,0.0215477737891893,-0.00010730264069812736
5,2025-04-25,HighVol,0.0292749365538291,-0.00010730264069812736
5,2025-04-28,HighVol,0.0229827043194819,-0.00010730264069812736
5,2025-04-29,HighVol,0.0080820913504215,-0.00010730264069812736
5,2025-04-30,HighVol,0.0119198230174821,-0.00010730264069812736
5,2025-05-01,HighVol,0.0118002567653594,-0.00010730264069812736
5,2025-05-02,HighVol,-0.0042697562499706,-0.00010730264069812736
5,2025-05-05,HighVol,0.0345691240792693,-0.00010730264069812736
5,2025-05-06,HighVol,0.0501788974450168,-0.00010730264069812736
5,2025-05-07,HighVol,0.0471175476281735,-0.00010730264069812736
5,2025-05-08,HighVol,0.0449507738541592,-0.001243221926161491
5,2025-05-09,HighVol,0.0529112900881949,-0.001243221926161491
5,2025-05-12,HighVol,0.0203433693375023,-0.001798399330023267
5,2025-05-13,HighVol,0.0102412199055201,-0.001243221926161491
5,2025-05-14,HighVol,-0.008049922115197,-0.001243221926161491
5,2025-05-15,HighVol,-0.0124817135987931,-0.001243221926161491
5,2025-05-16,HighVol,-0.0253953442927791,-0.001243221926161491
5,2025-05-19,HighVol,-0.0062200825008935,-0.001243221926161491
5,2025-05-20,HighVol,-0.00863622464123,-0.001243221926161491
5,2025-05-21,HighVol,0.0123357692602572,-0.001243221926161491
5,2025-05-22,HighVol,0.0108046002877462,-0.001243221926161491
5,2025-05-23,HighVol,0.0234843157163469,-0.001243221926161491
5,2025-05-27,HighVol,0.008356694700307,-0.001243221926161491
5,2025-05-28,HighVol,0.0139518979452848,-0.001243221926161491
5,2025-05-29,HighVol,0.0050843085775653,-0.001243221926161491
5,2025-05-30,HighVol,0.01654245326114,-0.001243221926161491
5,2025-06-02,HighVol,0.0117593236838167,-0.001243221926161491
5,2025-06-03,HighVol,0.0117263914674108,-0.001243221926161491
5,2025-06-04,HighVol,0.0091119333902007,-0.001243221926161491
5,2025-06-05,HighVol,0.0180422665109396,-0.001243221926161491
5,2025-06-06,HighVol,-0.0035718576541998,-0.001243221926161491
5,2025-06-09,HighVol,0.0050027655526601,-0.001243221926161491
5,2025-06-10,LowVol,-0.0092026960803179,-0.001243221926161491
5,2025-06-11,LowVol,-0.0065185362060563,-0.001243221926161491
5,2025-06-12,LowVol,-0.0127753073191424,-0.001243221926161491
5,2025-06-13,LowVol,0.0082483709311897,-0.001243221926161491
5,2025-06-16,LowVol,0.0097792902189022,-0.001243221926161491
5,2025-06-17,HighVol,0.0190530329789211,-0.001243221926161491
5,2025-06-18,HighVol,0.0271807195764148,-0.001243221926161491
5,2025-06-20,LowVol,0.0347141910248836,-0.001243221926161491
5,2025-06-23,LowVol,0.0294925471725178,-0.001243221926161491
5,2025-06-24,LowVol,0.0179143000340908,-0.001243221926161491
5,2025-06-25,LowVol,0.0219560876214646,-0.001243221926161491
5,2025-06-26,LowVol,0.0220144857038571,-0.001243221926161491
5,2025-06-27,LowVol,0.0093835198094633,-0.001243221926161491
5,2025-06-30,LowVol,0.0040301964089002,-0.001243221926161491
5,2025-07-01,LowVol,0.0103779929399274,-0.001243221926161491
5,2025-07-02,LowVol,0.0086550187581104,-0.001243221926161491
5,2025-07-03,LowVol,-0.0027505378065231,-0.001243221926161491
5,2025-07-07,LowVol,0.0066539547800716,-0.001243221926161491
5,2025-07-08,LowVol,0.0029015339720812,-0.001243221926161491
5,2025-07-09,LowVol,0.0002563151980772,-0.001243221926161491
5,2025-07-10,LowVol,0.0035472591696201,-0.001243221926161491
5,2025-07-11,LowVol,0.0063501572770015,-0.001243221926161491
5,2025-07-14,LowVol,0.0063380630857086,-0.001243221926161491
5,2025-07-15,LowVol,0.010801437414273,-0.001243221926161491
5,2025-07-16,LowVol,0.0160040280209639,-0.001243221926161491
5,2025-07-17,LowVol,0.0101585509817097,-0.001243221926161491
5,2025-07-18,LowVol,0.0151692447778131,-0.001243221926161491
5,2025-07-21,LowVol,0.012993586238635,-0.001243221926161491
5,2025-07-22,LowVol,0.0101771974018505,-0.001243221926161491
5,2025-07-23,LowVol,0.0003941802607447,-0.001243221926161491
5,2025-07-24,LowVol,-0.003688174011466,-0.001243221926161491
5,2025-07-25,LowVol,-0.0241406916311784,-0.001243221926161491
5,2025-07-28,LowVol,-0.0090590657364316,-0.001243221926161491
5,2025-07-29,LowVol,-0.011475767674865,-0.001243221926161491
5,2025-07-30,LowVol,-0.0026478748574443,-0.001243221926161491
5,2025-07-31,LowVol,0.0002687817732176,-0.001243221926161491
5,2025-08-01,LowVol,0.0248666204118661,-0.0012121918708604524
5,2025-08-04,LowVol,0.0075256933041656,-0.001243221926161491
5,2025-08-05,LowVol,0.0234407606122972,-0.001243221926161491
5,2025-08-06,LowVol,0.0191378810616731,-0.001243221926161491
5,2025-08-07,LowVol,0.0200870392492609,-0.001243221926161491
5,2025-08-08,LowVol,0.0098245527039213,-0.001243221926161491
5,2025-08-11,LowVol,0.0116053467857926,-0.001243221926161491
5,2025-08-12,LowVol,-0.0044811827580134,-0.001243221926161491
5,2025-08-13,LowVol,-0.0105135946689066,-0.001243221926161491
5,2025-08-14,LowVol,-0.0145747895428789,-0.001243221926161491
5,2025-08-15,LowVol,0.0029062228578617,-0.001243221926161491
5,2025-08-18,LowVol,-0.0012903475842028,-0.001243221926161491
5,2025-08-19,LowVol,0.0083618761181889,-0.001243221926161491
5,2025-08-20,LowVol,0.0133520357060066,-0.001243221926161491
5,2025-08-21,LowVol,0.0210368493693111,-0.001243221926161491
5,2025-08-22,LowVol,-0.0004028921016125,-0.001243221926161491
5,2025-08-25,LowVol,-0.0034242088462906,-0.001243221926161491
5,2025-08-26,LowVol,-0.0022009738807244,-0.001243221926161491
5,2025-08-27,LowVol,0.0038506305040024,-0.001243221926161491
5,2025-08-28,LowVol,-0.0025888718736184,-0.001243221926161491
5,2025-08-29,LowVol,0.0058598363424655,-0.001243221926161491
5,2025-09-02,LowVol,0.0157120478277912,-0.001243221926161491
5,2025-09-03,LowVol,0.0131574192013328,-0.001243221926161491
5,2025-09-04,LowVol,0.0131101648959675,-0.001243221926161491
5,2025-09-05,LowVol,0.0157129443388015,-0.001243221926161491
5,2025-09-08,LowVol,0.0186181535128817,-0.001243221926161491
5,2025-09-09,LowVol,0.0148693723875497,-0.001243221926161491
5,2025-09-10,LowVol,0.0106868353962794,-0.001243221926161491
5,2025-09-11,LowVol,0.0070404699164352,-0.001243221926161491
5,2025-09-12,LowVol,0.0123667882978715,-0.001243221926161491
5,2025-09-15,LowVol,0.0117699106285322,-0.001243221926161491
5,2025-09-16,LowVol,0.0076496951454407,-0.001243221926161491
5,2025-09-17,LowVol,0.0056930343158594,-0.001243221926161491
5,2025-09-18,LowVol,-0.0036022721766453,-0.001243221926161491
5,2025-09-19,LowVol,-0.0028326211059341,-0.001243221926161491
5,2025-09-22,LowVol,-0.0047387652742305,-0.001243221926161491
5,2025-09-23,LowVol,0.0044781594152374,-0.001243221926161491
5,2025-09-24,LowVol,0.0111179365696556,-0.001243221926161491
5,2025-09-25,LowVol,0.0169742507693422,-0.001243221926161491
5,2025-09-26,LowVol,0.0111661884952076,-0.001243221926161491
5,2025-09-29,LowVol,0.0119484781052903,-0.001243221926161491
5,2025-09-30,LowVol,0.0044132064924842,-0.001243221926161491
5,2025-10-01,LowVol,0.0069713433981823,-0.001243221926161491
5,2025-10-02,LowVol,0.0028990089205791,-0.001243221926161491
5,2025-10-03,LowVol,-0.0241927600490884,-0.001243221926161491
5,2025-10-06,LowVol,-0.0127603682974896,-0.001243221926161491
5,2025-10-07,LowVol,-0.0102970886383999,-0.001243221926161491
5,2025-10-08,LowVol,-0.0117959881023443,-0.001243221926161491
5,2025-10-09,LowVol,-0.0156742235027894,-0.001243221926161491
5,2025-10-10,LowVol,0.017411468502946,-0.0012121918708604524
5,2025-10-13,LowVol,0.0124577848903832,-0.001243221926161491
5,2025-10-14,LowVol,0.0136810155058757,-0.001243221926161491
5,2025-10-15,LowVol,0.0039538896676414,-0.001243221926161491
5,2025-10-16,HighVol,0.0168320619611255,-0.001243221926161491
5,2025-10-17,HighVol,0.0193561032252638,-0.001243221926161491
5,2025-10-20,HighVol,0.0207656511070657,-0.001243221926161491
5,2025-10-21,HighVol,0.0234920232712687,-0.001243221926161491
5,2025-10-22,HighVol,0.0293351978047304,-0.001243221926161491
5,2025-10-23,HighVol,0.0120132678849811,-0.001243221926161491
5,2025-10-24,HighVol,0.007102206382799,-0.001243221926161491
5,2025-10-27,HighVol,-0.0027726781144603,-0.001243221926161491
5,2025-10-28,HighVol,-0.0172035941364859,-0.001243221926161491
5,2025-10-29,HighVol,-0.014271429414273,-0.001243221926161491
5,2025-10-30,HighVol,-0.0140035851060766,-0.001243221926161491
5,2025-10-31,HighVol,-0.0162596050960345,-0.001243221926161491
5,2025-11-03,HighVol,-0.0027804772921533,-0.001243221926161491
5,2025-11-04,HighVol,0.011492104293485,-0.001243221926161491
5,2025-11-05,HighVol,0.0085598404105555,-0.001243221926161491
5,2025-11-06,HighVol,0.002580948665728,-0.001243221926161491
5,2025-11-07,LowVol,0.0014308194660788,-0.001243221926161491
5,2025-11-10,LowVol,-0.0231422901252824,-0.001243221926161491
5,2025-11-11,LowVol,-0.0335578627509759,-0.001243221926161491
5,2025-11-12,LowVol,-0.0303637318859438,-0.001243221926161491
5,2025-11-13,HighVol,-0.0290309792897238,-0.001243221926161491
5,2025-11-14,HighVol,-0.0191984333297339,-0.001243221926161491
5,2025-11-17,HighVol,0.0045969568781518,-0.001243221926161491
5,2025-11-18,HighVol,0.0226336525827655,-0.001243221926161491
5,2025-11-19,HighVol,0.0257308129670845,-0.001243221926161491
5,2025-11-20,HighVol,0.0472927716390683,-0.0008738401589381168
5,2025-11-21,HighVol,0.0322291164316237,-0.001243221926161491
5,2025-11-24,HighVol,0.0191408505725654,-0.001243221926161491
5,2025-11-25,HighVol,0.0131404466893063,-0.001243221926161491
5,2025-11-26,HighVol,0.0069297713152829,-0.001243221926161491
5,2025-11-28,HighVol,0.0033655237201748,-0.001243221926161491
5,2025-12-01,HighVol,0.0049393149714103,-0.001243221926161491
5,2025-12-02,HighVol,0.0022155526086289,-0.001243221926161491
5,2025-12-03,HighVol,0.0053810088667234,-0.001243221926161491
5,2025-12-04,HighVol,0.0069843198996917,-0.001243221926161491
5,2025-12-05,HighVol,-0.0057313592832332,-0.001243221926161491
5,2025-12-08,HighVol,-0.0042421336120853,-0.001243221926161491
5,2025-12-09,LowVol,-0.0061050688108648,-0.001243221926161491
5,2025-12-10,LowVol,-0.023517657150754,-0.001243221926161491
5,2025-12-11,LowVol,-0.0184281350595874,-0.001243221926161491
5,2025-12-12,LowVol,0.001233686956561,-0.001243221926161491
5,2025-12-15,LowVol,0.0089956666570536,-0.001243221926161491
5,2025-12-16,LowVol,0.0163843254242008,-0.001243221926161491
5,2025-12-17,LowVol,0.0313077260316865,-0.001243221926161491
5,2025-12-18,LowVol,0.0234746157598459,-0.001243221926161491
5,2025-12-19,LowVol,0.0106671191313398,-0.001243221926161491
5,2025-12-22,LowVol,0.003183243851639,-0.001243221926161491
5,2025-12-23,LowVol,-0.0087795587441367,-0.001243221926161491
5,2025-12-24,LowVol,-0.0104435957396563,-0.001243221926161491
5,2025-12-26,LowVol,-0.0037519159570825,-0.001243221926161491
5,2025-12-29,LowVol,0.0057570989174107,-0.001243221926161491
5,2025-12-30,LowVol,0.0037409111979043,-0.001243221926161491
5,2025-12-31,LowVol,0.0111303199518209,-0.001243221926161491
5,2026-01-02,LowVol,0.015955073375985,-0.001243221926161491
5,2026-01-05,LowVol,0.0108183035002902,-0.001243221926161491
5,2026-01-06,LowVol,0.0028331579258265,-0.001243221926161491
5,2026-01-07,LowVol,0.0011310374160631,-0.001243221926161491
5,2026-01-08,LowVol,0.0039593443713006,-0.001243221926161491
5,2026-01-09,LowVol,-0.0034722977351427,-0.001243221926161491
5,2026-01-12,LowVol,-0.0252891309908631,-0.001243221926161491
5,2026-01-13,LowVol,-0.012064502622839,-0.001243221926161491
5,2026-01-14,LowVol,-0.0019988328217077,-0.001243221926161491
5,2026-01-15,LowVol,-0.0043482785316334,-0.001243221926161491
5,2026-01-16,LowVol,0.0015470731538762,-0.001243221926161491
5,2026-01-20,LowVol,0.026432278955691,-0.001243221926161491
5,2026-01-21,LowVol,0.0146191233986903,-0.0012121918708604524
5,2026-01-22,LowVol,0.0073441184933762,-0.001243221926161491
5,2026-01-23,LowVol,0.0039755534090353,-0.001243221926161491
5,2026-01-26,LowVol,0.0038686617845731,-0.001243221926161491
5,2026-01-27,LowVol,-0.0085694583839743,-0.001243221926161491
5,2026-01-28,LowVol,-0.0132724743947848,-0.001243221926161491
5,2026-01-29,LowVol,-0.0236585651135028,-0.001243221926161491
5,2026-01-30,LowVol,-0.0019509978713001,-0.001243221926161491
5,2026-02-02,LowVol,-0.0020994641663448,-0.001243221926161491
5,2026-02-03,LowVol,0.0037561601560482,-0.001243221926161491
5,2026-02-04,LowVol,0.0084087543828383,-0.001243221926161491
5,2026-02-05,LowVol,0.0053865471966247,-0.001243221926161491
5,2026-02-06,HighVol,-0.0128435446967936,-0.001243221926161491
5,2026-02-09,HighVol,-0.0159953858562665,-0.001243221926161491
5,2026-02-10,HighVol,-0.0084234136394867,-0.001243221926161491
5,2026-02-11,HighVol,-0.0108099187888279,-0.001243221926161491
5,2026-02-12,HighVol,0.011977655615764,-0.001243221926161491
5,2026-02-13,HighVol,0.000938820849653,-0.001243221926161491
5,2026-02-17,HighVol,0.0065900040373187,-0.001243221926161491
5,2026-02-18,LowVol,0.0099958550653318,-0.001243221926161491
5,2026-02-19,LowVol,0.0070418040386051,-0.001243221926161491
5,2026-02-20,LowVol,-0.0049897155646747,-0.001243221926161491
5,2026-02-23,LowVol,0.0058470429883454,-0.001243221926161491
5,2026-02-24,LowVol,-0.0102129876501638,-0.001243221926161491
5,2026-02-25,LowVol,-0.0115703600138696,-0.001243221926161491
5,2026-02-26,HighVol,-0.0115914565261183,-0.001243221926161491
5,2026-02-27,HighVol,-0.0198399852878129,-0.001243221926161491
5,2026-03-02,HighVol,-0.0118156268038404,-0.001243221926161491
5,2026-03-03,HighVol,-0.0046302154523001,-0.001243221926161491
5,2026-03-04,HighVol,-0.0128442734943531,-0.001243221926161491
5,2026-03-05,HighVol,-0.0223833314945861,-0.001243221926161491
5,2026-03-06,HighVol,-0.0150063346188127,-0.001243221926161491
5,2026-03-09,LowVol,-0.0136228132524687,-0.001243221926161491
5,2026-03-10,LowVol,-0.0094362523124893,-0.001243221926161491
5,2026-03-11,LowVol,-0.0220307437163271,-0.001243221926161491
5,2026-03-12,LowVol,-0.0093985835151229,-0.001243221926161491
5,2026-03-13,LowVol,-0.0180415262786768,-0.0012121918708604524
5,2026-03-16,LowVol,-0.0177274263067706,-0.001243221926161491
5,2026-03-17,LowVol,-0.023593215080031,-0.001243221926161491
5,2026-03-18,HighVol,-0.0042577713813233,-0.001243221926161491
5,2026-03-19,HighVol,-0.0196244440398035,-0.001243221926161491
5,2026-03-20,HighVol,-0.0223260677132818,-0.00010730264069812736
5,2026-03-23,HighVol,-0.0357197478206195,-0.001243221926161491
5,2026-03-24,HighVol,-0.0043479596882277,-0.001243221926161491
5,2026-03-25,HighVol,-0.0024055110238924,-0.001243221926161491
5,2026-03-26,HighVol,0.0166488395556212,-0.00030544429574304527
5,2026-03-27,HighVol,0.0391742708016176,0.0005467419319012315
5,2026-03-30,HighVol,0.0431190626273894,0.0005467419319012315
5,2026-03-31,HighVol,0.0394717020686612,-0.0014645385811043027
5,2026-04-01,HighVol,0.0376502657018682,-0.001243221926161491
5,2026-04-02,HighVol,0.0360306705625972,-0.001243221926161491
5,2026-04-06,HighVol,0.041233476297918,-0.001243221926161491
5,2026-04-07,HighVol,0.0534572565656843,-0.001243221926161491
5,2026-04-08,HighVol,0.0353988236750957,-0.0014645385811043027
5,2026-04-09,HighVol,0.0319895923146569,-0.001243221926161491
5,2026-04-10,HighVol,0.045153551524915,-0.001243221926161491
5,2026-04-13,HighVol,0.0329688873088607,-0.001243221926161491
5,2026-04-14,HighVol,0.0138524826774575,-0.001243221926161491
5,2026-04-15,HighVol,0.0161014496060576,-0.001243221926161491
5,2026-04-16,HighVol,0.009677095549218,-0.001243221926161491
5,2026-04-17,HighVol,0.0053510385188775,-0.0014645385811043027
5,2026-04-20,HighVol,0.0091009797242749,-0.001243221926161491
5,2026-04-21,HighVol,0.0108083561583711,-0.001243221926161491
5,2026-04-22,HighVol,0.0005201968625916,-0.001243221926161491
5,2026-04-23,HighVol,0.0144116750028655,-0.001243221926161491
5,2026-04-24,HighVol,0.0093985361960295,-0.001243221926161491
5,2026-04-27,HighVol,0.003971084352194,-0.001243221926161491
5,2026-04-28,HighVol,0.0169737564578793,-0.001243221926161491
5,2026-04-29,LowVol,0.0312684217636753,-0.001243221926161491
5,2026-04-30,LowVol,0.0179779601437943,-0.001243221926161491
5,2026-05-01,LowVol,0.023548182484361,-0.001243221926161491
5,2026-05-04,LowVol,0.0296513948306098,-0.001243221926161491
5,2026-05-05,LowVol,0.0199095738785064,-0.001243221926161491
5,2026-05-06,LowVol,0.0115557843714102,-0.001243221926161491
5,2026-05-07,LowVol,0.0226769360507759,-0.001243221926161491
5,2026-05-08,LowVol,0.0021013576114108,-0.001243221926161491
5,2026-05-11,LowVol,-0.0008791906612106,-0.001243221926161491
5,2026-05-12,LowVol,-0.0060283026242567,-0.001243221926161491
5,2026-05-13,LowVol,-0.0014279408000573,-0.001243221926161491
5,2026-05-14,LowVol,-0.007284493648601,-0.001243221926161491
5,2026-05-15,LowVol,0.0087530533281254,-0.001243221926161491
5,2026-05-18,LowVol,0.0161646843859104,-0.001243221926161491
5,2026-05-19,LowVol,0.0228013045615451,-0.001243221926161491
5,2026-05-20,LowVol,0.0180100884695528,-0.001243221926161491
5,2026-05-21,LowVol,0.0185265362466844,-0.001243221926161491
5,2026-05-22,LowVol,0.0173005325980573,-0.001243221926161491
5,2026-05-26,LowVol,0.0119639000830502,-0.001243221926161491
5,2026-05-27,LowVol,0.0050368796590851,-0.001243221926161491
5,2026-05-28,LowVol,0.0032998159119213,-0.001243221926161491
5,2026-05-29,LowVol,-0.0250237819438422,-0.001243221926161491
5,2026-06-01,LowVol,-0.0254700231946087,-0.001243221926161491
5,2026-06-02,LowVol,-0.0296483868246829,-0.001243221926161491
5,2026-06-03,LowVol,-0.0381973815066616,-0.001243221926161491
5,2026-06-04,LowVol,-0.0255319771466703,-0.001243221926161491
5,2026-06-05,HighVol,0.0056945310068026,-0.0012121918708604524
5,2026-06-08,LowVol,0.0211169330986142,-0.001243221926161491
5,2026-06-09,LowVol,0.0180178213049169,-0.0012121918708604524
5,2026-06-10,HighVol,0.0214080181501259,-0.001243221926161491
5,2026-06-11,HighVol,0.0147795361799543,-0.001243221926161491
5,2026-06-12,HighVol,0.0061445663461701,-0.001243221926161491
5,2026-06-15,HighVol,-0.0256483071911342,-0.001243221926161491
5,2026-06-16,HighVol,-0.0202591491734749,-0.001243221926161491
5,2026-06-17,HighVol,-0.0064352935172034,-0.001243221926161491
5,2026-06-18,HighVol,-0.0237699871871451,-0.001243221926161491
5,2026-06-22,HighVol,-0.0045540839905523,-0.001243221926161491
5,2026-06-23,HighVol,0.0179803186211802,-0.001243221926161491
5,2026-06-24,HighVol,0.0170749273061989,-0.001243221926161491
5,2026-06-25,HighVol,0.0142721526326117,-0.001243221926161491
5,2026-06-26,HighVol,0.0305766051126896,-0.001243221926161491
5,2026-06-29,HighVol,0.0090553602869853,-0.001243221926161491
5,2026-06-30,HighVol,-0.0018345609509704,-0.001243221926161491
5,2026-07-01,HighVol,0.0079784543675132,-0.001243221926161491
5,2026-07-02,HighVol,0.0136550155886394,-0.001243221926161491
5,2026-07-06,HighVol,-0.0028086017256355,-0.001243221926161491
5,2026-07-07,HighVol,0.0055101509891735,-0.001243221926161491
5,2026-07-08,HighVol,0.0126240580041947,-0.001243221926161491
5,2026-07-09,HighVol,-0.0013170654116505,-0.001243221926161491
5,2026-07-10,HighVol,-0.0154447764635441,-0.001243221926161491
5,2026-07-13,HighVol,-0.0094504000643289,-0.001243221926161491
5,2026-07-14,HighVol,-0.0047217957680246,-0.001243221926161491
5,2026-07-15,LowVol,-0.0098038240590315,-0.001243221926161491
5,2026-07-16,LowVol,-0.016703935577468,-0.001243221926161491
5,2026-07-17,LowVol,-0.0058657932710645,-0.001243221926161491
5,2026-07-20,LowVol,-0.0040426361916117,-0.001243221926161491
5,2026-07-21,LowVol,-0.0099161325370192,-0.001243221926161491
5,2026-07-22,LowVol,-0.0240162050505632,-0.001243221926161491
5,2026-07-23,LowVol,0.0047549510965501,-0.001243221926161491
5,2026-07-24,LowVol,0.0109618457788704,-0.001243221926161491
5,2026-07-27,LowVol,0.0251389619390993,-0.001243221926161491
5,2026-07-28,LowVol,0.0411279220645479,-0.001243221926161491
5,2026-07-29,LowVol,0.0552874110161984,-0.001243221926161491
5,2026-07-30,LowVol,0.0362280670209118,-0.001243221926161491
5,2026-07-31,LowVol,0.0351123508293746,-0.001243221926161491
5,2026-08-03,HighVol,0.0202727397589672,-0.001243221926161491
5,2026-08-04,HighVol,-0.0009983010050033,-0.001243221926161491
5,2026-08-05,HighVol,0.0035074660415173,-0.001243221926161491
