fold,Date,regime,y_true,y_pred
0,2011-02-02,LowVol,0.0136416201492692,-0.0010107379472166884
0,2011-02-03,LowVol,0.0117759556306247,-0.002835132733149141
0,2011-02-04,LowVol,0.0149448969421184,-0.0021964048767401786
0,2011-02-07,LowVol,0.0110626701548206,-0.0009906091635848325
0,2011-02-08,LowVol,0.0033194216759877,0.0016039764837262268
0,2011-02-09,LowVol,0.0119449062574545,-0.001328921677037522
0,2011-02-10,LowVol,0.0145855024532191,-0.0021011282722515896
0,2011-02-11,LowVol,0.0106677703840927,0.0018038714957408382
0,2011-02-14,LowVol,-0.0119909749276747,0.0001627685466467875
0,2011-02-15,LowVol,-0.0149617359678134,0.003157862292908938
0,2011-02-16,LowVol,-0.0218154054114585,0.003940104478092247
0,2011-02-17,LowVol,-0.0143018136601431,0.003688315695294303
0,2011-02-18,LowVol,-0.0102580315031165,0.0037283529617652958
0,2011-02-22,LowVol,-0.0068269970825967,-0.0031507764401807253
0,2011-02-23,LowVol,0.0014505788120147,-0.001270233649463278
0,2011-02-24,LowVol,0.0193999286617554,-0.0014136629458003324
0,2011-02-25,LowVol,0.0010579194014372,0.0018377496936674207
0,2011-02-28,LowVol,-0.012917749345423,0.0055474921246560765
0,2011-03-01,LowVol,0.0126018901724906,-0.0020334091791360575
0,2011-03-02,LowVol,0.0089929251844773,-0.0017794397537449495
0,2011-03-03,LowVol,-0.0264481091709775,-0.003700366700543273
0,2011-03-04,LowVol,-0.0123046255174358,-0.0017643187990113054
0,2011-03-07,LowVol,-0.0104994515126503,0.00038467442658329077
0,2011-03-08,LowVol,-0.030321516701994,-0.004448642385838244
0,2011-03-09,LowVol,-0.0469067741287612,-0.0003517852029005294
0,2011-03-10,HighVol,-0.0160845859144463,-0.0045124334871421016
0,2011-03-11,HighVol,-0.019297949047413,-0.001665870732387668
0,2011-03-14,HighVol,0.0019500976976205,-0.0036963594320408256
0,2011-03-15,HighVol,0.0100473190732714,-0.004297331166257768
0,2011-03-16,HighVol,0.0320438771091324,0.008556801413568566
0,2011-03-17,HighVol,0.0283040404061793,-0.012028389812452566
0,2011-03-18,HighVol,0.027708099460709,-0.0027455250553098842
0,2011-03-21,HighVol,0.0095578481491853,0.0009214312134798819
0,2011-03-22,HighVol,0.0198780714638628,0.0015829355904539316
0,2011-03-23,HighVol,0.0239856604652741,-0.003708463203038264
0,2011-03-24,HighVol,0.0129102931080689,-0.0038707186880278157
0,2011-03-25,HighVol,0.0140895678533168,-0.0035479251711757398
0,2011-03-28,HighVol,0.0174069013916833,-0.001062753777009032
0,2011-03-29,HighVol,0.010465821851409,-0.0034226833419448133
0,2011-03-30,HighVol,0.0067031013544922,-0.00273270198114974
0,2011-03-31,HighVol,0.0055058279951265,-0.0008243079458082852
0,2011-04-01,HighVol,-0.0021778335114958,-6.331248113348217e-05
0,2011-04-04,LowVol,-0.0060033494523356,0.00011728150855071622
0,2011-04-05,LowVol,-0.0132842877742387,-0.0004542822583793825
0,2011-04-06,LowVol,-0.0164594908968582,0.0002597520201145029
0,2011-04-07,LowVol,-0.0132011446752667,0.0009888465708827463
0,2011-04-08,LowVol,-0.0061721493566221,0.00507761172561421
0,2011-04-11,LowVol,-0.0143442087062318,0.007901569584763055
0,2011-04-12,LowVol,-0.0012171083104147,0.010818470425812507
0,2011-04-13,LowVol,0.0124753051469783,0.01465034300941783
0,2011-04-14,LowVol,0.0168742078157324,0.01275706653349865
0,2011-04-15,LowVol,0.0121177911598338,0.011701288907082457
0,2011-04-18,LowVol,0.0323987082080869,0.004827594627367456
0,2011-04-19,LowVol,0.0332033294634495,0.006820052912723335
0,2011-04-20,LowVol,0.022614381437964,-0.001119209309429242
0,2011-04-21,LowVol,0.019809071367324,-0.003446814228551815
0,2011-04-25,LowVol,0.0193053573238681,0.0003175651178438078
0,2011-04-26,LowVol,0.006974067985128,-0.0028428448181892388
0,2011-04-27,LowVol,-0.0061908141727083,0.000250696654896112
0,2011-04-28,LowVol,-0.0183672523410769,0.0003831515193978552
0,2011-04-29,LowVol,-0.0163454735659505,0.0010637499445197518
0,2011-05-02,LowVol,-0.0110114237924786,-0.00034900029265596904
0,2011-05-03,LowVol,0.0010312233938332,8.957919051233443e-05
0,2011-05-04,LowVol,-0.0028927194242814,0.0034352797422359297
0,2011-05-05,LowVol,0.0110020024493224,0.005656076874846587
0,2011-05-06,LowVol,-0.0011921259877664,0.005461152124692983
0,2011-05-09,LowVol,-0.0113569917939571,0.009608420126623194
0,2011-05-10,LowVol,-0.0198716534368005,0.003273879083560259
0,2011-05-11,LowVol,-0.0005951473990387,0.0037185932290519762
0,2011-05-12,LowVol,-0.002961342912956,0.003060342726099381
0,2011-05-13,LowVol,-0.0032080442183558,0.005164294908944634
0,2011-05-16,LowVol,-0.0084840893438054,0.0072012280569090275
0,2011-05-17,LowVol,-0.0091610738506584,0.0034272345058129925
0,2011-05-18,LowVol,-0.0146622724601698,0.0015089798957534214
0,2011-05-19,LowVol,-0.0124736774615324,0.004028458504829212
0,2011-05-20,LowVol,-0.0007484248671315,-0.0018169366035759664
0,2011-05-23,LowVol,0.0215051390001146,-0.0031070543673245056
0,2011-05-24,LowVol,-0.0006067565902125,0.0015842682427179104
0,2011-05-25,LowVol,-0.0049851853739746,0.0037792074216651205
0,2011-05-26,LowVol,-0.0193987031753499,0.004589622066193208
0,2011-05-27,LowVol,-0.0334806280680588,0.005401058628940019
0,2011-05-31,LowVol,-0.0440321649903215,-0.0023859020889520377
0,2011-06-01,LowVol,-0.0261619383971039,-0.005851040659789663
0,2011-06-02,LowVol,-0.0176877746000786,-0.005683811536650524
0,2011-06-03,LowVol,-0.0216223973950892,-0.005239205907806365
0,2011-06-06,LowVol,-0.0103846268995835,0.004260162057550423
0,2011-06-07,LowVol,0.0027913878794472,0.005904579321396896
0,2011-06-08,LowVol,-0.0109015658718797,0.00674389692504375
0,2011-06-09,LowVol,-0.0162286592960536,-0.0017921028284777654
0,2011-06-10,LowVol,0.0006261897527068,-0.006931354486255043
0,2011-06-13,LowVol,0.0049578317340632,-0.012685934021671709
0,2011-06-14,LowVol,0.0059678726051026,-0.01263034662062839
0,2011-06-15,HighVol,0.0180119926434891,-0.007861170898109124
0,2011-06-16,HighVol,0.0128520865133863,-0.00961985904871134
0,2011-06-17,HighVol,-0.001889277871149,-0.006458219626565142
0,2011-06-20,HighVol,0.0018791949441112,-0.003763714600326456
0,2011-06-21,HighVol,0.0012359884665633,-0.00634638244783369
0,2011-06-22,HighVol,0.0159323395519745,-0.006732656386062741
0,2011-06-23,HighVol,0.028604886765581,-0.007085533286294219
0,2011-06-24,HighVol,0.0560680055034079,-0.004814363545923282
0,2011-06-27,HighVol,0.0458810141228076,0.0002612909492796938
0,2011-06-28,HighVol,0.0336393572486111,-0.002120350751576667
0,2011-06-29,HighVol,0.0354957340785475,-0.006158884374141239
0,2011-06-30,HighVol,0.018413196538175,-0.005121205203420668
0,2011-07-01,HighVol,-0.014560810617856,-0.005060930936634853
0,2011-07-05,HighVol,-0.018010711479337,-0.0008641839191724078
0,2011-07-06,HighVol,-0.0158989214634476,-0.0037216635448607937
0,2011-07-07,HighVol,-0.0327271625152859,-0.0014277186960676004
0,2011-07-08,HighVol,-0.0201634310271798,-0.0003249656052404056
0,2011-07-11,HighVol,-0.010305401515939,0.003199350294498597
0,2011-07-12,HighVol,0.0101217268245037,0.002830491704793935
0,2011-07-13,HighVol,0.0061437837682261,0.0026108871312999125
0,2011-07-14,LowVol,0.0271899662771339,0.0031805773855256726
0,2011-07-15,LowVol,0.021945469842828,0.0051175321222464145
0,2011-07-18,HighVol,0.0246537767335652,0.004643133850348379
0,2011-07-19,HighVol,0.0045210737718597,0.002940065384687099
0,2011-07-20,HighVol,-0.0154541558486003,0.00043299666073554587
0,2011-07-21,HighVol,-0.0317497833858837,-0.00385564810541267
0,2011-07-22,HighVol,-0.0390104511233411,-0.000362357669720468
0,2011-07-25,HighVol,-0.0377346306517719,-0.00022104570042646505
0,2011-07-26,HighVol,-0.0588017088005911,0.0017136868888309924
0,2011-07-27,HighVol,-0.0339205018282257,-0.005866200681236036
0,2011-07-28,HighVol,-0.0764859555406586,-0.002297678682827517
0,2011-07-29,HighVol,-0.0715225012759611,0.0018727375162548624
0,2011-08-01,LowVol,-0.1282806911665461,0.003110420633350906
0,2011-08-02,HighVol,-0.0638300701803297,-0.008993261087759212
0,2011-08-03,HighVol,-0.1100103381661301,0.0002971069848588758
0,2011-08-04,HighVol,-0.0243638924540012,0.04866256372841948
0,2011-08-05,HighVol,-0.0163222580058356,0.02959158348436989
0,2011-08-08,HighVol,0.0744698313014931,-0.0015366084386557888
0,2011-08-09,HighVol,0.0179606921988118,-0.04513163492200021
0,2011-08-10,HighVol,0.0657229158935386,-0.014276557482338689
0,2011-08-11,HighVol,-0.0240346745053149,-0.06230584251227878
0,2011-08-12,HighVol,-0.0463933881256143,-0.05267599490404565
0,2011-08-15,HighVol,-0.0654119659586537,-0.0444783283156423
0,2011-08-16,HighVol,-0.0263401465644163,-0.023096040840171007
0,2011-08-17,HighVol,-0.0132869001402741,-0.001551107842373548
0,2011-08-18,HighVol,0.0154570657928967,0.013174798673822366
0,2011-08-19,HighVol,0.0473187215963279,0.005512039469047516
0,2011-08-22,HighVol,0.076554650794234,0.038275359809036624
0,2011-08-23,HighVol,0.0450019297107548,0.04997142945810355
0,2011-08-24,HighVol,0.0350613187785708,0.003829838846184707
0,2011-08-25,HighVol,0.0400754938318486,0.045378070110973515
0,2011-08-26,HighVol,-0.0010175151713666,0.02929654001398246
0,2011-08-29,HighVol,-0.0360084012290807,0.0005246470790855829
0,2011-08-30,HighVol,-0.0114235916233143,0.004621930569862745
0,2011-08-31,HighVol,-0.0260187148138192,0.004751228320824315
0,2011-09-01,HighVol,-0.0415078470387004,0.011912215693813991
0,2011-09-02,HighVol,-0.010012554044174,0.021876014186308208
0,2011-09-06,HighVol,0.006410532908291,0.011579126301132609
0,2011-09-07,HighVol,-0.0076481835564055,-0.020283281635893047
0,2011-09-08,HighVol,0.0200774284682887,0.0025861854565401277
0,2011-09-09,HighVol,0.0537326071855994,-0.015263680922015894
0,2011-09-12,HighVol,0.0365344137027827,-0.005764213849348328
0,2011-09-13,HighVol,0.0259190311853663,-0.009408512968969841
0,2011-09-14,HighVol,-0.0178991698875402,-0.011538979493489754
0,2011-09-15,HighVol,-0.0657675673747749,-0.014036805989459056
0,2011-09-16,HighVol,-0.0656684170339956,0.003473835439708161
0,2011-09-19,HighVol,-0.0338294390794186,-0.0007919611563832334
0,2011-09-20,HighVol,-0.0218856848356451,-0.0038043785225420697
0,2011-09-21,HighVol,-0.0127752189003182,0.0010479796361418344
0,2011-09-22,HighVol,0.0282652581861582,0.014690864996363701
0,2011-09-23,HighVol,-0.003434543271459,0.022123336287226833
0,2011-09-26,HighVol,-0.0542841188835041,0.005130947615315122
0,2011-09-27,HighVol,-0.0442403419966406,0.006468571545016896
0,2011-09-28,HighVol,-0.0062534213619325,0.002374480045587711
0,2011-09-29,HighVol,0.0037917443573884,-0.007064377803353234
0,2011-09-30,HighVol,0.0226247948089446,0.00281425686817029
0,2011-10-03,HighVol,0.0877827322920763,-0.008744356767190056
0,2011-10-04,HighVol,0.0655159118441179,-0.026677203436016254
0,2011-10-05,HighVol,0.055322488299782,-0.004595948848805598
0,2011-10-06,HighVol,0.0345092766840879,-0.01400473857625433
0,2011-10-07,HighVol,0.0592861299702394,-0.0067898553885548584
0,2011-10-10,HighVol,0.0054360433524829,-0.018887855755436184
0,2011-10-11,HighVol,0.0240597023205955,-0.014785188317756066
0,2011-10-12,HighVol,0.0031471335255734,-0.01358959431119238
0,2011-10-13,HighVol,0.0095426978901476,-0.012666834462702222
0,2011-10-14,HighVol,0.0114218375239096,-0.02104646946328505
0,2011-10-17,HighVol,0.0437493521970802,-0.021174226326103288
0,2011-10-18,HighVol,0.0038345145327884,-0.023023425341351704
0,2011-10-19,HighVol,0.0261705127895528,-0.013476417289289644
0,2011-10-20,HighVol,0.0572908082587169,0.0012190570493702231
0,2011-10-21,HighVol,0.0373477867558973,0.001253757518780505
0,2011-10-24,HighVol,7.953768601876021e-05,-0.006985458707261413
0,2011-10-25,HighVol,-0.0085332024787416,-4.016702950618409e-05
0,2011-10-26,HighVol,-0.0024945998833358,0.0026256210393038404
0,2011-10-27,HighVol,-0.018502825726868,-0.014107707493335076
0,2011-10-28,HighVol,-0.0242611974225326,-0.0007182887206664871
0,2011-10-31,HighVol,0.0060558012497136,0.013843995259268629
0,2011-11-01,HighVol,0.0481969998288405,0.012669071318775989
0,2011-11-02,HighVol,-0.0066933713951964,-0.004728447659476631
0,2011-11-03,HighVol,-0.0152870170802451,0.007023693808333159
0,2011-11-04,HighVol,0.0094039939448882,0.01856297643884789
0,2011-11-07,HighVol,-0.0063361076894106,0.01710702131144077
0,2011-11-08,HighVol,-0.0140759454699108,0.012803619908211522
0,2011-11-09,HighVol,0.0074696213386391,-0.010777103055973814
0,2011-11-10,HighVol,-0.0177764861320626,0.009954541215495855
0,2011-11-11,HighVol,-0.0369493048057244,-0.004570814025827439
0,2011-11-14,HighVol,-0.0462297758564437,0.01942229061749428
0,2011-11-15,HighVol,-0.0546478523502664,-0.0013560305765937409
0,2011-11-16,HighVol,-0.0606062392041101,0.005622547301371147
0,2011-11-17,HighVol,-0.0472525041960169,-0.004710434454100215
0,2011-11-18,HighVol,-0.0186095897613636,0.006823817538317456
0,2011-11-21,HighVol,0.0032592960135338,0.0024847471700342708
0,2011-11-22,HighVol,0.0486615243128114,0.011453423206272347
0,2011-11-23,HighVol,0.0721517624366774,-0.015586288629389749
0,2011-11-25,HighVol,0.0732336025371689,0.007549118065399984
0,2011-11-28,HighVol,0.0543812921513049,-0.004839119137775715
0,2011-11-29,HighVol,0.0517282481889065,-0.016405693848728906
0,2011-11-30,HighVol,0.0139213308891636,-0.009199380092961803
0,2011-12-01,HighVol,-0.0081618648207992,-0.0007269517716237916
0,2011-12-02,HighVol,0.0095308657140362,0.0006162273417922053
0,2011-12-05,HighVol,-0.0159247562606813,-0.003906526183435551
0,2011-12-06,HighVol,-0.0254234833908851,-0.008930694056874022
0,2011-12-07,HighVol,-0.0393753549536064,-0.002453201301468368
0,2011-12-08,HighVol,-0.0142800319137679,0.005841129647197889
0,2011-12-09,HighVol,-0.0292651077184863,0.0053039195886125145
0,2011-12-12,HighVol,-0.0254174265806349,0.008065662535213822
0,2011-12-13,HighVol,0.0135391134226612,0.012070080664568801
0,2011-12-14,HighVol,0.0264296815101006,0.013084432748756697
0,2011-12-15,HighVol,0.03179309061288,0.008013303783320018
0,2011-12-16,HighVol,0.039476811684916,0.004022172796025645
0,2011-12-19,HighVol,0.0515422442703059,0.0008444861955025948
0,2011-12-20,HighVol,0.0072618502191192,0.005489674102449515
0,2011-12-21,HighVol,0.0157044564830559,0.0059587397266429405
0,2011-12-22,HighVol,0.0018361600854404,0.0066853282583617816
0,2011-12-23,HighVol,0.0087824406817167,0.0027519215305564586
0,2011-12-27,HighVol,0.0095658249713719,-0.0003240666493829498
0,2011-12-28,HighVol,0.0257150357540494,0.004633128467429858
0,2011-12-29,HighVol,0.0126067939336957,-0.0029416262125871425
0,2011-12-30,HighVol,0.0200796780202967,0.0009633926431838178
0,2012-01-03,HighVol,0.0127839706743961,-0.0015730588535691982
0,2012-01-04,HighVol,0.0117461866438426,-0.002011630289181334
0,2012-01-05,HighVol,0.0114810736038999,-0.002403915114245315
0,2012-01-06,HighVol,0.0088480686444465,-0.0012082814528083443
0,2012-01-09,HighVol,0.0103110078254582,-0.0013505337005608336
0,2012-01-10,HighVol,0.0127004768591554,-0.00027968729322162226
0,2012-01-11,HighVol,0.0174928203946398,0.001428804332786537
0,2012-01-12,HighVol,0.0188401282774728,0.003190224980360656
0,2012-01-13,LowVol,0.0214996066327166,0.0017101794626865595
0,2012-01-17,LowVol,0.0163911200789796,0.0031354107611737585
0,2012-01-18,LowVol,0.0136878124438906,0.0030820234611041364
0,2012-01-19,LowVol,0.0031946998773424,0.003845225920667104
0,2012-01-20,LowVol,-0.0009854313783351,0.0023750638063710244
0,2012-01-23,LowVol,-0.0018238145727582,0.0025247718868445187
0,2012-01-24,LowVol,-0.0010650742593858,0.003688315695294303
0,2012-01-25,LowVol,-0.0006784273582685,0.0033725590662476664
0,2012-01-26,LowVol,0.0060660657217062,0.003501036533281514
0,2012-01-27,LowVol,0.0206343882831276,0.005017001598704916
0,2012-01-30,LowVol,0.0234455328488401,0.008039837035825458
0,2012-01-31,LowVol,0.026423429037969,0.00997004311888994
0,2012-02-01,LowVol,0.0205328388131158,0.004781483871526628
0,2012-02-02,LowVol,0.0201990335052117,0.004882862992938938
0,2012-02-03,LowVol,-0.0013379803656801,0.0006796254875178248
0,2012-02-06,LowVol,0.0067684419940379,0.001686348316752907
0,2012-02-07,LowVol,0.0029679544267675,0.0027387890510925128
0,2012-02-08,LowVol,-0.0046602342320484,0.002466763146877275
0,2012-02-09,LowVol,0.0050976483391653,0.0022406971454308165
0,2012-02-10,LowVol,0.0152575224001398,0.0030291051944359697
0,2012-02-13,LowVol,0.0082001578206274,0.002968204729885295
0,2012-02-14,LowVol,0.0062134761514931,0.0032376637027748947
0,2012-02-15,LowVol,0.0153838698739954,0.007420136145986647
0,2012-02-16,LowVol,0.0064674650102436,-0.0015458155827755033
0,2012-02-17,LowVol,0.0054981219753185,0.0026149335479659897
0,2012-02-21,LowVol,0.0079868121499881,0.0027352183670189367
0,2012-02-22,LowVol,0.0072779622687439,0.007426407454923806
0,2012-02-23,LowVol,0.0080506236751916,0.0026662254379271693
0,2012-02-24,LowVol,0.0027757715199745,0.0038429981037265792
0,2012-02-27,LowVol,-0.0029890532163734,0.003213995958649749
0,2012-02-28,LowVol,-0.0204272878685913,0.0040169280660974326
0,2012-02-29,LowVol,-0.0097066267613987,0.0074262753932735365
0,2012-03-01,LowVol,-0.0050096457534052,0.0020716383613187273
0,2012-03-02,LowVol,0.0018934994524613,0.009191223241731375
0,2012-03-05,LowVol,0.0060693473507329,0.004370680693396306
0,2012-03-06,LowVol,0.0394065507491283,0.006363798252671521
0,2012-03-07,LowVol,0.0311002454259812,0.007209276802265704
0,2012-03-08,LowVol,0.0268537316264949,0.006123263662214997
0,2012-03-09,LowVol,0.0243137080224986,0.0011356466857338026
0,2012-03-12,LowVol,0.0282544646996385,0.0005210421327107478
0,2012-03-13,LowVol,0.0071073932946226,-0.005008122594660056
0,2012-03-14,LowVol,0.0065360275346855,-0.001631059471690095
0,2012-03-15,LowVol,-0.0064669308289625,-0.002297226045835434
0,2012-03-16,LowVol,-0.0046329307780308,-0.0019565132312522352
0,2012-03-19,LowVol,0.0053959081810555,-0.0012966546931519774
0,2012-03-20,LowVol,0.0051977226650854,0.0027222111543287433
0,2012-03-21,LowVol,0.0018546127530079,0.0026019046348860378
0,2012-03-22,LowVol,0.0073995110119247,0.004693247517432586
0,2012-03-23,LowVol,0.0083064818255147,0.0054020931500701926
0,2012-03-26,LowVol,0.0016244525119326,-0.0007606110416678866
0,2012-03-27,LowVol,0.0006375945440302,0.003596792440574884
0,2012-03-28,LowVol,-0.0043428521473015,0.005151557071674353
0,2012-03-29,LowVol,-0.0031377363996037,0.001982969274462682
0,2012-03-30,LowVol,-0.0183933620639493,0.0038917588379805113
0,2012-04-02,LowVol,-0.0418787197536777,0.00406116358392619
0,2012-04-03,LowVol,-0.0301572227118376,0.005871228048379645
0,2012-04-04,LowVol,-0.0076505827261069,0.004069066925704559
0,2012-04-05,LowVol,-0.0189569478640395,0.004958394311680282
0,2012-04-09,LowVol,-0.0084649932432279,0.00045863700963942453
0,2012-04-10,LowVol,0.0233998950332148,0.004329751328502581
0,2012-04-11,LowVol,0.0117521646583369,0.0006820269918713935
0,2012-04-12,LowVol,-0.0077097767326373,0.002107787607379052
0,2012-04-13,LowVol,0.0059064062114013,-0.002865791552309962
0,2012-04-16,LowVol,-0.0018968758442716,-8.018271471748113e-06
0,2012-04-17,LowVol,-0.0127264297743004,-0.006086959280197942
0,2012-04-18,LowVol,0.0041840850712944,-0.0010898985020590184
0,2012-04-19,LowVol,0.0177170864718114,-0.002199205338509689
0,2012-04-20,LowVol,0.0176876106848873,-0.0008150433134367901
0,2012-04-23,LowVol,0.0225160053092525,-0.0027956500736330916
0,2012-04-24,LowVol,0.0249801105152553,0.0031346507735124265
0,2012-04-25,LowVol,0.0081185675996822,-0.002243673835618483
0,2012-04-26,LowVol,-0.0064923468853895,-0.0032825779745881065
0,2012-04-27,LowVol,-0.024147372032244,-0.003451600130391194
0,2012-04-30,LowVol,-0.0198041561661784,-0.0037258712025418665
0,2012-05-01,LowVol,-0.0297712278225203,-0.00233694088226057
0,2012-05-02,LowVol,-0.032639597137874,-0.0001532584991754526
0,2012-05-03,LowVol,-0.0231956703531108,0.0042227235484829945
0,2012-05-04,HighVol,-0.0101459148786815,-0.006291218961664393
0,2012-05-07,LowVol,-0.0218087924068764,0.003925757306313712
0,2012-05-08,LowVol,-0.0235081704493079,-0.0036825416477629944
0,2012-05-09,LowVol,-0.0214382413371483,0.0036671909950115244
0,2012-05-10,LowVol,-0.0379357659778012,0.0027292675865856217
0,2012-05-11,LowVol,-0.0432857994851614,0.004830979050776416
0,2012-05-14,LowVol,-0.0159572067663317,0.0034789494161681332
0,2012-05-15,LowVol,-0.0085493963288081,0.004096111140989612
0,2012-05-16,LowVol,-0.0042157006639803,-0.004497507351687555
0,2012-05-17,LowVol,0.0127619590692034,0.00826476072561478
0,2012-05-18,LowVol,0.0181903708799728,0.00918313156909253
0,2012-05-21,LowVol,0.0131089906319477,-0.004267945399977217
0,2012-05-22,LowVol,-0.0033281784692343,-0.003101753594944883
0,2012-05-23,LowVol,-0.0060482531190568,-0.007090123334211823
0,2012-05-24,LowVol,-0.032973612611177,-0.005266061733226378
0,2012-05-25,LowVol,-0.0302800344194079,-0.005282285300635417
0,2012-05-29,LowVol,-0.0346292519633447,-0.0050656482959089595
0,2012-05-30,LowVol,0.0015934748414778,-0.001146785226305079
0,2012-05-31,LowVol,0.0044114674504516,-0.0016008513340126094
0,2012-06-01,HighVol,0.0385455329430781,0.004788537156029502
0,2012-06-04,LowVol,0.0258389089373431,0.009434546577672134
0,2012-06-05,HighVol,0.0298286155634819,0.0007545123283662913
0,2012-06-06,HighVol,0.0007582042043807,-0.003086238437792371
0,2012-06-07,HighVol,0.0107538465696197,-0.005034230382542666
0,2012-06-08,HighVol,0.0130356735297549,-0.0032643714904430966
0,2012-06-11,HighVol,0.0280523499027969,-0.0038376820374415544
0,2012-06-12,HighVol,0.0262044044319129,-0.0011972888883257982
0,2012-06-13,HighVol,0.0311348522499805,-0.001807178621627881
0,2012-06-14,HighVol,-0.002576128452605,-0.004581417888402469
0,2012-06-15,HighVol,-0.0050693520866246,-0.0045062667383678374
0,2012-06-18,HighVol,-0.0229162532399267,-0.003205588945507134
0,2012-06-19,HighVol,-0.0274135431787193,-0.0028610410870740788
0,2012-06-20,HighVol,-0.0170507429236375,-0.0036933461513602153
0,2012-06-21,HighVol,0.0026427117984821,-0.00223507332651845
0,2012-06-22,HighVol,0.0197811251189525,0.0029997360273437573
0,2012-06-25,HighVol,0.0395218119699296,0.003984561668825518
0,2012-06-26,HighVol,0.0411427874022527,0.003988096199969169
0,2012-06-27,HighVol,0.0271832729736987,0.007640284364857443
0,2012-06-28,HighVol,0.0203329626651074,0.00029815189568463315
0,2012-06-29,HighVol,-0.0057308990281742,-0.0007591955198947224
0,2012-07-02,HighVol,-0.0173614441228373,0.002189220906106833
0,2012-07-03,HighVol,-0.0236519689386914,0.0035086746820869354
0,2012-07-05,HighVol,-0.0239784674268421,0.002064300943223892
0,2012-07-06,HighVol,0.001919307254637,-0.0032212408061552925
0,2012-07-09,HighVol,0.0008128215921296,-0.0001112666445765634
0,2012-07-10,HighVol,0.016549828409937,0.0026910636556977453
0,2012-07-11,HighVol,0.0239266641924236,0.0022335518229662805
0,2012-07-12,HighVol,0.0316080217713228,-0.0002958732407716438
0,2012-07-13,HighVol,0.0053034341627831,-0.00012439047976684964
0,2012-07-16,HighVol,-0.0025108199613024,-0.000549989288816846
0,2012-07-17,HighVol,-0.0178206629012398,-0.003232671525733719
0,2012-07-18,HighVol,-0.0248230766932247,-0.0027971001720052905
0,2012-07-19,HighVol,-0.0113265049863712,-0.003754512276596687
0,2012-07-20,HighVol,0.0161941449963565,-0.002235008310840703
0,2012-07-23,HighVol,0.026574947792691,-0.0003292368036075695
0,2012-07-24,LowVol,0.0282239451108143,-0.002607463517790136
0,2012-07-25,LowVol,0.0270974567271859,0.0007302385500819961
0,2012-07-26,HighVol,0.0034516442294196,0.0005584352281817026
0,2012-07-27,HighVol,0.0048314342578734,-0.0032746976475297156
0,2012-07-30,LowVol,0.0067783443114424,-0.002837006847862051
0,2012-07-31,LowVol,0.0189528090741584,-0.0031359344073793784
0,2012-08-01,LowVol,0.0210770888388012,-0.0035290069403835843
0,2012-08-02,LowVol,0.0290547174291999,-0.001792409309967458
0,2012-08-03,HighVol,0.0106925365766628,-0.002075111473343258
0,2012-08-06,HighVol,0.0082365979462601,-0.0011252879312455024
0,2012-08-07,HighVol,0.0033492138400528,0.0005281119997780968
0,2012-08-08,HighVol,0.0032737794189252,-0.0006389107642642727
0,2012-08-09,LowVol,0.009814131804692,-0.0030101071377983887
0,2012-08-10,LowVol,0.009514049935174,-0.00025962391302533703
0,2012-08-13,LowVol,0.0100877294507073,-9.988416583687479e-05
0,2012-08-14,LowVol,0.0068897558915788,0.0018009495988337819
0,2012-08-15,LowVol,0.0061730047873014,0.0030053029347265068
0,2012-08-16,LowVol,-0.0093667789190409,0.002230386979114151
0,2012-08-17,LowVol,-0.0047121587226963,0.0035131435443546124
0,2012-08-20,LowVol,-0.0045719318926213,0.0030644317980652565
0,2012-08-21,LowVol,-0.0025396399767174,0.007322910295987278
0,2012-08-22,LowVol,-0.0021861708081486,0.007733546491081
0,2012-08-23,LowVol,-0.001208489549186,0.010244354738064424
0,2012-08-24,LowVol,-0.0024730532464262,0.005174677787758389
0,2012-08-27,LowVol,-0.0036032039046989,0.007056300403536363
0,2012-08-28,LowVol,-0.0034652716153841,0.008778466734746426
0,2012-08-29,LowVol,0.0159709516082613,0.008934065266238127
0,2012-08-30,LowVol,0.0273328214093611,0.009063037292315964
0,2012-08-31,LowVol,0.0166473108508193,0.004820190718868488
0,2012-09-04,LowVol,0.0204215279581536,0.00548420966205865
0,2012-09-05,LowVol,0.0246973004595587,0.006445549156378814
0,2012-09-06,LowVol,0.0196145463377572,-0.00597514574369315
0,2012-09-07,LowVol,0.0201620343631567,-0.00260596029104491
0,2012-09-10,LowVol,0.0225076855288388,-0.002686925647422957
0,2012-09-11,LowVol,0.0188312998410629,-0.00321921409970978
0,2012-09-12,LowVol,0.01599790306287,-0.0020560224606046146
0,2012-09-13,LowVol,0.0008182110923573,-0.0034151862698271625
0,2012-09-14,LowVol,-0.0040159854612763,-0.00452499531081944
0,2012-09-17,LowVol,-0.0021298405300875,-0.002707298929921421
0,2012-09-18,LowVol,-0.011940744473495,-0.0012518672577141665
0,2012-09-19,LowVol,-0.0180307119969388,-0.0022103605568798692
0,2012-09-20,LowVol,-0.0088466403332916,0.002022941257941867
0,2012-09-21,LowVol,-0.0130249876083732,0.005526953602600606
0,2012-09-24,LowVol,-0.0089252838536001,0.008906639853533687
0,2012-09-25,LowVol,0.0027756562725032,0.00615369345875002
0,2012-09-26,LowVol,0.0125620102565486,0.0030134621280932536
0,2012-09-27,LowVol,0.0103020285519725,0.010388263178739789
0,2012-09-28,LowVol,0.0150724388738723,0.01052052250154074
0,2012-10-01,LowVol,0.0089362901747993,0.010654339342062556
0,2012-10-02,LowVol,-0.002076046953773,0.009929024508379021
0,2012-10-03,LowVol,-0.012474981818599,0.00670722165523783
0,2012-10-04,LowVol,-0.0189558231549038,0.00043367937675921494
0,2012-10-05,LowVol,-0.022239020612366,8.603257965020322e-07
0,2012-10-08,LowVol,-0.0107113959133565,0.002184364418496997
0,2012-10-09,LowVol,0.0092919341907657,0.003997003552961917
0,2012-10-10,LowVol,0.0203794066561333,0.007396305953869763
0,2012-10-11,LowVol,0.0171598180234036,0.007580166334486496
0,2012-10-12,LowVol,0.0034992223423711,0.0067955606273008605
0,2012-10-15,LowVol,-0.00465010648212,0.008757945469987611
0,2012-10-16,LowVol,-0.0283076785212023,-8.89111789775057e-05
0,2012-10-17,LowVol,-0.0354307116551009,-0.0015033525803486109
0,2012-10-18,LowVol,-0.0301061231119396,-0.0002857012896301513
0,2012-10-19,LowVol,-0.0142266171286057,-0.003114867072656074
0,2012-10-22,LowVol,-0.0143639508005892,0.002031629423404426
0,2012-10-23,LowVol,0.0099702560947778,-0.0057768307645817045
0,2012-10-24,LowVol,0.0038293209874424,-0.0013139151030796855
0,2012-10-25,LowVol,0.0029699395381221,-0.002805390542441962
0,2012-10-26,LowVol,0.0113899508848496,-0.0012191305239473368
0,2012-10-31,LowVol,-0.0115321182144959,0.002063402251502775
0,2012-11-01,LowVol,-0.03353664339849,0.0005571189474247722
0,2012-11-02,LowVol,-0.0240181901142514,-0.005133252512845491
0,2012-11-05,LowVol,-0.0252378724280789,-0.0023972563724938287
0,2012-11-06,LowVol,-0.0361641795277148,-0.003412073437517614
0,2012-11-07,LowVol,-0.0271256290913703,-0.0033724431375909466
0,2012-11-08,LowVol,-0.01695169359234,0.002128909146317702
0,2012-11-09,LowVol,-0.0129557582906459,-0.00211004618907203
0,2012-11-12,LowVol,0.0062193508985457,0.00015721560628948668
0,2012-11-13,LowVol,0.0101605249471146,0.004428645077128892
0,2012-11-14,LowVol,0.0258953746093322,0.004165673968356818
0,2012-11-15,LowVol,0.0416366767917473,-0.0028522825221176137
0,2012-11-16,LowVol,0.0343180637541926,-0.005090260425558995
0,2012-11-19,HighVol,0.0086254711724911,-0.0050159970863821995
0,2012-11-20,HighVol,0.0163087228401985,-0.005240623227502492
0,2012-11-21,HighVol,0.0191466046714543,-0.003731612392807359
0,2012-11-23,HighVol,0.0056591769285081,-0.0013666828139323715
0,2012-11-26,HighVol,0.0028362257947973,-0.004908401424330487
0,2012-11-27,HighVol,0.006555586037318,-0.0045306349257604964
0,2012-11-28,HighVol,0.000282540533897,-0.0077345741225767
0,2012-11-29,HighVol,-0.0009847425158718,-0.006889733819648549
0,2012-11-30,HighVol,0.0018288587098085,-0.0039348450387742765
0,2012-12-03,HighVol,0.0072105941794173,-0.0021125754875113982
0,2012-12-04,HighVol,0.0155044775735002,0.0022234113658259305
0,2012-12-05,LowVol,0.0142048822834148,0.002552492659255837
0,2012-12-06,LowVol,0.0045783021528138,0.003044459946313699
0,2012-12-07,LowVol,-0.0021766286822157,0.0026690452718105655
0,2012-12-10,LowVol,0.0091247747498437,0.0026781990779146643
0,2012-12-11,LowVol,0.013454875719661,0.0010224693764334179
0,2012-12-12,LowVol,0.0054351207989273,0.002857391484346355
0,2012-12-13,LowVol,0.0174573199449541,0.008658205631557985
0,2012-12-14,LowVol,0.0119827290086409,0.008050883735662064
0,2012-12-17,LowVol,-0.0028545740615869,0.0011438543166571995
0,2012-12-18,LowVol,-0.0179859861853196,0.002392249222881597
0,2012-12-19,LowVol,-0.0119621894581165,-0.00021844897448063184
0,2012-12-20,LowVol,-0.0282306540245635,-0.001484143857962645
0,2012-12-21,LowVol,-0.0026615674875796,-0.004335654817225311
0,2012-12-24,LowVol,0.0260629474770004,0.00556295988499374
0,2012-12-26,LowVol,0.0280773885580623,0.0047997321809621725
0,2012-12-27,LowVol,0.0339789385959019,0.00015696223551743739
0,2012-12-28,LowVol,0.0424196208018041,-0.0014357063870292328
0,2012-12-31,LowVol,0.0220493329268611,-0.003526225445062962
0,2013-01-02,LowVol,-0.0009587314646184,-0.0015085794464879604
0,2013-01-03,LowVol,0.0092640503202996,0.0005165654390418082
0,2013-01-04,LowVol,0.0047821923391719,0.0008232643992305947
0,2013-01-07,LowVol,0.0068509041004398,0.0005570066720340377
0,2013-01-08,HighVol,0.0104430034055351,-0.0016772330673236297
0,2013-01-09,HighVol,0.0077441032884195,0.001449437215935705
0,2013-01-10,HighVol,0.0062547707013,-1.8841164808240566e-05
0,2013-01-11,HighVol,0.0085676958301079,0.00018182432020235337
0,2013-01-14,LowVol,0.0146964867507475,-0.0008718937198931187
0,2013-01-15,LowVol,0.0156391036381626,9.451797588853498e-05
0,2013-01-16,LowVol,0.0160488985344826,0.004109025487839238
0,2013-01-17,LowVol,0.0152028983174161,0.001262256503011475
0,2013-01-18,LowVol,0.0117304024318074,0.001115685156518652
0,2013-01-22,LowVol,0.0102597601297429,0.002765916145394157
0,2013-01-23,LowVol,0.0046862090349848,0.0037874146165052846
0,2013-01-24,LowVol,0.0019407639715811,0.003055088905163909
0,2013-01-25,LowVol,0.0065887411907674,0.0033066189770765636
0,2013-01-28,LowVol,-0.0035313760356928,0.00403894468841794
0,2013-01-29,LowVol,0.002588087401051,0.005087372818025288
0,2013-01-30,LowVol,0.0072635737566453,0.0036457590247763816
0,2013-01-31,LowVol,0.0084172393996111,0.00455763426892988
0,2013-02-01,LowVol,0.0037030089623679,0.0016124330566192463
0,2013-02-04,LowVol,0.0149123776312729,0.0050187858070394826
0,2013-02-05,LowVol,0.0064219379419372,0.0031619809284272635
0,2013-02-06,LowVol,0.0065492644534361,0.002636853715256522
0,2013-02-07,LowVol,0.0088101504785769,0.0016421058038356307
0,2013-02-08,LowVol,0.0020419725511802,0.0029784479804571815
0,2013-02-11,LowVol,0.0097510530118123,0.0033136191246310185
0,2013-02-12,LowVol,-0.0044728208372265,0.00507168674864173
0,2013-02-13,LowVol,-0.0113706006326567,0.0022535075884151066
0,2013-02-14,LowVol,-0.0026266245367118,0.0011750891938667452
0,2013-02-15,LowVol,-0.0204457567954047,0.004895661910841985
0,2013-02-19,LowVol,-0.0210767093372257,0.0016057518680177446
0,2013-02-20,LowVol,0.0037665798388599,0.004557206756603896
0,2013-02-21,LowVol,0.007911029609662,0.006382507912839488
0,2013-02-22,LowVol,0.0014481728866437,0.0031627449493741486
0,2013-02-25,LowVol,0.0263086189690124,-0.0003132185238187463
0,2013-02-26,LowVol,0.0284630498679079,0.0002621725756735616
0,2013-02-27,LowVol,0.0170494549419686,-0.0016187522638477791
0,2013-02-28,LowVol,0.0209088468314571,-0.0008740362823862822
0,2013-03-01,LowVol,0.0218929092058233,-0.0041358618528910766
0,2013-03-04,LowVol,0.020337523403525,-0.0021663559375680683
0,2013-03-05,LowVol,0.0090084222484043,0.00026476752042399405
0,2013-03-06,LowVol,0.0090614039533152,-0.0012354937351511939
0,2013-03-07,LowVol,0.012598841890465,-0.0036931102351776286
0,2013-03-08,LowVol,0.0069673309251034,-0.0014356680124676879
0,2013-03-11,LowVol,-0.002375871826188,-0.00033405984796568296
0,2013-03-12,LowVol,-0.0024555133745285,0.0008765059510525614
0,2013-03-13,LowVol,0.0030946525286748,0.0009251534428958469
0,2013-03-14,LowVol,-0.0107410384842773,0.0013397308215421357
0,2013-03-15,LowVol,-0.001476259637317,0.0011199375539736854
0,2013-03-18,LowVol,-0.0001286829793893,0.004698733348999756
0,2013-03-19,LowVol,0.0102190743723757,0.0048106695074126935
0,2013-03-20,LowVol,0.0032110429061165,0.005172375402589732
0,2013-03-21,LowVol,0.0149646489353165,0.009491282210091788
0,2013-03-22,LowVol,0.0028924038669881,0.005724948489591082
0,2013-03-25,LowVol,0.0120677578083276,0.009456077677388233
0,2013-03-26,LowVol,-0.0061459295127457,0.003955189538727756
0,2013-03-27,LowVol,-0.002112471906273,0.003325781847742708
0,2013-03-28,LowVol,-0.0096377689678979,0.0027894267130025843
0,2013-04-01,LowVol,0.0010249743649148,0.00617950617511202
0,2013-04-02,LowVol,-0.0004461446394211,0.00195599603767431
0,2013-04-03,LowVol,0.0221605400536815,0.0024644156136224256
0,2013-04-04,LowVol,0.0213654420032425,0.0027120490537738966
0,2013-04-05,LowVol,0.0234593644361462,0.005850124322520602
0,2013-04-08,LowVol,-0.0069776656043719,0.004671317570130017
0,2013-04-09,LowVol,0.0042108858700498,0.002761035612836806
0,2013-04-10,LowVol,-0.0224366020462998,-0.0015668210995196934
0,2013-04-11,LowVol,-0.0317234169429203,-0.00044798816049591687
0,2013-04-12,LowVol,-0.0209067059140836,-0.0008610466554405214
0,2013-04-15,LowVol,0.0067691468374104,-0.000278436314183326
0,2013-04-16,LowVol,0.00235014270503,-0.003318207191796212
0,2013-04-17,HighVol,0.0178588297740356,-0.0003283611447848153
0,2013-04-18,HighVol,0.0284159806639758,-0.002723564112373752
0,2013-04-19,HighVol,0.0177514902099424,0.002857959269297405
0,2013-04-22,HighVol,0.0200419204320214,0.001802641471048413
0,2013-04-23,HighVol,0.0120420198295361,-0.00479060179985202
0,2013-04-24,HighVol,0.0025328249791827,-0.0026978468421644296
0,2013-04-25,HighVol,0.0077595487762502,-0.001974475613513457
0,2013-04-26,HighVol,0.0197799896980856,-0.0019393955898748471
0,2013-04-29,HighVol,0.015568837396239,-0.003902830046528274
0,2013-04-30,HighVol,0.0182868552910167,-0.0020081249255939444
0,2013-05-01,HighVol,0.0319687245032442,0.0006205808094060252
0,2013-05-02,HighVol,0.0195927789444112,-0.0001898900316410796
0,2013-05-03,HighVol,0.0126418436311399,0.00027550043828790784
0,2013-05-06,HighVol,0.0108785142515122,0.0016536228892130459
0,2013-05-07,HighVol,0.0161748415562219,-0.0012492400825768995
0,2013-05-08,HighVol,0.0170203107980377,0.0016390839870658372
0,2013-05-09,HighVol,0.0151030932920186,0.0010175001017054327
0,2013-05-10,HighVol,0.021602176126269,0.001956115906963481
0,2013-05-13,LowVol,0.0207289097747702,0.0013919081911523028
0,2013-05-14,LowVol,0.01174113605934,0.003133408493556102
0,2013-05-15,LowVol,-0.0011440328753709,0.002843431155478249
0,2013-05-16,LowVol,0.0006654779385733,0.003922648035555078
0,2013-05-17,LowVol,-0.0097643466479417,0.0017566995283531557
0,2013-05-20,LowVol,-0.0037741215469967,0.0017443570567201507
0,2013-05-21,LowVol,-0.0116648421041067,0.003503582782278308
0,2013-05-22,LowVol,-0.000602933554186,0.007421370411666835
0,2013-05-23,LowVol,-0.0120884515543929,0.009730896703627933
0,2013-05-24,LowVol,-0.0058067481446664,0.011859434519101217
0,2013-05-28,LowVol,-0.0164761452650392,0.009174058176182739
0,2013-05-29,LowVol,-0.0239075638570679,0.009543065745523696
0,2013-05-30,LowVol,-0.0186931034697553,0.010057513191474337
0,2013-05-31,LowVol,0.0082595938561962,0.004523627459271618
0,2013-06-03,LowVol,0.0027378873537957,0.005703407950460649
0,2013-06-04,LowVol,-0.0028126294535834,0.005624977772711479
0,2013-06-05,LowVol,0.0029765209032568,-0.0004583545770573006
0,2013-06-06,LowVol,0.0090945371298258,-0.00024407472316911687
0,2013-06-07,LowVol,-0.0098302021175635,-0.006842970450809864
0,2013-06-10,LowVol,-0.0021845151537099,-0.00044336865545836757
0,2013-06-11,LowVol,0.0161865978882078,0.0008916397923434867
0,2013-06-12,LowVol,0.0105096631377825,-0.0030263364856667222
0,2013-06-13,LowVol,-0.0292923441307441,-0.004729585734486896
0,2013-06-14,LowVol,-0.0200289080528152,0.002210291113462371
0,2013-06-17,LowVol,-0.0398255588060254,-0.0008690644990539743
0,2013-06-18,LowVol,-0.0381983593644051,-0.001676757608020543
0,2013-06-19,HighVol,-0.0150661077645565,-0.00503547639295505
0,2013-06-20,HighVol,0.0158868718540687,0.0024888464181283426
0,2013-06-21,HighVol,0.0084867904276004,-0.003779955602058134
0,2013-06-24,HighVol,0.0273778475405104,-0.0012396235077758826
0,2013-06-25,HighVol,0.0166486227287379,-0.00020490581855268708
0,2013-06-26,HighVol,0.0071184517355593,0.002048134386871849
0,2013-06-27,HighVol,0.0120439159058127,0.0004513147214098483
0,2013-06-28,HighVol,0.0220045228178116,-0.002390375512381711
0,2013-07-01,HighVol,0.0233640715916276,-0.004292128287935874
0,2013-07-02,HighVol,0.0246885630848829,-0.00098824790906402
0,2013-07-03,HighVol,0.0381939934045032,8.141566337271846e-05
0,2013-07-05,HighVol,0.0275428741511982,-0.00241135729889865
0,2013-07-08,HighVol,0.0256182150245307,-0.005337661926938808
0,2013-07-09,HighVol,0.0144735381989149,-0.0012273449522111743
0,2013-07-10,HighVol,0.0167078185034093,-0.0005956009334203067
0,2013-07-11,HighVol,0.0085404784608955,0.002236537366287922
0,2013-07-12,HighVol,0.0099097020614455,-0.001337768041391195
0,2013-07-15,HighVol,0.0080284491318998,0.001368209756600012
0,2013-07-16,HighVol,0.0096702347054358,-0.00020762917382036167
0,2013-07-17,HighVol,0.0033938304908847,-0.00041253345708621255
0,2013-07-18,LowVol,0.0003552812564404,0.0019183962993232718
0,2013-07-19,LowVol,-0.0003546510921633,0.002938848809254868
0,2013-07-22,LowVol,-0.0053691321880636,0.001536487296606068
0,2013-07-23,LowVol,-0.0032519392272341,0.004543078109277036
0,2013-07-24,LowVol,0.0011276762833993,0.007334955964362977
0,2013-07-25,LowVol,0.01024114950846,0.007946180624802145
0,2013-07-26,LowVol,0.0108803879704408,0.007946180624802145
0,2013-07-29,LowVol,0.0125158804615468,0.01176612316353229
0,2013-07-30,LowVol,0.0067624580922858,0.010773060133174783
0,2013-07-31,LowVol,0.0027856189966177,0.008592563218149628
0,2013-08-01,LowVol,-0.0050389514414023,0.003384045776042508
0,2013-08-02,LowVol,-0.0095935294544551,0.0042236785817446835
0,2013-08-05,LowVol,-0.009314518583222,0.005436289298125333
0,2013-08-06,LowVol,-0.0007075223946925,0.00629907889826117
0,2013-08-07,LowVol,-0.0026002845590178,0.005518451239596078
0,2013-08-08,LowVol,-0.0201415626851143,0.004780267176741567
0,2013-08-09,LowVol,-0.0205542188931536,0.005991547114278326
0,2013-08-12,LowVol,-0.025664222160336,0.009189067994077487
0,2013-08-13,LowVol,-0.0237602355425695,0.003984695157556851
0,2013-08-14,LowVol,-0.0247720102018181,0.006351489874324212
0,2013-08-15,LowVol,-0.001923190410032,0.0060761902082269665
0,2013-08-16,LowVol,0.0047639117249462,0.006270745270263866
0,2013-08-19,LowVol,0.0074654788727352,0.0027623978272951102
0,2013-08-20,LowVol,-0.0135887452653256,0.005623676181081445
0,2013-08-21,LowVol,-0.0039498589121358,0.001868936369137857
0,2013-08-22,LowVol,-0.0113817046614479,0.0030697541348038847
0,2013-08-23,LowVol,-0.0178246483092279,-9.414656899539112e-05
0,2013-08-26,LowVol,-0.0096988308467549,0.0022703378009700536
0,2013-08-27,LowVol,0.0148165425022899,-0.007484806440082304
0,2013-08-28,LowVol,0.0125068522189115,-0.0033342643926440704
0,2013-08-29,LowVol,0.011390689943739,-0.004996670929313044
0,2013-08-30,LowVol,0.0243199857121827,-0.004988914779095567
0,2013-09-03,LowVol,0.0272518689178564,-0.00310764061002807
1,2013-09-04,LowVol,0.0220213273526375,-0.002075521102963816
1,2013-09-05,LowVol,0.0180163756464886,0.0007129998640656936
1,2013-09-06,LowVol,0.0198146101248748,-0.003949050929786683
1,2013-09-09,LowVol,0.0159877513963913,-0.002568659558750388
1,2013-09-10,LowVol,0.0130283315674439,-0.002162369390625281
1,2013-09-11,LowVol,0.0215466127373249,-0.0019821453088339543
1,2013-09-12,LowVol,0.0225508527778208,-0.0018419118794608998
1,2013-09-13,LowVol,0.0131230646345208,-0.0011122203138306636
1,2013-09-16,LowVol,0.0026320793695164,-0.0004815844411902483
1,2013-09-17,LowVol,-0.0041718384553274,0.001410228990162465
1,2013-09-18,LowVol,-0.0184110278797826,9.68255656218543e-05
1,2013-09-19,LowVol,-0.0129823555042728,-0.0016125550334940481
1,2013-09-20,LowVol,-0.0106019377932689,-0.0011497327596143299
1,2013-09-23,LowVol,-0.0112986600245869,0.0032404272195090335
1,2013-09-24,LowVol,-0.0011207698171795,0.00485860997311441
1,2013-09-25,LowVol,0.0008281714047078,0.006224806478396726
1,2013-09-26,LowVol,-0.0121988915799895,0.006832814298891451
1,2013-09-27,LowVol,-0.0001182731050434,0.006762491776931714
1,2013-09-30,LowVol,-0.0034521261925749,0.01019835691499904
1,2013-10-01,LowVol,-0.0227944653658201,0.005493363542181974
1,2013-10-02,LowVol,-0.0211607213511897,0.005539296003699034
1,2013-10-03,LowVol,0.0092472729322619,0.0058213777347980574
1,2013-10-04,LowVol,0.0081112432388554,0.004781884287992112
1,2013-10-07,LowVol,0.0209639947368622,0.006074751660826937
1,2013-10-08,LowVol,0.0255011617028055,-0.00042870644737582063
1,2013-10-09,LowVol,0.0390705427745607,-0.003413839903772907
1,2013-10-10,LowVol,0.0239400798969033,-0.0011772101165113665
1,2013-10-11,LowVol,0.0242576119507231,-0.001184868533729125
1,2013-10-14,LowVol,0.0202410815714888,-0.0032148354043822582
1,2013-10-15,LowVol,0.0336475651848278,-0.003775002560891346
1,2013-10-16,LowVol,0.0145288048285698,-0.005388817271468058
1,2013-10-17,LowVol,0.0111414553133826,-0.0017647305509695139
1,2013-10-18,LowVol,0.0089448532645342,-0.0008261300603468038
1,2013-10-21,LowVol,0.0104928840050919,-0.0015648956854497672
1,2013-10-22,LowVol,0.0100340170753605,-0.00028819765493567754
1,2013-10-23,LowVol,0.0098526554474398,-0.00039930161437351795
1,2013-10-24,LowVol,0.0036543375703654,0.003042951208136343
1,2013-10-25,LowVol,0.0014780763311161,0.0020776645984591784
1,2013-10-28,LowVol,0.0034046823784639,0.0017054702090727313
1,2013-10-29,LowVol,-0.0050800337785372,0.0017853866100820735
1,2013-10-30,LowVol,0.0049915320114886,0.0011542166233654476
1,2013-10-31,LowVol,-0.0048917649078883,0.0038844770726322916
1,2013-11-01,LowVol,0.0061290364525823,0.0029471740064947326
1,2013-11-04,LowVol,0.0027711738380971,0.0030452238738740106
1,2013-11-05,LowVol,0.0039147219909274,0.005196748453578728
1,2013-11-06,LowVol,0.0068293481663621,0.0031545068204417207
1,2013-11-07,LowVol,0.02481006327706,0.004555163750818862
1,2013-11-08,LowVol,0.0155678325674293,0.0012034439817460029
1,2013-11-11,LowVol,0.0118427079249723,0.005004785194160078
1,2013-11-12,LowVol,0.0116976210542625,0.001427972188396633
1,2013-11-13,LowVol,0.0005049822008902,0.001541277282622505
1,2013-11-14,LowVol,0.0035698218859996,-0.00032557457496688565
1,2013-11-15,LowVol,0.0042210356603105,0.0010704909317293036
1,2013-11-18,LowVol,0.0067440234654021,0.00032274961942500217
1,2013-11-19,LowVol,0.0092160697846013,8.064926900735962e-05
1,2013-11-20,LowVol,0.0148483414821454,0.0019463236838771513
1,2013-11-21,LowVol,0.0060584563519274,0.0024711704522082773
1,2013-11-22,LowVol,-0.0015490447941108,0.0027637126784533805
1,2013-11-25,LowVol,-0.0048713926345818,0.0021681393211199786
1,2013-11-26,LowVol,-0.0052580296568802,0.0010373421005349709
1,2013-11-27,LowVol,-0.0120361720824248,0.0024837660404060185
1,2013-11-29,LowVol,-0.0003314328948822,0.004519378731472569
1,2013-12-02,LowVol,0.0048194431653525,0.0030943827443829486
1,2013-12-03,LowVol,0.0055627144327177,0.004139785019743838
1,2013-12-04,LowVol,-0.0056194922006985,0.004466328296266519
1,2013-12-05,LowVol,-0.0045271225754945,0.006576408139025016
1,2013-12-06,LowVol,-0.0156405933945962,0.0029359384864189463
1,2013-12-09,LowVol,-0.012017698821279,0.0011958453648871366
1,2013-12-10,LowVol,-0.0116180835536513,0.0025569765842081604
1,2013-12-11,LowVol,0.0166742423520012,0.0070243250495245005
1,2013-12-12,LowVol,0.0188633253502126,0.005326996865188625
1,2013-12-13,LowVol,0.0249043231162815,0.0052766595811822295
1,2013-12-16,LowVol,0.0239983196146946,0.005003753637808767
1,2013-12-17,LowVol,0.0295169991840493,0.006316207633384946
1,2013-12-18,LowVol,0.0173815479253058,-0.0004975997749321604
1,2013-12-19,LowVol,0.018503028418018,-0.005135135138250024
1,2013-12-20,LowVol,0.0124477651947214,-0.0008572152900548547
1,2013-12-23,LowVol,0.011833512388218,-0.0006374665326995332
1,2013-12-24,LowVol,-5.5081562409631246e-05,0.0022179988067469133
1,2013-12-26,LowVol,-0.0052760394200228,0.0011142998149344515
1,2013-12-27,LowVol,-0.0081053363870311,4.099429701489182e-05
1,2013-12-30,LowVol,-0.0018497719598177,0.003465400318915087
1,2013-12-31,LowVol,-0.0063346941572541,0.0012125052125285675
1,2014-01-02,LowVol,0.0039362320117903,0.0024395993585631082
1,2014-01-03,LowVol,0.0068345968654708,0.003552981168637188
1,2014-01-06,LowVol,-0.0036734986850116,0.005116697209005144
1,2014-01-07,LowVol,0.0010355090931413,0.0034885318170150502
1,2014-01-08,LowVol,0.0062121094879679,0.0035178484877551827
1,2014-01-09,LowVol,0.0042475491674123,0.0033412274808195673
1,2014-01-10,LowVol,-0.0027151172483483,0.0031213662668000395
1,2014-01-13,LowVol,0.01370463809261,0.005982310126263258
1,2014-01-14,LowVol,0.003429805675791,0.0028979545808340474
1,2014-01-15,LowVol,-0.0101272590381413,0.0008003625741840751
1,2014-01-16,LowVol,-0.0299859681085949,0.00039903312722336116
1,2014-01-17,LowVol,-0.0306575086323211,0.0019305432202603166
1,2014-01-21,LowVol,-0.0277445014870795,-0.0010325956694479809
1,2014-01-22,LowVol,-0.0377100892290348,0.0032426135613202642
1,2014-01-23,LowVol,-0.0194758996277445,0.003559324602604727
1,2014-01-24,LowVol,-0.0039685806746808,0.0036428884720199344
1,2014-01-27,LowVol,-0.0215720326089579,-0.0021498159530959735
1,2014-01-28,LowVol,-0.0205504571717353,0.0009290400812432814
1,2014-01-29,LowVol,-0.0122916071086469,-0.001757373706368324
1,2014-01-30,LowVol,-0.0097637669839537,-0.0003583841102849109
1,2014-01-31,LowVol,0.0084180146782524,-0.005954682438184124
1,2014-02-03,HighVol,0.0335299037765421,-0.0008690135001949287
1,2014-02-04,HighVol,0.0375734910936595,-0.001045832482479799
1,2014-02-05,HighVol,0.0393901929104705,-0.004659647087220528
1,2014-02-06,HighVol,0.0311584037893379,0.0005549457636061794
1,2014-02-07,HighVol,0.0241537401904321,-0.004816102114102912
1,2014-02-10,HighVol,0.0234991845944803,-0.0030970342904995873
1,2014-02-11,HighVol,0.0057148167846443,-0.0012876342614173265
1,2014-02-12,HighVol,0.0111495514991148,-0.0004032296447928472
1,2014-02-13,HighVol,0.0048084235710315,-0.0005499139830325158
1,2014-02-14,HighVol,0.0048368920379291,-0.0007801163891440017
1,2014-02-18,HighVol,0.0032565554828856,-0.0010655053745475271
1,2014-02-19,HighVol,0.0099986148908901,0.0023597728874601496
1,2014-02-20,HighVol,0.0093424136495279,0.0005612104364002469
1,2014-02-21,HighVol,0.0130514250646107,0.0025486713156641426
1,2014-02-24,LowVol,0.000378488606179,0.001064004233008013
1,2014-02-25,LowVol,0.0148237073757533,0.0019869885980081862
1,2014-02-26,LowVol,0.0156886394834581,-0.00016098727816022824
1,2014-02-27,LowVol,0.0127005916699167,0.0006497490168339792
1,2014-02-28,LowVol,0.0105748806776075,-0.00011504312057772896
1,2014-03-03,LowVol,0.0171910948731652,0.003188256768655916
1,2014-03-04,LowVol,-0.0018659078534298,0.003205690345656211
1,2014-03-05,LowVol,-0.0025035134655259,0.0008203294730441432
1,2014-03-06,LowVol,-0.0159423596974264,0.0010884839560522737
1,2014-03-07,LowVol,-0.0191221993805641,0.0006021396840825864
1,2014-03-10,LowVol,-0.00972588220539,0.0009056771587901995
1,2014-03-11,LowVol,0.0022968100664921,0.004661090438028771
1,2014-03-12,LowVol,-0.0033104940519415,0.0034960277949705504
1,2014-03-13,LowVol,0.0138787042338897,0.006595720946962398
1,2014-03-14,LowVol,0.0127896485837544,0.007621138052324492
1,2014-03-17,LowVol,-0.0004378680234241,0.004943721842344668
1,2014-03-18,LowVol,-0.0028122206195656,0.0030748494290290585
1,2014-03-19,LowVol,-0.004680496672658,0.005189008774328335
1,2014-03-20,LowVol,-0.0125456549892213,-0.0006260271947813667
1,2014-03-21,LowVol,-0.0038133457534522,-0.0008281176545247568
1,2014-03-24,LowVol,0.0085204256016244,0.0034471742556451954
1,2014-03-25,LowVol,0.0104127509777334,0.0019360627390681894
1,2014-03-26,LowVol,0.0211384713264479,0.005563004863972118
1,2014-03-27,LowVol,0.021941896995294,0.0063013110965357095
1,2014-03-28,LowVol,0.0049058566810529,0.00491146379951417
1,2014-03-31,LowVol,-0.0142771929785862,-0.00039328026913399973
1,2014-04-01,LowVol,-0.0167331842415303,-1.05038210733893e-05
1,2014-04-02,LowVol,-0.0094765764519911,-0.0006328519589581968
1,2014-04-03,LowVol,-0.0289985352467738,-0.0009539545987606444
1,2014-04-04,LowVol,-0.0262338357884707,-4.677999964074944e-05
1,2014-04-07,LowVol,-0.0075946034799563,0.0033983795762286763
1,2014-04-08,LowVol,-0.0048623000042546,0.005695115243387946
1,2014-04-09,LowVol,-0.0051310993066561,0.0029938530101759294
1,2014-04-10,LowVol,0.0176350363708099,-0.001302401306829099
1,2014-04-11,LowVol,0.0304672426237884,-0.003929596133545408
1,2014-04-14,LowVol,0.0270580978419407,0.0016576796966674228
1,2014-04-15,LowVol,0.0176442887446401,0.0013975180365092912
1,2014-04-16,HighVol,0.009133025460507,0.0017936804171272134
1,2014-04-17,LowVol,-0.0005362034402128,-0.003254413628316973
1,2014-04-21,LowVol,-0.0008558459481303,-0.0018548738827845188
1,2014-04-22,LowVol,-0.0007450910416224,-0.0018768877724233662
1,2014-04-23,LowVol,0.0045878727071388,-0.002554197647016049
1,2014-04-24,LowVol,0.0026617614305846,-0.0009922413787588934
1,2014-04-25,LowVol,0.0095011266816555,0.001727779599786059
1,2014-04-28,LowVol,0.0082403967976767,0.002097770285805225
1,2014-04-29,LowVol,-0.0051664941206174,0.002470412696906799
1,2014-04-30,LowVol,-0.0022835597044367,0.0019474019574362554
1,2014-05-01,LowVol,-0.0034510142363671,0.002470412696906799
1,2014-05-02,LowVol,-0.0005321397662054,0.0006207601504033658
1,2014-05-05,LowVol,0.0072710239004445,0.0007758300749980612
1,2014-05-06,LowVol,0.0170258070053823,0.006030037932489908
1,2014-05-07,LowVol,0.0062801149852376,0.0038869729542035897
1,2014-05-08,LowVol,-0.001491949338264,0.0038857406481515315
1,2014-05-09,LowVol,0.0004790510917667,0.003834269191915283
1,2014-05-12,LowVol,-0.0055324371819851,5.99287450996642e-05
1,2014-05-13,LowVol,-0.0126871424834537,-0.0005101601295617649
1,2014-05-14,LowVol,0.0003705376545006,0.0021634686966021713
1,2014-05-15,LowVol,0.0116863715864927,0.004180823053053395
1,2014-05-16,LowVol,0.0122309930864008,0.0034136111270308884
1,2014-05-19,LowVol,0.0147296003350825,0.004026639045151203
1,2014-05-20,LowVol,0.0204210686913306,0.006415401459350513
1,2014-05-21,LowVol,0.0171313162638495,0.0030212292323590624
1,2014-05-22,LowVol,0.0162983271049157,0.0004170144363252178
1,2014-05-23,LowVol,0.0133961197846967,0.00043550195211320943
1,2014-05-27,LowVol,0.0066832820238884,-0.0002868099063248138
1,2014-05-28,LowVol,0.0094580103121824,-0.002419860260703686
1,2014-05-29,LowVol,0.0108126628115807,0.0016553487394036148
1,2014-05-30,LowVol,0.0140131490721902,0.0004038083467046704
1,2014-06-02,LowVol,0.0138933536117888,0.000850326504711122
1,2014-06-03,LowVol,0.014522608500632,0.0023471054969014106
1,2014-06-04,LowVol,0.0089547542261616,0.001118480987719253
1,2014-06-05,LowVol,-0.0046803773616928,0.0006735715543902803
1,2014-06-06,LowVol,-0.0063982642112283,0.0016090500869760053
1,2014-06-09,LowVol,-0.0065957429673595,0.001455045486551114
1,2014-06-10,LowVol,-0.0039363734345505,0.0010550718610214845
1,2014-06-11,LowVol,0.0068742522366402,0.0010550718610214845
1,2014-06-12,LowVol,0.0151908120936663,0.0050000143857917515
1,2014-06-13,LowVol,0.0141601982723322,0.00389600142050018
1,2014-06-16,LowVol,0.0130143430029123,0.003907032782293567
1,2014-06-17,LowVol,0.0041214136132052,0.0034960277949705504
1,2014-06-18,LowVol,0.0013106420349786,0.0024531232711371407
1,2014-06-19,LowVol,-0.0005267045103714,0.0011719463838519612
1,2014-06-20,LowVol,-0.0006121165747301,0.0017607448551694009
1,2014-06-23,LowVol,-0.0008166596277567,0.0010199391801394794
1,2014-06-24,LowVol,0.0119670014635984,0.0032294834055812426
1,2014-06-25,LowVol,0.0084364597192612,0.002367037525290557
1,2014-06-26,LowVol,0.0141218591858829,0.002959514458621112
1,2014-06-27,LowVol,0.0086301547277205,0.0028477158513676337
1,2014-06-30,LowVol,0.0026571712301239,0.003644258611907867
1,2014-07-01,LowVol,0.000456429240113,0.0006735715543902803
1,2014-07-02,LowVol,-0.004512449472554,0.0016533904708143548
1,2014-07-03,LowVol,-0.0080221355615777,0.0016001740224318075
1,2014-07-07,LowVol,0.000455320011357,0.0010550718610214845
1,2014-07-08,LowVol,0.0050446412906095,0.0033550907022247525
1,2014-07-09,LowVol,0.0042617233604185,0.0027489186813694955
1,2014-07-10,LowVol,-0.0032086090103002,0.003413337902342799
1,2014-07-11,LowVol,0.0055949687234737,0.004342073444193416
1,2014-07-14,LowVol,-0.0013155677850786,0.003282311725250968
1,2014-07-15,LowVol,0.0049179842367521,0.0030292103325799207
1,2014-07-16,LowVol,0.0034348996627884,0.0018099508128104759
1,2014-07-17,LowVol,0.0150220571296058,0.007426495207790273
1,2014-07-18,LowVol,5.040359213381862e-05,0.000869075774226259
1,2014-07-21,LowVol,0.0023314237988307,0.003013060407759428
1,2014-07-22,LowVol,-0.0063066238899782,0.0008633869002312869
1,2014-07-23,LowVol,-0.0083567605471314,0.0022814379164728814
1,2014-07-24,LowVol,-0.0279890196698817,8.791236086803678e-05
1,2014-07-25,LowVol,-0.0264007127124005,0.0030936103582904603
1,2014-07-28,LowVol,-0.0197678942814002,0.0033118001472520167
1,2014-07-29,LowVol,-0.0250824422051786,0.0061101569479234214
1,2014-07-30,LowVol,-0.024926283925405,0.0062818516329397655
1,2014-07-31,LowVol,-0.0106684949734771,0.003238158161533699
1,2014-08-01,LowVol,0.0038439983476972,0.0012833104867633828
1,2014-08-04,LowVol,-0.0004640135856556,0.0012954838810531714
1,2014-08-05,LowVol,0.0079162853143872,-0.002132476893354725
1,2014-08-06,LowVol,0.0144216167142332,-0.005552578554658859
1,2014-08-07,LowVol,0.0247603484306397,-0.0034604735000483967
1,2014-08-08,LowVol,0.0128336652035021,-0.00046828018760010224
1,2014-08-11,LowVol,0.0183694478968192,7.985046517247299e-05
1,2014-08-12,LowVol,0.0251118220597783,-0.004176052621415775
1,2014-08-13,LowVol,0.0209404762463474,-0.002340559276346407
1,2014-08-14,LowVol,0.0191050742860716,-0.0010270095490560076
1,2014-08-15,LowVol,0.0177296670574365,-0.001494332329441709
1,2014-08-18,LowVol,0.0143896490520225,-0.002029513865085608
1,2014-08-19,LowVol,0.0097791196920378,-0.0009828973330264497
1,2014-08-20,LowVol,0.0066860725288155,-0.002044855865897546
1,2014-08-21,LowVol,0.0032080184090399,-0.002170053786358903
1,2014-08-22,LowVol,0.0076307471263021,-0.0013988623126267872
1,2014-08-25,LowVol,0.0020479295683744,0.0006108822474256249
1,2014-08-26,LowVol,0.0008485425589879,0.002846218692160722
1,2014-08-27,LowVol,-0.0001998957932513,0.005743765782114604
1,2014-08-28,LowVol,0.0048468511225727,0.00263779617586333
1,2014-08-29,LowVol,-0.0005979410966189,0.0004360485010597301
1,2014-09-02,LowVol,-0.0064301194860071,0.0022378225503337005
1,2014-09-03,LowVol,-0.002144827813439,0.0036425871868498937
1,2014-09-04,LowVol,0.0004493661057716,0.003761133134738344
1,2014-09-05,LowVol,-0.0098458931121246,0.0026192343798655325
1,2014-09-08,LowVol,-0.0080262845865062,0.004044232237437496
1,2014-09-09,LowVol,0.0058195324206948,0.005635124546255398
1,2014-09-10,LowVol,0.0033988617791234,0.0038979901147361486
1,2014-09-11,LowVol,0.0075892083929338,0.0036091259310258614
1,2014-09-12,LowVol,0.0125956720212696,0.008851305113524806
1,2014-09-15,LowVol,0.0055329238747705,0.007176372423281083
1,2014-09-16,LowVol,-0.0077033117277699,0.004682909028276093
1,2014-09-17,LowVol,-0.001280887978217,0.0055261281625394705
1,2014-09-18,LowVol,-0.0226057548949006,-0.00019145899796201398
1,2014-09-19,LowVol,-0.0139508909462336,0.0017743752816501055
1,2014-09-22,LowVol,-0.0080845729961513,0.005633120040662225
1,2014-09-23,LowVol,-0.0049995516013086,0.006255930337170904
1,2014-09-24,LowVol,-0.026107631313967,0.004160418979341365
1,2014-09-25,LowVol,-0.0099827355060415,0.0005442459758008227
1,2014-09-26,LowVol,-0.0069731901889896,0.004359830394063036
1,2014-09-29,LowVol,-0.0063278736742176,0.002534513211389378
1,2014-09-30,LowVol,-0.0190846301355914,0.0015602077587955395
1,2014-10-01,LowVol,0.0117830144607073,-0.005377563482670011
1,2014-10-02,LowVol,-0.0084368166629064,-0.0052808821990028235
1,2014-10-03,LowVol,-0.0304294731350083,0.001370342961240293
1,2014-10-06,LowVol,-0.0452390316171497,0.0016710522257730898
1,2014-10-07,LowVol,-0.0287695666615919,-0.0029885604586712858
1,2014-10-08,HighVol,-0.0519225659263362,-0.003380567170949074
1,2014-10-09,HighVol,-0.0335689311555793,-0.0032479442724692967
1,2014-10-10,HighVol,-0.0108641081817328,0.00041979724578544486
1,2014-10-13,HighVol,0.015420501928244,-0.001273240323573493
1,2014-10-14,HighVol,0.0339371175013489,-0.0032001217549530174
1,2014-10-15,HighVol,0.0335784796755436,0.013809138240854932
1,2014-10-16,HighVol,0.0464920921321796,-0.004903144965800402
1,2014-10-17,HighVol,0.0422350287595176,-0.003996736621863662
1,2014-10-20,HighVol,0.0307936252296834,-0.0071697565511479044
1,2014-10-21,HighVol,0.0223630482236905,0.0012015668810409148
1,2014-10-22,HighVol,0.0281280316923187,0.00039768508794313275
1,2014-10-23,HighVol,0.0228284917720424,-0.000512349922650729
1,2014-10-24,HighVol,0.0266254843692168,-0.00928923154606917
1,2014-10-27,HighVol,0.0285991516736141,-0.0011835035686323207
1,2014-10-28,HighVol,0.0134065876660516,-0.009050927139013015
1,2014-10-29,HighVol,0.0213521363246875,-0.0026498668645772577
1,2014-10-30,HighVol,0.0189082973663283,-0.0011344473236281926
1,2014-10-31,HighVol,0.0083305539336633,-0.003113616624001836
1,2014-11-03,HighVol,0.0109530138371349,0.00046556458651833023
1,2014-11-04,HighVol,0.0154674031911998,0.0025787666447533697
1,2014-11-05,HighVol,0.0080062284333564,0.0015019348834420243
1,2014-11-06,HighVol,0.0051196539559026,-0.0015419051861080219
1,2014-11-07,LowVol,0.0044259198072769,0.0021595747421029672
1,2014-11-10,LowVol,0.0019121146642293,0.009148972513197405
1,2014-11-11,LowVol,0.006709771279548,0.009346003790590255
1,2014-11-12,LowVol,0.0061776881763762,0.006071822983582133
1,2014-11-13,LowVol,0.0068078703777405,0.006683388058797918
1,2014-11-14,LowVol,0.0119467377450921,0.005710718997796531
1,2014-11-17,LowVol,0.0141410764788585,0.00263779617586333
1,2014-11-18,LowVol,0.0075893159304878,0.0023347650447750304
1,2014-11-19,LowVol,0.0117921127715652,0.00274707912243104
1,2014-11-20,LowVol,0.0078797741500653,0.00274707912243104
1,2014-11-21,LowVol,-0.004450919235026,0.0037567736057996077
1,2014-11-24,LowVol,-0.0008207457422357,0.0017054702090727313
1,2014-11-25,LowVol,0.0037661657100356,0.0017230380054894202
1,2014-11-26,LowVol,9.634480167464154e-05,0.0017054702090727313
1,2014-11-28,LowVol,0.0038609889775931,0.0017230380054894202
1,2014-12-01,LowVol,0.00413084670667,0.0052002874587930735
1,2014-12-02,LowVol,-0.0029932764295087,0.003282311725250968
1,2014-12-03,LowVol,-0.0227523798121167,0.0028963279107054713
1,2014-12-04,LowVol,-0.0167099639819647,0.0027982780433261933
1,2014-12-05,LowVol,-0.0341829416958393,0.002163375981133623
1,2014-12-08,LowVol,-0.0343640096882635,0.003884334435139395
1,2014-12-09,LowVol,-0.0414588846411106,0.007302111978092942
1,2014-12-10,LowVol,-0.0067431844492674,0.0007235486579141614
1,2014-12-11,LowVol,0.0126844093873617,0.0034318306848718683
1,2014-12-12,LowVol,0.0336991362991521,0.0002593550133755645
1,2014-12-15,LowVol,0.0456369956632178,-0.0003192907289345553
1,2014-12-16,LowVol,0.0555130498309959,0.009684032244928578
1,2014-12-17,LowVol,0.0353172839248205,0.0015167217091792075
1,2014-12-18,HighVol,0.0135914374590773,0.0014171288773598388
1,2014-12-19,HighVol,0.0106529121710792,-0.00029449974973394207
1,2014-12-22,HighVol,0.0006266529998497,0.0031409657570196717
1,2014-12-23,HighVol,-0.0106375874702445,-0.00036729973783312855
1,2014-12-24,HighVol,-0.0112627559094882,0.00495068721659403
1,2014-12-26,HighVol,-0.0322399566025296,0.007759438255028126
1,2014-12-29,HighVol,-0.0426407778126488,0.0044191151358865715
1,2014-12-30,HighVol,-0.0254818104144335,0.005785922859436418
1,2014-12-31,HighVol,0.0017511157925766,0.004479129591415377
1,2015-01-02,HighVol,-0.0057439036891695,0.006884348721406294
1,2015-01-05,HighVol,0.0046104222925205,0.0011843305042080778
1,2015-01-06,HighVol,0.0113099097769857,0.00019586024868821413
1,2015-01-07,HighVol,-0.0071671545940626,0.003359097769386136
1,2015-01-08,HighVol,-0.0334143661318788,0.006580017307862979
1,2015-01-09,HighVol,-0.0128271475684068,0.005165633230693899
1,2015-01-12,HighVol,-0.0029110763927155,0.005473479885497009
1,2015-01-13,HighVol,0.0049484825966676,-0.0045730081691854555
1,2015-01-14,HighVol,0.0260877290582146,-0.003437733119899471
1,2015-01-15,HighVol,0.029896792771707,-0.0037838821242688497
1,2015-01-16,HighVol,0.0189456541148078,-0.0012083633197564067
1,2015-01-20,HighVol,0.0033656255662477,0.00044163092477635314
1,2015-01-21,HighVol,-0.014476898326512,0.001047020475141421
1,2015-01-22,HighVol,-0.0199415932623771,-0.004465616045899356
1,2015-01-23,HighVol,-0.0269311832752,-0.0016588872131696078
1,2015-01-26,HighVol,-0.0171821012308497,-0.0026093639402132245
1,2015-01-27,HighVol,0.0103574945640327,0.0021706078041098986
1,2015-01-28,HighVol,0.0195865074746441,1.697640795205888e-05
1,2015-01-29,HighVol,0.0204464881390871,0.00421511367018127
1,2015-01-30,HighVol,0.0305845915602012,-0.005911049521261546
1,2015-02-02,HighVol,0.0134214305403346,0.003949733299071884
1,2015-02-03,HighVol,0.009617519494131,0.0007491796532651143
1,2015-02-04,HighVol,0.0140640914258731,-0.0021499159209043407
1,2015-02-05,HighVol,0.0135844938741798,-0.003023929333969342
1,2015-02-06,HighVol,0.0205787460591921,-0.002276189413008502
1,2015-02-09,HighVol,0.0267797610224387,0.0007072320072536629
1,2015-02-10,HighVol,0.0160533356295211,0.0006028390043481071
1,2015-02-11,HighVol,0.014739605744046,-0.0003803459237951439
1,2015-02-12,HighVol,0.0111045562032652,0.00026482675138048503
1,2015-02-13,HighVol,0.0068168391327936,-0.002461321789750295
1,2015-02-17,HighVol,0.0080911678707424,-0.001400981523954736
1,2015-02-18,HighVol,0.0071384044312261,0.0002478641578165394
1,2015-02-19,HighVol,0.0066672115201138,-0.0007214888059684309
1,2015-02-20,LowVol,-0.002745912176284,8.679802364155721e-05
1,2015-02-23,LowVol,0.0036932516882761,0.004275076703457828
1,2015-02-24,LowVol,-0.0032577082437208,0.001869099761899447
1,2015-02-25,LowVol,-0.0066153172959729,0.003451808407938809
1,2015-02-26,LowVol,-0.004352622361901,0.003068002283702912
1,2015-02-27,LowVol,-0.0150002893777326,0.0044429006490672145
1,2015-03-02,LowVol,-0.0171237117327854,0.0030501102535193387
1,2015-03-03,LowVol,-0.0290829660775436,0.004978558664617171
1,2015-03-04,LowVol,-0.0272556470258259,0.005144708671909032
1,2015-03-05,LowVol,-0.0159646082915655,0.005262441365513242
1,2015-03-06,LowVol,-0.0080480952075722,0.007689026203248865
1,2015-03-09,LowVol,0.0010556529564178,0.009636345869169597
1,2015-03-10,LowVol,0.0145378149821611,0.0030031272027676178
1,2015-03-11,LowVol,0.0291436896906602,0.0010052009368880506
1,2015-03-12,LowVol,0.0115883706698032,0.0036984278786260177
1,2015-03-13,LowVol,0.0268145281798635,0.0013007520094645408
1,2015-03-16,LowVol,0.0113023596643824,0.000897661847506011
1,2015-03-17,LowVol,0.0086178080817977,-0.0014830175882604277
1,2015-03-18,LowVol,-0.0179674256476658,-0.0016675138461501743
1,2015-03-19,LowVol,-0.0158171446307353,-0.0025944060440915803
1,2015-03-20,LowVol,-0.022194905487185,-0.0032025432565943234
1,2015-03-23,LowVol,-0.008333363254752,-0.0004587241837414003
1,2015-03-24,LowVol,-0.0114454581763305,-0.001968612836017802
1,2015-03-25,HighVol,-0.0002918240378811,-0.0013980133784664726
1,2015-03-26,HighVol,0.0056997189382206,0.0003068678214354357
1,2015-03-27,HighVol,0.010158252854165,0.0005747271345740084
1,2015-03-30,HighVol,-0.0046579536866319,0.0021628999124990284
1,2015-03-31,HighVol,0.0075087245279952,0.004253356072649934
1,2015-04-01,HighVol,0.0155568394197076,0.004463169608188047
1,2015-04-02,HighVol,0.0174383203680354,0.00423014283098508
1,2015-04-06,HighVol,0.0060627555460222,-0.0011223028534476554
1,2015-04-07,HighVol,0.0106619730443815,0.004264675756553443
1,2015-04-08,LowVol,0.0117801293646921,0.0003805347554490394
1,2015-04-09,LowVol,0.0070369831394296,0.0010784314021206835
1,2015-04-10,LowVol,-0.0099500305140456,-5.2824926765187177e-05
1,2015-04-13,LowVol,0.0036347833062253,0.0030467831692642393
1,2015-04-14,LowVol,0.0005249727703295,0.0005782508516201367
1,2015-04-15,LowVol,0.0009502559826886,0.0008102769191125524
1,2015-04-16,LowVol,0.0037552496214676,0.0016019709193762599
1,2015-04-17,LowVol,0.0177926161354964,0.004709092285782874
1,2015-04-20,LowVol,0.0043845039029797,0.003056361913241067
1,2015-04-21,LowVol,0.0087786774942666,0.0032570723846030466
1,2015-04-22,LowVol,-0.000284640261422,0.00226295040068489
1,2015-04-23,LowVol,-0.0127867606304057,0.001998338813773729
1,2015-04-24,LowVol,-0.0043942234786442,-0.0007390565572442054
1,2015-04-27,LowVol,0.0026093585619899,0.0027196028218497196
1,2015-04-28,LowVol,-0.0120126835484919,0.0002934512035179915
1,2015-04-29,LowVol,-0.0120154137284402,0.0042000325774778574
1,2015-04-30,LowVol,0.001966729774699,0.004355105705135463
1,2015-05-01,LowVol,0.0042710094574534,0.0033282636626793447
1,2015-05-04,LowVol,-0.0033601448700222,0.0028739148498034364
1,2015-05-05,LowVol,0.0051699152398008,0.004674423809089626
1,2015-05-06,LowVol,0.0095175844809936,0.0017388369256950474
1,2015-05-07,LowVol,0.0159909619785525,0.004875591713199948
1,2015-05-08,LowVol,0.0038749847482602,0.0010727630377997694
1,2015-05-11,LowVol,0.0118230354508561,0.002165062570688997
1,2015-05-12,LowVol,0.0145247138831317,0.001617656597251607
1,2015-05-13,LowVol,0.013617826590883,-0.001568249514132554
1,2015-05-14,LowVol,0.0060787931815047,-0.0011349588538093268
1,2015-05-15,LowVol,0.0025890204651821,0.0014885721251041632
1,2015-05-18,LowVol,-0.0112623553780096,-0.000592976266245609
1,2015-05-19,LowVol,-0.0015486615460147,0.0003285838843999968
1,2015-05-20,LowVol,-0.0019728911265081,0.0003100963686120053
1,2015-05-21,LowVol,-0.0110537318490623,0.002108638372731174
1,2015-05-22,LowVol,-0.0066671674705431,0.003974254264527775
1,2015-05-26,LowVol,0.0031325331491294,0.005567238219260989
1,2015-05-27,LowVol,-0.0036673372753642,0.003492833254970904
1,2015-05-28,LowVol,-0.0109667458150621,0.0033270313566272866
1,2015-05-29,LowVol,-0.0064886666741574,0.004426800652027016
1,2015-06-01,LowVol,-0.0146050582549884,0.0057652223295845614
1,2015-06-02,LowVol,-0.0137681569886966,0.0060253556467756335
1,2015-06-03,LowVol,-0.0045768548433217,0.004446681470026769
1,2015-06-04,LowVol,0.0071383642046594,0.005032004028933204
1,2015-06-05,LowVol,0.0011443683889558,0.0037628115922226702
1,2015-06-08,LowVol,0.0030219264995352,0.0023518528469729156
1,2015-06-09,LowVol,0.0086350393228047,0.0027470860479715535
1,2015-06-10,LowVol,-0.0017068195277659,0.0040111675973487065
1,2015-06-11,LowVol,0.0054342286187469,0.0018817409946945637
1,2015-06-12,LowVol,0.0086919170933184,0.004085369637023382
1,2015-06-15,LowVol,0.0182235405376571,0.0006573677869402031
1,2015-06-16,LowVol,0.0134192401222106,-0.000646540260154228
1,2015-06-17,LowVol,0.0044345940604211,0.0017454975820942254
1,2015-06-18,LowVol,-0.0089259576716018,0.0015047982544293607
1,2015-06-19,LowVol,-0.0046962300369637,-0.001745025061798247
1,2015-06-22,LowVol,-0.0305347942218136,-0.0017016480568242164
1,2015-06-23,LowVol,-0.0291927923868906,0.00011834097620841086
1,2015-06-24,LowVol,-0.0142515092822695,0.0024680443431423587
1,2015-06-25,LowVol,-0.0121507601583369,0.006573570811484012
1,2015-06-26,LowVol,-0.0147747303918084,0.005816648901193023
1,2015-06-29,LowVol,0.012656970381212,0.0001184833948522718
1,2015-06-30,LowVol,-0.0064121331667434,-0.0016873166401089941
1,2015-07-01,LowVol,-0.0125300952755764,0.0011390429560805436
1,2015-07-02,LowVol,0.0008199615073625,0.002466418869295763
1,2015-07-06,LowVol,0.0147543337734643,0.0018064393782299352
1,2015-07-07,LowVol,0.0127869978897876,-0.0010979670168911465
1,2015-07-08,LowVol,0.0297265562712307,-0.005023842807842099
1,2015-07-09,LowVol,0.0361150015005788,-0.0004262098075422331
1,2015-07-10,HighVol,0.0240987438175073,0.0005882923382603597
1,2015-07-13,HighVol,0.0134433814521208,-0.0022838894885220573
1,2015-07-14,HighVol,0.005078923726147,-0.0007062352368206804
1,2015-07-15,HighVol,0.0036088104716245,-0.0017936646600281766
1,2015-07-16,HighVol,-0.0099857655319667,-0.0018210616603792876
1,2015-07-17,LowVol,-0.0210844276341947,-0.0020251974185515305
1,2015-07-20,LowVol,-0.0272827003151466,0.001018306509112968
1,2015-07-21,LowVol,-0.0114284751200522,0.0016995616326828215
1,2015-07-22,LowVol,-0.002838378661585,0.0029828961075040535
1,2015-07-23,LowVol,0.0030448851493667,0.0062230567052888935
1,2015-07-24,HighVol,0.0120191171873165,0.008595047388252116
1,2015-07-27,HighVol,0.0145074580843684,0.0016214962355609842
1,2015-07-28,LowVol,0.0002387710921385,0.004075296729138872
1,2015-07-29,LowVol,-0.0033214320633377,0.0027509970354082087
1,2015-07-30,LowVol,-0.0117162341475864,0.0022718091293567216
1,2015-07-31,LowVol,-0.0121134698916043,-0.00010402655636245842
1,2015-08-03,LowVol,0.003718441792829,-0.001489578479946275
1,2015-08-04,LowVol,-0.0033906841540692,0.003645984191477263
1,2015-08-05,LowVol,-0.0054741318888286,0.002901870752915758
1,2015-08-06,LowVol,0.0014882928807193,0.0013614233295562634
1,2015-08-07,LowVol,0.0070686181201855,0.0029564110275083805
1,2015-08-10,LowVol,9.456355183479204e-05,0.0016282164807988426
1,2015-08-11,LowVol,0.0062776752148565,0.0023416503258705122
1,2015-08-12,LowVol,-0.0028721892850441,0.00321016094654194
1,2015-08-13,LowVol,-0.0224769884591233,0.005232447976620004
1,2015-08-14,LowVol,-0.0553434737582639,0.0025926792079514253
1,2015-08-17,LowVol,-0.1001471506124583,0.001624873829015729
1,2015-08-18,LowVol,-0.1081534097272708,0.0018555764381706576
1,2015-08-19,LowVol,-0.0665320336476537,0.0017541116930148326
1,2015-08-20,LowVol,-0.0230429011964614,-0.0008623076535003765
1,2015-08-21,HighVol,0.007329471623426,-0.0007897490753024726
1,2015-08-24,HighVol,0.0431134067275134,0.022536420249189636
1,2015-08-25,HighVol,0.0240297025774458,0.019938551943135378
1,2015-08-26,HighVol,0.0048852529772731,-0.024011903665057253
1,2015-08-27,HighVol,-0.0186677986718287,-0.023844320467927265
1,2015-08-28,HighVol,-0.0335707038948346,-0.039306056346591615
1,2015-08-31,HighVol,-0.0012143732686779,-0.004718827713456774
1,2015-09-01,HighVol,0.015748417747643,-0.0030402592665746625
1,2015-09-02,HighVol,0.0022515371611337,0.01688516542465025
1,2015-09-03,HighVol,0.006085374753926,0.01579627358649122
1,2015-09-04,HighVol,0.0177578524427726,0.019478468715786006
1,2015-09-08,HighVol,0.0052173266563566,-0.0026583683243428325
1,2015-09-09,HighVol,0.0276704303891424,-0.0042018041371942195
1,2015-09-10,HighVol,0.019810974293513,0.0009507042869430274
1,2015-09-11,HighVol,-0.0013923955370783,-0.001679450043088109
1,2015-09-14,HighVol,0.0075067717529433,-0.006700306890549827
1,2015-09-15,HighVol,-0.0178470663279538,0.005134421031102833
1,2015-09-16,HighVol,-0.0278424897778607,-0.007288829432739316
1,2015-09-17,HighVol,-0.0291752430613557,-0.011644356591419895
1,2015-09-18,HighVol,-0.0133022805812581,-0.0038169365688188297
1,2015-09-21,HighVol,-0.0430117641476481,0.0007257229492131141
1,2015-09-22,HighVol,-0.0298590580200368,0.0097537989543177
1,2015-09-23,HighVol,-0.0101757281221046,0.008843117998627588
1,2015-09-24,HighVol,-0.003991299124589,0.0060195963946937416
1,2015-09-25,HighVol,0.011148452523793,0.004765046802649448
1,2015-09-28,HighVol,0.0556357720969618,0.014951234097936215
1,2015-09-29,HighVol,0.0514030712732604,0.008358481900784162
1,2015-09-30,HighVol,0.0405994540829903,0.008230970768265853
1,2015-10-01,HighVol,0.0472593768932108,0.004038176959616807
1,2015-10-02,HighVol,0.0324616732296072,0.0009281145666061268
1,2015-10-05,HighVol,0.0153675127787396,-0.006410394351845273
1,2015-10-06,HighVol,0.0124376666839725,-0.003825714548642399
1,2015-10-07,HighVol,-0.0006021536557346,-0.005929409623127051
1,2015-10-08,HighVol,0.0056659838457566,-0.0037504872598848648
1,2015-10-09,HighVol,0.0096359070112184,-0.006645709707889837
1,2015-10-12,HighVol,0.009180050306101,0.004664928656621503
1,2015-10-13,HighVol,0.0142824190272716,-6.280584890337067e-05
1,2015-10-14,HighVol,0.0128458885308913,0.0028730261652874594
1,2015-10-15,HighVol,0.0143810009690628,0.000863813952459993
1,2015-10-16,HighVol,0.0208587882206223,-0.00019182300292668386
1,2015-10-19,HighVol,0.0178494835247071,0.0006496852748389692
1,2015-10-20,HighVol,0.0171825344321205,0.0010456444598633432
1,2015-10-21,HighVol,0.035174372271818,0.0007480047344417132
1,2015-10-22,HighVol,0.017392047904948,-0.002418330230087708
1,2015-10-23,HighVol,0.0020239121176244,0.0009327123570392191
1,2015-10-26,HighVol,0.0163766688365598,0.0031116096275304217
1,2015-10-27,HighVol,0.0212972249759479,0.004026053336057163
1,2015-10-28,LowVol,0.0067480673034385,0.001123430490817762
1,2015-10-29,LowVol,0.0063212473179403,0.0026735057064879615
1,2015-10-30,LowVol,0.0101477185233558,0.0006721544697285114
1,2015-11-02,LowVol,-0.0109793566011011,0.00018103279554456306
1,2015-11-03,LowVol,-0.011564237489643,-0.00157872829654396
1,2015-11-04,LowVol,-0.0124545537792611,0.000689831577156004
1,2015-11-05,LowVol,-0.0252678142955526,0.0004855334075881406
1,2015-11-06,LowVol,-0.0357076265467518,0.0014181376665677236
1,2015-11-09,LowVol,-0.0118223304425009,0.0024809361457423106
1,2015-11-10,LowVol,-0.0148154925127681,0.006047811914688491
1,2015-11-11,LowVol,0.0047651730269646,0.007788598942208604
1,2015-11-12,LowVol,0.0181122121105514,0.0031597709079159825
1,2015-11-13,LowVol,0.0334257709343568,-0.0017193081582355756
1,2015-11-16,HighVol,0.0167782507174525,0.0025370783684397
1,2015-11-17,HighVol,0.0188834198729999,0.0029545869476252143
1,2015-11-18,HighVol,0.0028267031069397,0.0016753561783115771
1,2015-11-19,HighVol,0.0048429597850041,-0.003958442109545705
1,2015-11-20,LowVol,-0.0029621355002367,-0.001687882463220257
1,2015-11-23,LowVol,0.0077005714751499,-0.0002793343440773812
1,2015-11-24,LowVol,-0.0039168419245498,-0.0032997719869750698
1,2015-11-25,LowVol,-0.0177241273432379,0.0060638739389226055
1,2015-11-27,LowVol,0.000285755691308,0.004911733554349896
1,2015-11-30,LowVol,-0.0016291159212863,0.001748733504983139
1,2015-12-01,LowVol,-0.0177042605008806,-9.546524265580963e-06
1,2015-12-02,LowVol,-0.0152978318743742,0.0031126676664629508
1,2015-12-03,LowVol,0.0012646024569291,-0.001378189631860857
1,2015-12-04,HighVol,-0.0369238714680406,0.0011573033207072521
1,2015-12-07,HighVol,-0.0261580240509528,0.004208388241300372
1,2015-12-08,HighVol,-0.0092777207924671,0.006005830499179263
1,2015-12-09,HighVol,0.0131003178121176,0.0008103074482459715
1,2015-12-10,HighVol,-0.0049059188878407,0.0010852057278640023
1,2015-12-11,HighVol,-0.0033164646647207,-0.0008848758228987672
1,2015-12-14,HighVol,-0.0001466255134136,0.0043089599424453486
1,2015-12-15,HighVol,-0.0015553650459079,0.0008116770623263943
1,2015-12-16,HighVol,-0.0037678785183662,-0.005737326789235981
1,2015-12-17,HighVol,0.0099779713013676,0.0004316949381898538
1,2015-12-18,HighVol,0.0259473168574129,0.002570054769835481
1,2015-12-21,HighVol,0.0284129041475975,0.0029871081998181204
1,2015-12-22,HighVol,0.0119412919830084,0.003085470034558745
1,2015-12-23,HighVol,-0.0104358861862985,0.004948623814137614
1,2015-12-24,HighVol,-0.022656372715309,0.005257060618182686
1,2015-12-28,HighVol,-0.0187614399696454,0.0013944962328661403
1,2015-12-29,HighVol,-0.0413696145995414,-0.0007264958788878848
1,2015-12-30,HighVol,-0.0576894292721182,0.004791397259557953
1,2015-12-31,HighVol,-0.0586160116257586,0.005319578801295806
1,2016-01-04,HighVol,-0.0443239083026147,-0.005216783864882782
1,2016-01-05,HighVol,-0.0382400538162123,0.002180848269537848
1,2016-01-06,HighVol,-0.0502463555545521,0.0039584498394246315
1,2016-01-07,HighVol,-0.0109255402656669,-0.007813213256873404
1,2016-01-08,HighVol,-0.0214151563062156,0.0020762708009349666
1,2016-01-11,HighVol,-0.0210821233354618,0.005725422332948313
1,2016-01-12,HighVol,-0.041360988448333,-0.0031964033718338974
1,2016-01-13,HighVol,-0.0113333837503617,0.00822379215012215
1,2016-01-14,HighVol,-0.0073462963687689,0.013408369197618463
1,2016-01-15,HighVol,-0.0009051112476359,0.023382662815414214
1,2016-01-19,HighVol,0.0113795032277759,0.017762747923363797
1,2016-01-20,HighVol,0.0133585056864462,0.026890293609059153
1,2016-01-21,HighVol,0.0129630968956857,0.016529823030629928
1,2016-01-22,HighVol,0.0167965106243348,0.01047728352824142
1,2016-01-25,HighVol,0.0320296650031883,0.029099256688108366
1,2016-01-26,HighVol,-0.0002099218226772,0.002128661839170959
1,2016-01-27,HighVol,0.016849896775225,0.015149620100441475
1,2016-01-28,HighVol,0.013166829577546,0.01089124881515278
1,2016-01-29,HighVol,-0.0297852250910222,0.009338630397034635
1,2016-02-01,HighVol,-0.0424996345552584,0.00361314502447171
1,2016-02-02,HighVol,-0.0248737254041986,0.01358858706975512
1,2016-02-03,HighVol,-0.031520940067837,0.0034789830591237763
1,2016-02-04,HighVol,-0.0456159846952954,0.005397848635206492
1,2016-02-05,HighVol,-0.0070230595752478,0.006844069987681599
1,2016-02-08,HighVol,0.0235140038982579,0.021132041128891003
1,2016-02-09,HighVol,0.040176442804598,0.013349799864891472
1,2016-02-10,HighVol,0.0368107940659365,0.013357410983277185
1,2016-02-11,HighVol,0.0499836981277295,0.033165307707617574
1,2016-02-12,HighVol,0.0436692940738692,0.004969915493581375
1,2016-02-16,HighVol,0.0133843347177573,0.003027470131219446
1,2016-02-17,HighVol,0.0016592306882419,0.001486079495458408
1,2016-02-18,HighVol,0.0179603559639565,0.0037269839417168795
1,2016-02-19,HighVol,0.0160938887792245,-0.00023862426449005635
1,2016-02-22,HighVol,-0.0062638651086266,-0.0068929155692142785
1,2016-02-23,HighVol,0.0301063222674453,0.0024714391170596504
1,2016-02-24,HighVol,0.0300209997200786,0.006239883712913256
1,2016-02-25,HighVol,0.0216837509182028,-0.0018970877907766377
1,2016-02-26,HighVol,0.0273717460820503,-0.0011747134000042125
1,2016-02-29,HighVol,0.0363196673821868,0.004154589594014662
1,2016-03-01,HighVol,0.0014634041166075,0.0016263749692481913
1,2016-03-02,HighVol,0.0019090695355157,-0.0003759316997192897
1,2016-03-03,HighVol,-0.0012014882799629,-0.002830770373664431
1,2016-03-04,HighVol,0.0116251853007725,-0.0022216712686772755
1,2016-03-07,HighVol,0.0095220221010527,-0.0013372840855863364
1,2016-03-08,HighVol,0.0190022925213446,0.0018506654963492011
1,2016-03-09,HighVol,0.019861790370715,0.0020688552853107577
1,2016-03-10,HighVol,0.0255087773244024,0.0036520853017056893
1,2016-03-11,HighVol,0.0131885172616701,0.005591636800370419
1,2016-03-14,HighVol,0.0159290184532716,0.00557443608709428
1,2016-03-15,HighVol,0.0170399751907515,-0.001256219558772048
1,2016-03-16,HighVol,0.0045150413852832,-0.002312023701944175
1,2016-03-17,HighVol,-0.0022596082661665,-0.0022450957084986286
1,2016-03-18,HighVol,-0.0055777036343308,0.0004615520518698702
1,2016-03-21,LowVol,0.0021985702167373,0.0019282982846798558
1,2016-03-22,LowVol,0.0071375347535047,0.000920212144526088
1,2016-03-23,LowVol,0.0113675241318536,0.0036962478955301194
1,2016-03-24,LowVol,0.0187082987785445,0.0046433606775422576
1,2016-03-28,LowVol,0.014809878319963,0.007364665907170121
1,2016-03-29,LowVol,-0.0045339195966666,0.002458830000081898
1,2016-03-30,LowVol,0.0019416245318557,0.0019309445671778793
1,2016-03-31,LowVol,-0.0076390773809889,0.0014021830451825953
1,2016-04-01,LowVol,-0.0116954962619105,-0.00036815757692465305
1,2016-04-04,LowVol,-0.0108120840343485,0.002744770009345522
2,2016-04-05,LowVol,0.0084722685192533,0.0025809174041451985
2,2016-04-06,LowVol,0.0076542711253337,0.0005204132289705322
2,2016-04-07,LowVol,0.0199067813759106,0.0031497292887108907
2,2016-04-08,LowVol,0.0160390468145115,0.0017796949256320795
2,2016-04-11,LowVol,0.0255859094538513,0.003186041952304706
2,2016-04-12,LowVol,0.0193280910088884,-0.00024756217600842084
2,2016-04-13,LowVol,0.0100960826344072,5.5998264508010806e-05
2,2016-04-14,LowVol,0.0046151451623039,0.0004522169746122361
2,2016-04-15,LowVol,0.0057274384077219,0.00019151369790689423
2,2016-04-18,LowVol,-0.0030109442332474,0.00028652249357571615
2,2016-04-19,LowVol,-0.0046690689004855,-5.531059846647807e-05
2,2016-04-20,LowVol,-0.0035695813391029,-0.0010556440901500082
2,2016-04-21,LowVol,-0.0072739304868129,0.0008109578711101581
2,2016-04-22,LowVol,-0.012633473729199,0.0008109578711101581
2,2016-04-25,LowVol,-0.0030682882521598,0.0025458463085373693
2,2016-04-26,LowVol,-0.0132104276483148,0.002444776619100975
2,2016-04-27,LowVol,-0.0207307774514605,0.0021761034787825015
2,2016-04-28,LowVol,-0.0119549193532707,0.004215878741691484
2,2016-04-29,LowVol,-0.0029567144165572,0.0044317406558328195
2,2016-05-02,LowVol,-0.0100011775156843,0.003570928416295148
2,2016-05-03,LowVol,0.0111075621087781,0.006313267670638547
2,2016-05-04,LowVol,0.0072677537409662,0.004838048836566115
2,2016-05-05,LowVol,0.007757530374107,0.007620402408215699
2,2016-05-06,LowVol,-0.0046662584897658,0.004770326115560432
2,2016-05-09,LowVol,0.0043228100469214,0.003321753303929805
2,2016-05-10,LowVol,-0.0172703949414325,-0.0010525898560021858
2,2016-05-11,LowVol,-0.0076998758382704,-0.0005063293441461236
2,2016-05-12,LowVol,-0.0114251587290102,-0.0013632417377087336
2,2016-05-13,LowVol,0.0035653249525962,0.001597983454638623
2,2016-05-16,LowVol,-0.0075927032651706,-0.0030532390075436043
2,2016-05-17,LowVol,0.0147424451747821,0.0007020986125973923
2,2016-05-18,LowVol,0.0213263778532564,0.0001660402457199043
2,2016-05-19,LowVol,0.0251713898349921,0.0018778644082174647
2,2016-05-20,LowVol,0.0231152827760421,-0.0014466926680628829
2,2016-05-23,LowVol,0.0225621716909585,0.004447488078309493
2,2016-05-24,LowVol,0.0115458098915228,-0.0019503208137832844
2,2016-05-25,LowVol,0.0077889478798611,-0.0013623389811425403
2,2016-05-26,LowVol,0.0044900887919552,0.00021253742671777041
2,2016-05-27,LowVol,0.0052796341563998,9.660446321151525e-05
2,2016-05-31,LowVol,0.0087686253699932,-0.00123541975644114
2,2016-06-01,LowVol,0.0099870048961783,-0.00017819816902279542
2,2016-06-02,LowVol,0.0055469037407172,4.106190709111664e-05
2,2016-06-03,LowVol,-0.0009981992680443,-0.0006210393691126843
2,2016-06-06,LowVol,-0.0137212903003743,0.00016126337332978956
2,2016-06-07,LowVol,-0.0171956263216902,0.0002613049288429702
2,2016-06-08,LowVol,-0.0217540162884859,0.00014907998884323062
2,2016-06-09,LowVol,-0.0174930497490574,0.00012946079081744302
2,2016-06-10,LowVol,-0.0117868691312089,0.0018348477248214732
2,2016-06-13,LowVol,0.002307107563664,0.00609419339766896
2,2016-06-14,LowVol,0.0071329950616394,0.005984836564353455
2,2016-06-15,LowVol,0.0068937638206587,0.005646206205752316
2,2016-06-16,LowVol,0.0169711973573358,0.0016685148609829068
2,2016-06-17,LowVol,-0.0158822267106675,0.005333133256624857
2,2016-06-20,LowVol,-0.0396920376850754,0.002268998803918654
2,2016-06-21,LowVol,-0.025138956160702,0.002299528169257607
2,2016-06-22,LowVol,-0.0069198195138083,0.0018589397034709113
2,2016-06-23,LowVol,-0.0063092112580958,-0.0008547782389815894
2,2016-06-24,HighVol,0.0328675263477327,0.008826107531866951
2,2016-06-27,HighVol,0.0441384324980342,0.017202137971088317
2,2016-06-28,HighVol,0.031791085064732,-0.003875608304383879
2,2016-06-29,HighVol,0.0138877933491772,-0.0009634235710989998
2,2016-06-30,HighVol,0.0151328447678744,-0.0010931003402029466
2,2016-07-01,HighVol,0.0165774855753619,0.0009724986938511926
2,2016-07-05,HighVol,0.0313802928082411,0.0002322296191986277
2,2016-07-06,HighVol,0.0250883682359135,0.0003117328144973249
2,2016-07-07,HighVol,0.0314509053127509,0.0010371142746840778
2,2016-07-08,HighVol,0.0149540921560114,0.0020643985136859053
2,2016-07-11,HighVol,0.0141052609135401,0.002728251013589686
2,2016-07-12,HighVol,0.0057687586326784,0.004131595468611302
2,2016-07-13,HighVol,0.0100965286348224,0.0017578284455010056
2,2016-07-14,HighVol,0.0006942524829516,0.0015583286361054733
2,2016-07-15,HighVol,0.006533048774354,0.0030091828964792164
2,2016-07-18,HighVol,0.0011089345007673,0.002565003633704032
2,2016-07-19,HighVol,0.002590257562465,0.0046250842058221915
2,2016-07-20,HighVol,-0.0026253157974516,0.0027270829615822583
2,2016-07-21,HighVol,0.0023117411519162,0.004089820386606471
2,2016-07-22,HighVol,-0.0005524725206764,0.0032749574615724302
2,2016-07-25,HighVol,0.0013387228413763,0.0027665959091409498
2,2016-07-26,LowVol,-0.0055363888017673,0.00880871029012826
2,2016-07-27,LowVol,-0.0015703509532926,0.003088592531146139
2,2016-07-28,LowVol,-0.0016605981905221,0.002619422465594296
2,2016-07-29,LowVol,0.004882101546128,0.0024108665916309003
2,2016-08-01,LowVol,0.005116528938313,0.0013086041120222048
2,2016-08-02,LowVol,0.0122014085484405,0.0036684329748614014
2,2016-08-03,LowVol,0.0067534926300902,0.0036119230849621215
2,2016-08-04,LowVol,0.0103509106804868,0.004866603119170883
2,2016-08-05,LowVol,0.001283275042706,0.00036644292511718704
2,2016-08-08,LowVol,0.0047695965616971,0.00045081976156551815
2,2016-08-09,LowVol,-0.0010083930949785,6.040729444464956e-05
2,2016-08-10,LowVol,0.0033542590769033,0.0003909000541283092
2,2016-08-11,LowVol,0.0009601823363316,-0.00013030334718878194
2,2016-08-12,LowVol,0.0003664495247552,0.000867804441542692
2,2016-08-15,LowVol,-0.002556216485634,0.00042991640443343956
2,2016-08-16,LowVol,0.0046339048342911,0.0013437196608281786
2,2016-08-17,LowVol,-0.0023814678146645,-0.0007590788573979465
2,2016-08-18,LowVol,-0.0053000822165483,0.0008492824596513892
2,2016-08-19,LowVol,-0.0057199775768154,-0.00017706561961535678
2,2016-08-22,LowVol,-0.0007778307497995,0.002078807965617455
2,2016-08-23,LowVol,-0.0044296918939369,-4.689120866959358e-05
2,2016-08-24,LowVol,-0.002157161828251,0.0012025693760374003
2,2016-08-25,LowVol,-0.0014242597288894,0.0013341431886806688
2,2016-08-26,LowVol,0.004970367078892,0.0038493158242854167
2,2016-08-29,LowVol,0.0030682972180973,0.0011827433433888805
2,2016-08-30,LowVol,0.0046330538063834,0.001690534172487776
2,2016-08-31,LowVol,0.0051980549670889,0.0018105853639786712
2,2016-09-01,LowVol,-0.0189060003357046,0.002089607384666076
2,2016-09-02,LowVol,-0.0092962639969989,-0.0012112700099549437
2,2016-09-06,LowVol,-0.0264803338451692,-0.0008408878220172565
2,2016-09-07,LowVol,-0.0267565889722896,-0.0013583625053511864
2,2016-09-08,LowVol,-0.0147816951606364,-0.0009948849323829312
2,2016-09-09,LowVol,0.0054756189068685,0.002843377693285169
2,2016-09-12,LowVol,-0.008560529983466,0.001982067526752917
2,2016-09-13,LowVol,0.0059465983122195,0.0040401674541899295
2,2016-09-14,LowVol,0.0176407542797152,0.0023761468522058523
2,2016-09-15,LowVol,0.0139215011626421,0.0024987832099244403
2,2016-09-16,LowVol,0.0122791533307471,6.03043175127408e-05
2,2016-09-19,LowVol,0.0038893672533149,0.0021925471767738677
2,2016-09-20,LowVol,0.0100743855825706,-0.0001740575392013317
2,2016-09-21,HighVol,0.0037998534630099,-0.0015398588172116584
2,2016-09-22,HighVol,-0.0115110209178485,0.0022811781703039173
2,2016-09-23,HighVol,0.0014351697625443,0.00018392738579847464
2,2016-09-26,HighVol,0.0071882924134625,-0.0008043461943455824
2,2016-09-27,HighVol,-0.0041285299493288,-0.0016766739580498223
2,2016-09-28,HighVol,-0.0046622349834223,0.0007039930674888967
2,2016-09-29,HighVol,0.0051238994537783,0.0018728728621832376
2,2016-09-30,HighVol,-0.0058253175990841,0.0007949222392872534
2,2016-10-03,HighVol,0.0017607685696572,0.0007888499935723715
2,2016-10-04,HighVol,-0.0058228658568983,0.001230208222419159
2,2016-10-05,HighVol,-0.0089042769971907,0.0024105598309143842
2,2016-10-06,HighVol,-0.0128373302430194,0.0023938995821631806
2,2016-10-07,LowVol,-0.008928627670963,0.002448636366306225
2,2016-10-10,LowVol,-0.0174868621784927,0.0018155822545154025
2,2016-10-11,LowVol,0.0013121731049692,0.0049907569239402
2,2016-10-12,LowVol,0.0026670269517421,0.0037044801286374306
2,2016-10-13,LowVol,0.0040844338339125,0.004619238678541978
2,2016-10-14,LowVol,0.0040353257426635,0.004767239441847485
2,2016-10-17,LowVol,0.0118184285477145,0.010640012715856349
2,2016-10-18,LowVol,0.0021522029305687,0.0007671398882524232
2,2016-10-19,LowVol,-0.002520194661935,0.0006330143280864862
2,2016-10-20,LowVol,-0.0033196550478741,-0.0012223840500104992
2,2016-10-21,LowVol,-0.0067292477517462,-0.001400786306215652
2,2016-10-24,LowVol,-0.010889206996702,-8.794533377013695e-05
2,2016-10-25,LowVol,-0.0147547779014707,0.00032271622553480407
2,2016-10-26,LowVol,-0.0187139374517654,0.0009935299962032602
2,2016-10-27,LowVol,-0.0205937924480564,0.0014936242481864573
2,2016-10-28,LowVol,-0.0187731312949366,-0.0037273162824219405
2,2016-10-31,LowVol,0.0028230449893549,0.0026089847135261105
2,2016-11-01,LowVol,0.0146916808014316,0.0026085057969197755
2,2016-11-02,LowVol,0.0316580957945791,0.00386644539340789
2,2016-11-03,LowVol,0.0389882959560863,0.003431441989571816
2,2016-11-04,LowVol,0.0377367052972845,0.0034934659875516354
2,2016-11-07,LowVol,0.0161385229491182,0.00026237943229018485
2,2016-11-08,LowVol,0.0194758189247135,-0.0009788757351992519
2,2016-11-09,LowVol,0.0068860685506439,0.0017119165952897918
2,2016-11-10,LowVol,0.0095425823120542,-0.002284906241205142
2,2016-11-11,LowVol,0.0096107473947815,0.0011084892779926938
2,2016-11-14,LowVol,0.0164366801461048,0.0003128864854321874
2,2016-11-15,LowVol,0.0105368619513004,2.7433396533443776e-05
2,2016-11-16,LowVol,0.0129892175235613,0.00035837273074608374
2,2016-11-17,LowVol,0.0115531014563337,0.00044976492049038293
2,2016-11-18,LowVol,0.0090619728725678,0.000500499924555106
2,2016-11-21,LowVol,0.0034522822490499,0.0006809446315784477
2,2016-11-22,LowVol,-0.0009066775781487,0.0006393634737901124
2,2016-11-23,LowVol,-0.0051199711338905,0.0011600822183727858
2,2016-11-25,LowVol,-0.0083061824516718,0.0018711213163266774
2,2016-11-28,LowVol,0.002358786465437,0.0008255044919523075
2,2016-11-29,LowVol,0.0035758686272289,0.0009766403688447644
2,2016-11-30,LowVol,0.019148735358863,0.0013952529929543494
2,2016-12-01,LowVol,0.0254133193411829,0.0024456628452148763
2,2016-12-02,LowVol,0.0310906879816807,0.0031351192629380793
2,2016-12-05,LowVol,0.0237553492985174,0.0016865805716687753
2,2016-12-06,LowVol,0.0273342459621481,0.0005240451368040771
2,2016-12-07,LowVol,0.0056989238266993,-0.00045108738610791195
2,2016-12-08,LowVol,0.0073728096139102,0.00032928195824424557
2,2016-12-09,LowVol,-0.0006339768469798,-4.019112673444462e-05
2,2016-12-12,LowVol,0.0026930667985496,-0.0008059302257166515
2,2016-12-13,LowVol,-0.0001122171359322,-0.00034418302214887726
2,2016-12-14,LowVol,0.0054043467862439,-0.0017431154339537132
2,2016-12-15,LowVol,-0.0004477624372734,0.00016910021852339026
2,2016-12-16,LowVol,0.0029772588070382,-0.0018558624581121834
2,2016-12-19,LowVol,0.0032812801494375,0.0007072375036073711
2,2016-12-20,LowVol,-0.0088340606743347,0.0012913843866953442
2,2016-12-21,LowVol,-0.0062896882451847,0.001669630551552034
2,2016-12-22,LowVol,-0.0082086982499725,0.003611001499091669
2,2016-12-23,LowVol,-0.0020823615358321,0.003477411960371916
2,2016-12-27,LowVol,0.0013697697945711,0.0013871010497323397
2,2016-12-28,LowVol,0.008912796862597,0.005059070123926334
2,2016-12-29,LowVol,0.0127478485058758,0.005355845219455032
2,2016-12-30,LowVol,0.0131079609369098,0.005628987480972528
2,2017-01-03,LowVol,0.0054164225383845,0.002379351699864491
2,2017-01-04,LowVol,0.0022948935919637,0.0012302264505839686
2,2017-01-05,LowVol,0.0005742969030464,0.0003031698124407564
2,2017-01-06,LowVol,-0.0007040432969469,0.00025124962178652114
2,2017-01-09,LowVol,-0.0009272539504531,-0.00027902066901915214
2,2017-01-10,LowVol,0.0012805196315177,-0.0005995233043136809
2,2017-01-11,LowVol,-0.0052398140668854,0.0005010724452914888
2,2017-01-12,LowVol,0.0009269673182032,-3.924826966983545e-05
2,2017-01-13,LowVol,-0.0039640872239661,0.0012724435183427262
2,2017-01-17,LowVol,0.0059668422443346,0.0011346815251206401
2,2017-01-18,LowVol,0.0124367875103099,0.001268505550819971
2,2017-01-19,LowVol,0.0151389337591942,0.0013177865762490002
2,2017-01-20,LowVol,0.0098352274894049,-0.0003588012790487414
2,2017-01-23,LowVol,0.0061910558681326,0.0008217539038282594
2,2017-01-24,LowVol,-0.0003072769917964,-9.658871512677077e-05
2,2017-01-25,LowVol,-0.0084941885280254,8.720171404898886e-05
2,2017-01-26,LowVol,-0.0068025082196749,0.00014294488102171898
2,2017-01-27,LowVol,0.0016158751824058,0.00030198462585124397
2,2017-01-30,LowVol,0.0060643489090597,0.0002295892788855315
2,2017-01-31,LowVol,0.0061966456096074,0.001310830203746089
2,2017-02-01,LowVol,0.0071170368677409,0.0014595808689104393
2,2017-02-02,LowVol,0.0124245770977005,0.0014598433133727257
2,2017-02-03,LowVol,0.009461813804682,0.00046422746024652123
2,2017-02-06,LowVol,0.0167738003640669,3.473731532974178e-05
2,2017-02-07,LowVol,0.020791499664144,0.000701309772162967
2,2017-02-08,LowVol,0.0247776952279719,-0.00022352708422089965
2,2017-02-09,LowVol,0.0178666748832081,-0.0008268071108931524
2,2017-02-10,LowVol,0.0154638571649541,-0.00013058761064479494
2,2017-02-13,LowVol,0.0159815097493931,0.0004471298437051427
2,2017-02-14,LowVol,0.0110398128672561,0.00011993165665895491
2,2017-02-15,LowVol,0.006470104672509,0.00032928195824424557
2,2017-02-16,LowVol,0.0086059243502698,1.7343295728300815e-05
2,2017-02-17,LowVol,0.0085923035944757,0.0006469606774389062
2,2017-02-21,LowVol,-8.481423584472125e-05,0.00034060932348091937
2,2017-02-22,LowVol,0.0148128656084658,0.0007537690319572285
2,2017-02-23,LowVol,0.0077398883137735,0.0007671621436775794
2,2017-02-24,LowVol,0.0070965157122753,0.0006469606774389062
2,2017-02-27,LowVol,0.0025305255905312,0.0007537690319572285
2,2017-02-28,LowVol,0.0022413987922986,0.0013907433935869667
2,2017-03-01,LowVol,-0.0134290870764294,0.001414407500760018
2,2017-03-02,LowVol,-0.0059177802010698,0.0007202439971620669
2,2017-03-03,LowVol,-0.0030620391789704,0.0006339176514525255
2,2017-03-06,LowVol,0.0004207021223243,0.002619422465594296
2,2017-03-07,LowVol,-0.0004220372369173,0.0018139470453040773
2,2017-03-08,LowVol,0.0101032435451997,0.0029098115596210123
2,2017-03-09,LowVol,0.0068396987543251,0.0025828168007868955
2,2017-03-10,LowVol,0.0015616640365596,0.002379351699864491
2,2017-03-13,LowVol,-4.179919221025674e-05,0.0022461295256919565
2,2017-03-14,LowVol,-0.0090888882772354,0.001493635173234598
2,2017-03-15,LowVol,-0.0152783166222343,-0.00011520811620562691
2,2017-03-16,LowVol,-0.0143906086019708,0.0003738430539798403
2,2017-03-17,LowVol,-0.0133736137271104,0.0010807254428093144
2,2017-03-20,LowVol,-0.0133041735145819,0.0017730111746377295
2,2017-03-21,LowVol,0.0068027662741121,6.724863689270896e-05
2,2017-03-22,LowVol,0.0053781699914379,0.003988522798376139
2,2017-03-23,LowVol,0.0096568225403756,0.005204701359972974
2,2017-03-24,LowVol,0.0080390440263717,0.004354146524184014
2,2017-03-27,LowVol,0.0073194791892192,0.003197929085585095
2,2017-03-28,LowVol,0.0006797585346545,-0.00016677933614233658
2,2017-03-29,LowVol,-0.0032267922399993,-0.0023654020120540153
2,2017-03-30,LowVol,-0.0035974053764121,-0.0016435573980014117
2,2017-03-31,LowVol,-0.0022908363030536,-0.0030886494535797265
2,2017-04-03,LowVol,4.250653622328571e-05,-0.001589727542684363
2,2017-04-04,LowVol,-0.0017834630829884,0.00014794566940872647
2,2017-04-05,LowVol,-0.0031942563050099,0.0017766746931971642
2,2017-04-06,LowVol,-0.0124447748131185,0.001845929812208339
2,2017-04-07,LowVol,-0.0026788665080779,0.0018851051290403645
2,2017-04-10,LowVol,-0.0062461712009542,0.0006659187710867852
2,2017-04-11,LowVol,-0.0068918663128342,0.0027182548481273455
2,2017-04-12,LowVol,0.0055974019708355,0.0017471908377759925
2,2017-04-13,LowVol,0.0089459363485713,0.003409299003988427
2,2017-04-17,LowVol,0.0110842743901871,0.0009204632932317109
2,2017-04-18,LowVol,0.0200112097052209,0.0006071160054427859
2,2017-04-19,LowVol,0.0212475880434062,0.004379738697604653
2,2017-04-20,LowVol,0.0138524187814832,-0.00016796275256416896
2,2017-04-21,LowVol,0.0148771382445647,0.000169569061786117
2,2017-04-24,LowVol,0.0063666830042738,-0.0009390445777313646
2,2017-04-25,LowVol,0.0009222250013052,-0.001090013431748272
2,2017-04-26,LowVol,0.0003353771705534,-0.0017386546164333536
2,2017-04-27,LowVol,0.0006705618752484,-0.0003495192220925396
2,2017-04-28,LowVol,0.0068042953670635,-0.0002172608604991958
2,2017-05-01,LowVol,0.0041061390222834,-6.254769868081864e-05
2,2017-05-02,LowVol,0.0028060199868245,3.57110051729374e-05
2,2017-05-03,LowVol,0.0058286646314056,-0.000367896802102181
2,2017-05-04,LowVol,0.0025967322094693,0.0006914362113679544
2,2017-05-05,LowVol,-0.0030036441910029,9.649204614870667e-05
2,2017-05-08,LowVol,0.002670310410427,-0.00012418192812580975
2,2017-05-09,LowVol,0.0026728375645526,0.001348972083666351
2,2017-05-10,LowVol,-0.0168843139092172,6.46894636363601e-05
2,2017-05-11,LowVol,-0.0109030414208711,0.0011369243723378796
2,2017-05-12,LowVol,-0.0028037019584868,0.003929008681610783
2,2017-05-15,LowVol,-0.0032455418675416,0.0006729910202886278
2,2017-05-16,LowVol,-0.0001250700947337,0.0014137434108474334
2,2017-05-17,LowVol,0.0203123402069544,0.00426343389746388
2,2017-05-18,LowVol,0.0210751246334874,0.00406613943358253
2,2017-05-19,LowVol,0.0142671327594527,0.0030340854116240146
2,2017-05-22,LowVol,0.0082663364718389,0.0029304290881079606
2,2017-05-23,LowVol,0.0057906906959654,0.0003048421425388016
2,2017-05-24,LowVol,0.0114291898499621,-0.0006571777113100687
2,2017-05-25,LowVol,0.0099686250213903,-0.0008796909354558466
2,2017-05-26,LowVol,0.0094329066830665,-0.0007130864576392948
2,2017-05-30,LowVol,0.0070805750077069,-2.1186655123506086e-05
2,2017-05-31,LowVol,0.0091948688019891,-0.0007861801800956059
2,2017-06-01,LowVol,0.0017257142956563,-7.343323530254736e-05
2,2017-06-02,LowVol,-0.0031125993040129,-0.0003774251307169802
2,2017-06-05,LowVol,-0.0025821404614706,0.0003616033103952351
2,2017-06-06,LowVol,0.0055098784726439,-0.0002180186544716844
2,2017-06-07,LowVol,0.0023804429635307,-0.0005416902041585571
2,2017-06-08,LowVol,-4.0816051824266175e-05,0.0003753403384284334
2,2017-06-09,LowVol,0.0016978178492585,0.002071228082437652
2,2017-06-12,LowVol,0.0102448201748432,0.0019060185566842584
2,2017-06-13,LowVol,-0.0014516211994406,0.0002692814550819033
2,2017-06-14,LowVol,-0.0004310116921402,0.0008978576562262135
2,2017-06-15,LowVol,0.0010427334728226,0.001454550020496071
2,2017-06-16,LowVol,0.0020193846162528,0.0010821917972145933
2,2017-06-19,LowVol,-0.0055999709521107,9.350772482182654e-05
2,2017-06-20,LowVol,-0.0069132798824644,0.002018918977291944
2,2017-06-21,LowVol,0.0022224703276183,0.0014176385582644116
2,2017-06-22,LowVol,-0.0061356554761634,0.001555980090346803
2,2017-06-23,LowVol,-0.005470068287757,0.0005882613396950561
2,2017-06-26,LowVol,-0.0044388738024684,0.0020128269112025805
2,2017-06-27,LowVol,0.0059670025964047,0.0059132040023425845
2,2017-06-28,LowVol,-0.0120743732767273,0.0004218214660028774
2,2017-06-29,LowVol,0.003148962153314,0.0041139267428437305
2,2017-06-30,LowVol,0.0023569808804428,0.0019609778728495735
2,2017-07-03,LowVol,-8.270479021654786e-05,0.0063052876169114175
2,2017-07-05,LowVol,0.0051074808474891,-0.000592308876201861
2,2017-07-06,LowVol,0.0160882373398358,0.004714891670065912
2,2017-07-07,LowVol,0.0142497388392675,0.0006351933211163713
2,2017-07-10,LowVol,0.013038162670409,0.0029039626573054175
2,2017-07-11,LowVol,0.0143277421913985,0.002255188369168907
2,2017-07-12,LowVol,0.012212976032512,-0.0013537142277948297
2,2017-07-13,LowVol,0.010964784059456,-0.001715375559091153
2,2017-07-14,LowVol,0.0053755426429664,-0.0006227674503030403
2,2017-07-17,LowVol,0.0052539978091061,-0.000716706178956146
2,2017-07-18,LowVol,0.0071643757120747,-0.001802604207804425
2,2017-07-19,LowVol,0.0017812360124567,-0.00018274916491949194
2,2017-07-20,LowVol,0.0004046300477065,-0.00021455174743183845
2,2017-07-21,LowVol,0.0001215327433672,-0.0005051505311259199
2,2017-07-24,LowVol,-0.0002027934711741,-9.435028119316516e-05
2,2017-07-25,LowVol,-0.000404248576615,-0.0002737618214444146
2,2017-07-26,LowVol,4.0515476060543065e-05,0.0006411884377762813
2,2017-07-27,LowVol,-0.0009708613749158,0.0003862003518803785
2,2017-07-28,LowVol,0.0020249914621002,0.0008978576562262135
2,2017-07-31,LowVol,0.0044578080188608,0.0010052502985938843
2,2017-08-01,LowVol,-0.0002426330383995,0.0008439146072230907
2,2017-08-02,LowVol,-0.000768130952066,0.0010046660107445357
2,2017-08-03,LowVol,-0.0129577062277265,0.002417947850808552
2,2017-08-04,LowVol,-0.0132976711583578,0.000664763497947512
2,2017-08-07,LowVol,-0.0053658883821835,0.00018267021585244273
2,2017-08-08,LowVol,-0.0030333650271849,0.0010958098267121162
2,2017-08-09,LowVol,-0.0012534859983135,0.0011456245634365529
2,2017-08-10,LowVol,-0.0027484203605226,0.006958981571867798
2,2017-08-11,LowVol,-0.0057758991684051,0.004864846067870062
2,2017-08-14,LowVol,-0.01476433961677,0.002777521069521676
2,2017-08-15,LowVol,-0.0043404383939636,0.0025839097945199933
2,2017-08-16,LowVol,-0.0096382830238471,0.0027791918197674005
2,2017-08-17,LowVol,0.0037023932739854,0.003309973230888497
2,2017-08-18,LowVol,0.007621956181528,0.0045193640533114894
2,2017-08-21,LowVol,0.0068752838741554,0.003481805481307003
2,2017-08-22,LowVol,-0.0024037137534859,0.001356789518652853
2,2017-08-23,LowVol,0.0059292579525846,0.0010919359915241243
2,2017-08-24,LowVol,0.0143447251411643,-0.0009755821121605291
2,2017-08-25,LowVol,0.0134118646178849,-0.0019290766653420341
2,2017-08-28,LowVol,0.0060921814743184,0.0009857909490612346
2,2017-08-29,LowVol,0.0083721783997767,-5.97863583562437e-05
2,2017-08-30,LowVol,0.0034955934698015,-0.0006018546518237039
2,2017-08-31,LowVol,-0.0036767924176823,-0.0004320234235691078
2,2017-09-01,LowVol,0.005528050368035,-0.0012239081584372626
2,2017-09-05,LowVol,0.0162157264055931,5.2581779541778475e-06
2,2017-09-06,LowVol,0.0132441482701792,9.448169599110276e-05
2,2017-09-07,LowVol,0.0130435762776339,0.0008617869738355308
2,2017-09-08,LowVol,0.015599965453817,0.0025626919546956075
2,2017-09-11,LowVol,0.0070194168006536,-0.00027056477160430686
2,2017-09-12,LowVol,0.0046410722076721,-0.00043562439879493833
2,2017-09-13,LowVol,0.0045208771961466,-0.00013201416085476905
2,2017-09-14,LowVol,0.0021496124962117,-0.000542814410787524
2,2017-09-15,LowVol,0.0010034304379367,-0.00014949532108978492
2,2017-09-18,LowVol,-0.0031638246228873,-0.00012791324811884858
2,2017-09-19,LowVol,-0.003560207887291,0.0003815063950816431
2,2017-09-20,LowVol,-3.989138644366896e-05,-4.211889088196204e-05
2,2017-09-21,LowVol,0.0038498788905254,0.001216713722073007
2,2017-09-22,LowVol,0.0071758135603749,0.0017536654225776967
2,2017-09-25,LowVol,0.0136186053614439,0.0023395972411731363
2,2017-09-26,LowVol,0.0151754414942641,0.002145085272795924
2,2017-09-27,LowVol,0.0124375266186067,0.0007012132424193697
2,2017-09-28,LowVol,0.0172156215639218,0.0006080706823835621
2,2017-09-29,LowVol,0.0124985744921715,-0.0006362190332670921
2,2017-10-02,LowVol,0.0064597707563753,-0.0006230517137590531
2,2017-10-03,LowVol,0.0069607585002799,-0.00030913763095228474
2,2017-10-04,LowVol,0.0073472268015926,0.00043409433777616706
2,2017-10-05,LowVol,-7.847882248290805e-05,0.0002893879467404474
2,2017-10-06,LowVol,0.0022800602723243,0.000514477886982003
2,2017-10-09,LowVol,0.0052767037981602,0.0003992671900568385
2,2017-10-10,LowVol,0.0033384123875497,0.0006002552506451473
2,2017-10-11,LowVol,0.0027448677330519,0.0004369521005119454
2,2017-10-12,LowVol,0.004516042323438,0.0013735279737151136
2,2017-10-13,LowVol,0.008472377168381,0.0011038733432000712
2,2017-10-16,LowVol,0.0032120182502966,0.0005571535667506187
2,2017-10-17,LowVol,0.0042664745746741,0.0008241750781195631
2,2017-10-18,LowVol,-0.0016816668121798,0.0012106816977183934
2,2017-10-19,LowVol,-0.0006646012191208,0.0005273743690601507
2,2017-10-20,LowVol,0.0023336965989224,7.0208906451643835e-06
2,2017-10-23,LowVol,0.0024990825487818,0.0012893686938896876
2,2017-10-24,LowVol,0.002299682553517,0.0008441913005054335
2,2017-10-25,LowVol,0.0086175264872778,-0.00031114687072682635
2,2017-10-26,LowVol,0.0077066007879098,0.0014836196126792858
2,2017-10-27,LowVol,0.0028713844420962,0.0006389500038426753
2,2017-10-30,LowVol,0.0081789138423644,0.0014554781878780329
2,2017-10-31,LowVol,0.0059110527494661,0.001061540766479086
2,2017-11-01,LowVol,0.006291533879922,-0.00046995044467459723
2,2017-11-02,LowVol,0.0022518300569904,0.0001131656833312509
2,2017-11-03,LowVol,-0.0013929852028443,0.0005862669265909222
2,2017-11-06,LowVol,-0.0020086358789664,0.0002194470392741746
2,2017-11-07,LowVol,-0.0036342277514227,0.0002913054674027709
2,2017-11-08,LowVol,-0.0103044760807513,0.00039811382192109305
2,2017-11-09,LowVol,0.0017432553402165,0.0003745212666367511
2,2017-11-10,LowVol,-0.0008910537834619,0.0018967732519256958
2,2017-11-13,LowVol,-0.0001162487246622,0.002617798800523654
2,2017-11-14,LowVol,0.0087690490371699,0.0021005305250614715
2,2017-11-15,LowVol,0.0129467338834636,0.003876216105447684
2,2017-11-16,LowVol,0.0067277718968044,0.0004218214660028774
2,2017-11-17,LowVol,0.0091911068534598,0.0006179466540651293
2,2017-11-20,LowVol,0.0176927592769691,0.0016002217657045327
2,2017-11-21,LowVol,0.0104619722246859,-0.00044997804136984366
2,2017-11-22,LowVol,0.0202107522875438,-0.00019047947726301404
2,2017-11-24,LowVol,0.0157472178604456,0.001096941018705271
2,2017-11-27,LowVol,0.0150249539826714,-0.000432056808669609
2,2017-11-28,LowVol,0.0012172415257467,-0.004282308342150871
2,2017-11-29,LowVol,0.0020174254810056,0.0002801985421137893
2,2017-11-30,LowVol,-0.003546757333781,0.0010476173131022952
2,2017-12-01,LowVol,0.0039706315423302,0.0016815952406268532
2,2017-12-04,LowVol,0.0082153034647014,0.00010868943715625999
2,2017-12-05,LowVol,0.0136404793138313,0.0010273711849476163
2,2017-12-06,LowVol,0.0133338722123959,0.0009330498826770732
2,2017-12-07,LowVol,0.0060212381352844,0.001951102799715152
2,2017-12-08,LowVol,0.0088973378126198,0.0004312142522982699
2,2017-12-11,LowVol,0.01224484708619,0.00031101278605959675
2,2017-12-12,LowVol,0.0065807287862125,0.0006469606774389062
2,2017-12-13,LowVol,0.0061662552184178,0.0003429687820244736
2,2017-12-14,LowVol,0.0123754804086897,0.0011513150970318636
2,2017-12-15,LowVol,0.0037520515567308,-0.0037022057890291416
2,2017-12-18,LowVol,-0.0037659326799435,0.00031101278605959675
2,2017-12-19,LowVol,0.0005614956093593,0.0007671621436775794
2,2017-12-20,LowVol,0.0031456601144448,0.0008739704981959017
2,2017-12-21,LowVol,-0.0026909972799024,0.00023305028737455463
2,2017-12-22,LowVol,0.0047096974142697,0.0008739704981959017
2,2017-12-26,LowVol,0.0122761316485604,0.004866603119170883
2,2017-12-27,LowVol,0.0160479030080342,0.0023580405099922195
2,2017-12-28,LowVol,0.020719171004762,0.0010218539997204372
2,2017-12-29,LowVol,0.0264561267944316,0.0017603932502540506
2,2018-01-02,LowVol,0.0214684298124803,0.00036644292511718704
2,2018-01-03,LowVol,0.0134951354676993,0.00031101278605959675
2,2018-01-04,LowVol,0.0166049610876017,0.00031101278605959675
2,2018-01-05,LowVol,0.016458166929258,-0.00027480886821842974
2,2018-01-08,LowVol,0.011134465178979,-0.00011815362541948675
2,2018-01-09,LowVol,0.0184673786934155,8.576488540649136e-05
2,2018-01-10,LowVol,0.0183130599208829,0.0007975647593898072
2,2018-01-11,LowVol,0.0155363902915579,0.00071777622619703
2,2018-01-12,LowVol,0.0171633550321861,0.0003627802115943486
2,2018-01-16,LowVol,0.0228182971597239,0.0005488438373352783
2,2018-01-17,LowVol,0.0127675617378439,-0.00041672143575463664
2,2018-01-18,LowVol,0.0149024908509478,-0.00024285287225355316
2,2018-01-19,LowVol,0.0220040082570118,-0.0005664872266501769
2,2018-01-22,LowVol,0.0070393706984219,0.0004952630020512522
2,2018-01-23,LowVol,-0.0054007945813269,-0.0005456880536279275
2,2018-01-24,LowVol,-0.0045201588527874,0.00038676450945705217
2,2018-01-25,LowVol,-0.0060713630565901,0.0008528357327497107
2,2018-01-26,LowVol,-0.0388377937374819,-0.0002452123307971074
2,2018-01-29,LowVol,-0.0728888456353309,0.0008955402922155009
2,2018-01-30,LowVol,-0.0448253520739262,0.002530372561133984
2,2018-01-31,LowVol,-0.0504788110481312,0.0015332942551558883
2,2018-02-01,LowVol,-0.085055593928833,0.002004186730921315
2,2018-02-02,LowVol,-0.0506443564786516,0.001223675922408234
2,2018-02-05,HighVol,0.0053423653842328,0.008923096543206612
2,2018-02-06,HighVol,-0.0116301035125259,0.006663501965786686
2,2018-02-07,HighVol,0.0071729532035014,0.0010080900994727019
2,2018-02-08,HighVol,0.0597761548169186,0.008655044324135898
2,2018-02-09,HighVol,0.0443976772961307,-0.009307332562533521
2,2018-02-12,HighVol,0.0228384902082108,-0.0064179987617703676
2,2018-02-13,HighVol,0.0152253672701421,0.003379727008523109
2,2018-02-14,HighVol,0.0030046399651026,-0.011432063528576146
2,2018-02-15,HighVol,0.0061529345514006,-0.0026500724145318896
2,2018-02-16,HighVol,0.0175386969309936,0.0009446578875679203
2,2018-02-20,HighVol,0.0111641419487928,-0.0013755802711274405
2,2018-02-21,HighVol,0.0059250926537899,-4.440258528711738e-05
2,2018-02-22,HighVol,-0.009985099581347,-9.442182478037041e-05
2,2018-02-23,HighVol,-0.0204944481759739,-0.002441896100476897
2,2018-02-26,HighVol,-0.0205467757214337,-0.004420785464002125
2,2018-02-27,HighVol,-0.0056474893502749,-0.005534184185178517
2,2018-02-28,HighVol,0.0041596498861105,-0.003197322543572109
2,2018-03-01,HighVol,0.0239075077555164,-0.0023120324935058064
2,2018-03-02,HighVol,0.0363832294577159,0.0012437913313709283
2,2018-03-05,HighVol,0.0232559877008489,0.0010435737625042359
2,2018-03-06,HighVol,0.0140718731263898,0.00713363364468385
2,2018-03-07,HighVol,0.0092384377119412,0.0038997661882062395
2,2018-03-08,HighVol,0.0032831622148206,0.0032912823840197153
2,2018-03-09,HighVol,-0.0128079253096852,0.00495911488613688
2,2018-03-12,HighVol,-0.0249411789961385,0.00012422084263753914
2,2018-03-13,HighVol,-0.0169296344383568,0.0012712234738747443
2,2018-03-14,HighVol,-0.0137557435027344,0.001150919132517697
2,2018-03-15,HighVol,-0.0373598354386168,0.002954254510178687
2,2018-03-16,HighVol,-0.058898867921717,0.002558654324102905
2,2018-03-19,HighVol,-0.0198903742346937,0.0040127734260342355
2,2018-03-20,HighVol,-0.0381989710289788,0.010083044391677837
2,2018-03-21,HighVol,-0.0391966825855073,0.00719232333605691
2,2018-03-22,HighVol,-0.0019720523493365,0.0023577309007640533
2,2018-03-23,HighVol,-0.0022476562427672,-0.0029104269054043056
2,2018-03-26,HighVol,-0.0163703682856176,0.0024995552586160406
2,2018-03-27,HighVol,0.0113582238493672,-0.0028121383960973984
2,2018-03-28,HighVol,0.0223606900864532,-0.0010063964005610675
2,2018-03-29,HighVol,-0.0130345796999986,0.005941688672784401
2,2018-04-02,HighVol,0.0137102971957325,0.0014446849363152574
2,2018-04-03,HighVol,0.0167965683516544,0.004218988873108136
2,2018-04-04,HighVol,0.000758909385339,-0.0026327673950664863
2,2018-04-05,HighVol,0.0010916522588033,0.0010410735765776437
2,2018-04-06,HighVol,0.0209073577014105,-0.0021712014019602465
2,2018-04-09,HighVol,0.0242529498861114,0.0011586251130309897
2,2018-04-10,HighVol,0.0190082126086756,0.0013385816483299942
2,2018-04-11,HighVol,0.0251365299615722,0.003010603251856145
2,2018-04-12,HighVol,0.0111310304718046,0.0038379739220510203
2,2018-04-13,HighVol,0.0055060851077415,0.0016396426476322703
2,2018-04-16,HighVol,-0.0028429145465903,-0.0004130214111679345
2,2018-04-17,HighVol,-0.0266851185231065,0.0015470658592023666
2,2018-04-18,HighVol,-0.0250012580819763,0.0019220982210382946
2,2018-04-19,HighVol,-0.0095953167221305,0.0014288672807470791
2,2018-04-20,HighVol,-0.0001873945662068,0.0031391645509746004
2,2018-04-23,HighVol,-0.0077276461439049,0.008175827873747347
2,2018-04-24,HighVol,0.007605172965845,0.003325179013770087
2,2018-04-25,HighVol,-0.0016307560833722,0.0032866244227157345
2,2018-04-26,HighVol,-0.0138560367712298,0.0046487400299656855
2,2018-04-27,HighVol,-0.0020258772469319,0.004503773251026947
2,2018-04-30,HighVol,0.0091111163905654,0.006453113548226408
2,2018-05-01,HighVol,0.0073212658721721,0.0029023792460218033
2,2018-05-02,HighVol,0.023936039190499,0.00631830325892747
2,2018-05-03,HighVol,0.0357933152931155,0.003518649973937778
2,2018-05-04,HighVol,0.025674938730674,0.0020512084503667314
2,2018-05-07,HighVol,0.0227032093574961,0.0002636628931861129
2,2018-05-08,LowVol,0.0156602730123658,-0.0009442417480724889
2,2018-05-09,LowVol,0.0101666274720169,0.0008178088960502372
2,2018-05-10,LowVol,-3.691171164066365e-05,-0.0005381421068696652
2,2018-05-11,LowVol,-0.005570988754857,0.00027195848787849513
2,2018-05-14,LowVol,0.0014289138808596,0.00016889362312715492
2,2018-05-15,LowVol,0.0055698495558245,0.000494604765302567
2,2018-05-16,LowVol,0.0041143031123682,0.0005435297260680713
2,2018-05-17,LowVol,0.0029042952180384,0.001519140566193347
2,2018-05-18,LowVol,0.0030219524132455,0.0024319740535950446
2,2018-05-21,LowVol,-0.0159125819319578,0.0010932321846620057
2,2018-05-22,LowVol,0.0,0.0013303246192807087
2,2018-05-23,LowVol,-0.0088530041850289,-0.0004380789203392972
2,2018-05-24,LowVol,0.0029325005152864,0.0007827600149666221
2,2018-05-25,LowVol,0.0101048460069304,0.0014540092114661651
2,2018-05-29,LowVol,0.0226005693482456,0.0022227247871897064
2,2018-05-30,LowVol,0.0175709387263252,0.0009001763363603607
2,2018-05-31,LowVol,0.0237324304261423,0.002873516598976182
2,2018-06-01,LowVol,0.0167764934336469,0.00033847834068416867
2,2018-06-04,LowVol,0.013313870120841,-0.0001555787089497575
2,2018-06-05,LowVol,0.0138858368629855,4.637259233465089e-05
2,2018-06-06,LowVol,0.0022709137936434,-0.00017887859232520984
2,2018-06-07,LowVol,0.0049033188869276,-0.0006562049856791476
2,2018-06-08,LowVol,0.0006629918968623,7.034996418243612e-05
2,2018-06-11,LowVol,-0.0027214679955462,-0.00016375224263880212
2,2018-06-12,LowVol,-0.0078264024163737,4.578538609803009e-05
2,2018-06-13,LowVol,-0.0029521800136796,0.00044792370814149485
2,2018-06-14,LowVol,-0.0116907444991298,0.00036644292511718704
2,2018-06-15,LowVol,-0.008624253679922,-0.0033391280310103473
2,2018-06-18,LowVol,-0.0201041218703099,0.0031319854630819286
2,2018-06-19,LowVol,-0.0141558227730274,0.0028297972346712896
2,2018-06-20,LowVol,-0.0239880641396991,0.002376881475619997
2,2018-06-21,LowVol,-0.0122153966484673,0.004950301951900726
2,2018-06-22,LowVol,-0.0125936922578178,0.0039897827114725
2,2018-06-25,LowVol,0.0031733195680154,0.006630265587895907
2,2018-06-26,LowVol,-0.0025773892565927,0.005973818082870597
2,2018-06-27,LowVol,0.0139592904203857,0.006218411435917855
2,2018-06-28,LowVol,0.0167224376029184,0.00610921696504177
2,2018-06-29,LowVol,0.0244025251847286,0.005508090834700197
2,2018-07-02,LowVol,0.0258956861992327,0.001184420188117358
2,2018-07-03,LowVol,0.0220010636984897,0.005468386591713123
2,2018-07-05,LowVol,0.0229214796267047,-0.0021465510244087385
2,2018-07-06,LowVol,0.0151404707925513,-0.0016449252908682746
2,2018-07-09,LowVol,0.0051818603075093,-0.0008354145271393772
2,2018-07-10,LowVol,0.0056292642149147,-0.00046364281052467803
2,2018-07-11,LowVol,0.015169905896635,-0.0031022136062052665
2,2018-07-12,LowVol,0.0022546289664671,0.00013616954306511445
2,2018-07-13,LowVol,0.000322012573654,0.0003779856765304791
2,2018-07-16,LowVol,0.0030788857745347,0.00016097671431710106
2,2018-07-17,LowVol,0.0040646354959403,0.00042991640443343956
2,2018-07-18,LowVol,0.0104959650219118,0.0003303582880716976
2,2018-07-19,LowVol,0.0119286597187351,-0.0003908418795629532
2,2018-07-20,LowVol,0.0062212718322982,0.0003189371779954909
2,2018-07-23,LowVol,-0.0008923406504895,0.0009231947628510697
2,2018-07-24,LowVol,-0.0009941140176074,0.0004312142522982699
2,2018-07-25,LowVol,-0.0110914583373533,0.00017852999560269366
2,2018-07-26,LowVol,-0.0033526238407022,0.0006469606774389062
2,2018-07-27,LowVol,0.0077466357256863,0.0016134190609669698
2,2018-07-30,LowVol,0.0167532255424309,0.0019104398845965608
2,2018-07-31,LowVol,0.0151066525997962,0.0016005427604100302
2,2018-08-01,LowVol,0.0163784511142375,0.002897448750927415
2,2018-08-02,LowVol,0.00949025650033,0.00160043918060983
2,2018-08-03,LowVol,-0.0015518075282232,0.00031602094896760396
2,2018-08-06,LowVol,-0.0089239557728101,0.0003914130999546534
2,2018-08-07,LowVol,-0.0058828520553412,0.000468754683024292
2,2018-08-08,LowVol,-0.0128915437377604,0.0005146391314003084
2,2018-08-09,LowVol,-0.003543329674331,3.0575647512004794e-05
2,2018-08-10,LowVol,0.0067102399113141,0.0016081187273591882
2,2018-08-13,LowVol,0.0126558730780128,0.0031587545079411945
2,2018-08-14,LowVol,0.0085943394096006,0.002476811974102804
2,2018-08-15,LowVol,0.0155794716355757,-0.0002736643434929576
2,2018-08-16,LowVol,0.0060909474625825,0.0018221162695691488
2,2018-08-17,LowVol,0.0085945514013205,-2.0746205843255826e-05
2,2018-08-20,LowVol,0.0143867266457988,-0.00055777218698753
2,2018-08-21,LowVol,0.0125027784252995,-0.00013030334718878194
2,2018-08-22,LowVol,0.0185553954810324,-0.0007057050875102308
2,2018-08-23,LowVol,0.0157807626516321,-0.0005407879689669839
2,2018-08-24,LowVol,0.0097388164378042,2.873639764074349e-05
2,2018-08-27,LowVol,0.0001036026852483,0.00031101278605959675
2,2018-08-28,LowVol,-0.0030696057080232,0.0007537690319572285
2,2018-08-29,LowVol,-0.0113898442098014,-0.00015652526777278268
2,2018-08-30,LowVol,-0.0093007116307428,0.0006469606774389062
2,2018-08-31,LowVol,-0.007612709489612,0.0002801985421137893
2,2018-09-04,LowVol,-0.002622565276905,0.001026844186372217
2,2018-09-05,LowVol,0.0003114356821216,0.0017104480463742157
2,2018-09-06,LowVol,0.009265357989201,0.0016487446193489323
2,2018-09-07,LowVol,0.0114044767582439,0.0032803028364081603
2,2018-09-10,LowVol,0.0043043050468176,0.0030560230505360052
2,2018-09-11,LowVol,0.0064348790537875,0.002217418902648124
2,2018-09-12,LowVol,0.0072631991254619,0.0008375529068807087
2,2018-09-13,LowVol,0.009455911464651,0.00031602094896760396
2,2018-09-14,LowVol,0.0083600840380944,0.00011263868475585254
2,2018-09-17,LowVol,0.0103592260177765,-0.00013218214829123533
2,2018-09-18,LowVol,0.0039744542027211,4.676823093612569e-05
2,2018-09-19,LowVol,-9.480530824512724e-05,-4.522924553848762e-05
2,2018-09-20,LowVol,-0.0053615179532071,-0.003652690960440267
2,2018-09-21,LowVol,-0.0043493328284905,-0.003486251086748089
2,2018-09-24,LowVol,0.0024400705928515,-0.0001767298131593427
2,2018-09-25,LowVol,0.0027858798871061,0.0007365019986138269
2,2018-09-26,LowVol,0.0063471128928149,0.00028155917687853674
2,2018-09-27,LowVol,-0.004300200502898,0.0009991119567343079
2,2018-09-28,LowVol,-0.0099752495405762,0.0014598433133727257
2,2018-10-01,LowVol,-0.0134030705926259,0.0004026367896726491
2,2018-10-02,LowVol,-0.0142682443591311,0.0012778087463028878
2,2018-10-03,LowVol,-0.0460032529911026,0.00016231893725676696
2,2018-10-04,LowVol,-0.0596673988307188,3.1449967946545985e-05
2,2018-10-05,LowVol,-0.0412412700252049,0.005533050658640917
2,2018-10-08,LowVol,-0.0466263688812684,0.005808216392986481
2,2018-10-09,LowVol,-0.0243559640120906,0.006547637581681784
2,2018-10-10,HighVol,0.0077255618645089,0.010868529682181282
2,2018-10-11,HighVol,0.0155421911930315,0.001286456623551882
2,2018-10-12,HighVol,0.0010873998398432,0.01788499925623887
2,2018-10-15,HighVol,0.0022233477903041,0.009083708445839476
2,2018-10-16,HighVol,-0.0242158654653337,-0.001628922221081844
2,2018-10-17,HighVol,-0.0539488709930111,-0.0027015262349776047
2,2018-10-18,HighVol,-0.0228656821105522,-0.0025347055682096264
2,2018-10-19,HighVol,-0.0395297275510145,-0.00017683934331866558
2,2018-10-22,HighVol,-0.0405443502491257,0.002849336818614276
2,2018-10-23,HighVol,-0.0213440069566748,-0.0009909184266088248
2,2018-10-24,HighVol,0.0200132482739998,0.019858193437339678
2,2018-10-25,HighVol,0.0127000225764062,0.017346548819551652
2,2018-10-26,HighVol,0.0247244254257272,0.0239332256360051
2,2018-10-29,HighVol,0.0361176249897998,0.027005164450756014
2,2018-10-30,HighVol,0.0274486722950013,0.01755779899487487
3,2018-10-31,HighVol,0.03835521068198,0.0013506020826029148
3,2018-11-01,HighVol,0.0255566059589802,-0.001914413201484229
3,2018-11-02,HighVol,0.0215893231038992,-0.0016126327078498722
3,2018-11-05,HighVol,-0.0029990534061188,-0.00018758657591237205
3,2018-11-06,HighVol,-0.0111222583481946,0.004327394137300274
3,2018-11-07,HighVol,-0.0384682378691234,-0.00032253827555739665
3,2018-11-08,HighVol,-0.0266668346641938,-0.0020103873355978388
3,2018-11-09,HighVol,-0.0145089411868911,0.001184715730478065
3,2018-11-12,HighVol,-0.0127309101808634,0.007663638824202511
3,2018-11-13,HighVol,-0.0291845370145509,0.01014257195350709
3,2018-11-14,HighVol,-0.0191713213779812,-0.000969242693982049
3,2018-11-15,HighVol,-0.0357845519317956,0.0043288478976631975
3,2018-11-16,HighVol,-0.0227593561704924,0.004299691591526775
3,2018-11-19,HighVol,-0.0026012148310813,0.010407658794524871
3,2018-11-20,HighVol,0.0396026869744177,0.012037025949591548
3,2018-11-21,HighVol,0.0338091142414085,0.007596725601517442
3,2018-11-23,HighVol,0.0471032233244479,0.009169506208859214
3,2018-11-26,HighVol,0.0441121228231158,0.005365726679791327
3,2018-11-27,HighVol,0.0068925317205843,-0.0017744864853655807
3,2018-11-28,HighVol,-0.0172623940251375,0.0025551394601643837
3,2018-11-29,HighVol,-0.0379954915084271,0.0031247362723879233
3,2018-11-30,HighVol,-0.0420094163382711,0.0032440747032423003
3,2018-12-03,HighVol,-0.0543142983383957,0.003840536703017848
3,2018-12-04,HighVol,-0.0177241541347715,-0.002456071411157343
3,2018-12-06,HighVol,-0.0165653078109633,0.0034884131754312924
3,2018-12-07,HighVol,-0.0117615737644307,0.01263158970487464
3,2018-12-10,HighVol,-0.0329839914759807,0.005223400293251702
3,2018-12-11,HighVol,-0.0342636455795558,0.010488959596915598
3,2018-12-12,HighVol,-0.0534921374363918,0.00995635754941995
3,2018-12-13,HighVol,-0.0685833650663937,0.010160559845519623
3,2018-12-14,HighVol,-0.0705051638239737,0.011411741408294174
3,2018-12-17,HighVol,-0.0769561943110229,0.016518792475003628
3,2018-12-18,HighVol,-0.029255509121122,0.02642783471286341
3,2018-12-19,HighVol,-0.0069304210228892,0.02681979787051085
3,2018-12-20,HighVol,0.0081996275079907,0.008993026072979101
3,2018-12-21,HighVol,0.0383050519081555,0.009574264919235784
3,2018-12-24,HighVol,0.0675939892967978,0.015179364683105035
3,2018-12-26,HighVol,-0.0080020325877807,-0.012575579804723342
3,2018-12-27,HighVol,0.0174145477285783,-0.01032112285734574
3,2018-12-28,HighVol,0.0267607681769808,-0.009818607828272296
3,2018-12-31,HighVol,0.0274089664807843,-0.011273216085230514
3,2019-01-02,HighVol,0.0311377416976281,0.0042782058277419785
3,2019-01-03,HighVol,0.0600716292222138,0.036365913195495744
3,2019-01-04,HighVol,0.0261101705247228,-0.0007080531817193528
3,2019-01-07,HighVol,0.0118720663899658,-0.014955327631461752
3,2019-01-08,HighVol,0.0139423511904246,-0.011565353465715524
3,2019-01-09,HighVol,0.0116679040995162,-0.006629207696855355
3,2019-01-10,HighVol,0.015759938440077,-0.01664535343131671
3,2019-01-11,HighVol,0.0288827186456457,-0.007122832351755297
3,2019-01-14,HighVol,0.0212120312506418,-0.006233475799573501
3,2019-01-15,HighVol,0.0117532668928519,-0.006848803860085144
3,2019-01-16,HighVol,0.0098475744515593,-0.00547417039087802
3,2019-01-17,HighVol,0.0107236341704872,-0.0019952805535911346
3,2019-01-18,HighVol,-0.0101331472685606,-0.010238210264921438
3,2019-01-22,HighVol,0.0020924372403472,-0.005379351190028591
3,2019-01-23,HighVol,0.0158310735691415,0.0024932259539917115
3,2019-01-24,HighVol,0.0242080352117817,0.006524879440000914
3,2019-01-25,HighVol,0.0161043013686885,0.004704346451055699
3,2019-01-28,HighVol,0.0310890120491464,0.0018024501672192967
3,2019-01-29,HighVol,0.0367864809538416,0.0010828538611795827
3,2019-01-30,HighVol,0.0192839989030728,0.00011905276718234273
3,2019-01-31,HighVol,0.00077806111568,0.003804453399377687
3,2019-02-01,HighVol,0.0015180453815673,0.004440986289963362
3,2019-02-04,LowVol,-0.0049271690284276,0.0035193218835221983
3,2019-02-05,LowVol,0.0036620274614898,0.0002585211160083658
3,2019-02-06,LowVol,0.0082494167128051,0.0004737013116997713
3,2019-02-07,LowVol,0.0156952326206052,0.0011893483762671238
3,2019-02-08,LowVol,0.0255110474024073,0.0011849930837708352
3,2019-02-11,LowVol,0.0267163974683226,0.0018898722083639428
3,2019-02-12,HighVol,0.015724117966293,0.0008774694473619006
3,2019-02-13,LowVol,0.0088368687858932,0.0008476457253026209
3,2019-02-14,LowVol,0.0173484323940846,0.0006119551275892779
3,2019-02-15,HighVol,0.0077512906159922,-0.0001713970834452803
3,2019-02-19,LowVol,0.0052909344825191,0.00046933396059748643
3,2019-02-20,LowVol,0.0028376357360879,0.0006352233368770627
3,2019-02-21,LowVol,0.0045415883102397,0.0010559945236897196
3,2019-02-22,LowVol,0.0045855865660229,0.0002870171567582647
3,2019-02-25,LowVol,-0.0004294135006092,0.0009601656422686515
3,2019-02-26,LowVol,-0.0010744547363576,0.0009636641978611046
3,2019-02-27,LowVol,-0.0066978407825468,0.0010756636249763193
3,2019-02-28,LowVol,-0.0131688764137096,0.0008484993084263399
3,2019-03-01,LowVol,-0.021253771615795,0.0008079406687446958
3,2019-03-04,LowVol,-0.0034356849340532,0.0013973175712853473
3,2019-03-05,LowVol,0.0016847256533178,0.0021297435610979393
3,2019-03-06,LowVol,0.0144593114256883,0.003140937161659916
3,2019-03-07,LowVol,0.0223624988401707,0.0036469085356021476
3,2019-03-08,LowVol,0.0294727092183877,0.004854951584973221
3,2019-03-11,LowVol,0.0184366686590109,0.0020936772117079155
3,2019-03-12,LowVol,0.0148623386032904,0.0010617741130524644
3,2019-03-13,LowVol,0.0051543672890927,0.00023876142284204256
3,2019-03-14,LowVol,0.017158067744359,-0.00012493390400288435
3,2019-03-15,LowVol,-0.0073231859496054,0.0002781125595535053
3,2019-03-18,LowVol,-0.0116527307238036,0.0005541664797044205
3,2019-03-19,LowVol,-0.0045327983079443,0.0009574083619125506
3,2019-03-20,LowVol,-0.0067481001026288,0.0005903415724189779
3,2019-03-21,LowVol,-0.0141184388364304,0.00024140983985180636
3,2019-03-22,LowVol,0.0115668270052042,0.0007528001116708217
3,2019-03-25,LowVol,0.0243335499106953,0.003417156514445705
3,2019-03-26,LowVol,0.0172525872356696,0.0015604181221649215
3,2019-03-27,LowVol,0.024208754959144,0.00239253763805297
3,2019-03-28,LowVol,0.0230487170175284,0.0021992063137012676
3,2019-03-29,LowVol,0.0215592194542353,-3.1814811394318085e-05
3,2019-04-01,HighVol,0.0103556354969354,0.00045461461635841564
3,2019-04-02,HighVol,0.004685779153752,0.0005694307633937645
3,2019-04-03,LowVol,0.0065292458893535,0.0008028251310377884
3,2019-04-04,LowVol,0.0035863650007486,0.00022285234062940326
3,2019-04-05,LowVol,0.0055100565741512,7.312898922153176e-05
3,2019-04-08,LowVol,0.0040858497711331,0.0015170610170453425
3,2019-04-09,LowVol,0.0099198693396431,0.000796781869804822
3,2019-04-10,LowVol,0.0040234254287885,0.0011401662546660146
3,2019-04-11,LowVol,0.0062803437602305,0.0013348851491286908
3,2019-04-12,LowVol,0.0003787853071566,0.000756223230123178
3,2019-04-15,LowVol,0.0100356064379962,0.0011401662546660146
3,2019-04-16,LowVol,0.0071340630764156,0.0011401662546660146
3,2019-04-17,LowVol,0.0089823134705249,0.0009601656422686515
3,2019-04-18,LowVol,0.0116888736645792,0.000756223230123178
3,2019-04-22,LowVol,0.0124022768124905,0.00140160569479575
3,2019-04-23,LowVol,0.0038918357264954,0.0011918836932875326
3,2019-04-24,LowVol,-0.0014375796500366,0.0011918836932875326
3,2019-04-25,LowVol,-0.0029789244727803,0.0006636725662107957
3,2019-04-26,LowVol,0.0021130283815342,0.0010118830808901692
3,2019-04-29,LowVol,-0.0035730268200651,0.0006636725662107957
3,2019-04-30,LowVol,-0.0207126470241684,0.0007802057036602864
3,2019-05-01,LowVol,-0.0146672197601492,0.0021063638885098182
3,2019-05-02,LowVol,-0.0155228092996649,0.0016759582889078306
3,2019-05-03,LowVol,-0.0201682099193257,0.000746314155165732
3,2019-05-06,LowVol,-0.0408441168518431,0.000933125603339032
3,2019-05-07,LowVol,-0.015732705030153,0.004175423697985161
3,2019-05-08,LowVol,-0.0085899977083889,0.0037706885422134316
3,2019-05-09,LowVol,0.0036280603650666,0.004237815936872461
3,2019-05-10,LowVol,-0.0078439666497022,0.0040008326640217085
3,2019-05-13,HighVol,0.0110018660635344,0.0031008740423379604
3,2019-05-14,HighVol,0.0109739104318842,0.005771477909827186
3,2019-05-15,HighVol,0.0019991802634118,0.005285292800279922
3,2019-05-16,HighVol,-0.0193256305169793,0.0029775092876984178
3,2019-05-17,HighVol,-0.0107061544287503,0.0027476066612727766
3,2019-05-20,HighVol,-0.013382783171784,0.004864080363987211
3,2019-05-21,HighVol,-0.0287600926071911,0.0006696014834241474
3,2019-05-22,HighVol,-0.0231065389937524,0.001717706250987957
3,2019-05-23,HighVol,-0.0243498619893397,0.0036203855018062696
3,2019-05-24,HighVol,-0.0290325079676979,0.0054196381113309645
3,2019-05-28,HighVol,0.0013567524165067,0.00442008305806797
3,2019-05-29,HighVol,0.0168542846926844,0.0013399480099106262
3,2019-05-30,HighVol,0.0206786048566476,0.0035232747752635112
3,2019-05-31,HighVol,0.0449738784076165,-0.0012151210547566924
3,2019-06-03,HighVol,0.0524451372734036,0.004547172304408441
3,2019-06-04,HighVol,0.0298359574427899,0.002108048995720412
3,2019-06-05,HighVol,0.0191902445629081,0.0016029424182871605
3,2019-06-06,HighVol,0.0167837517698419,0.0006870134923548101
3,2019-06-07,HighVol,0.0055973455794431,0.0018537603764972003
3,2019-06-10,HighVol,0.0013844524078765,-0.0034057496128209897
3,2019-06-11,HighVol,0.0121149833599734,0.000878205026551141
3,2019-06-12,HighVol,0.0161928228813055,0.0006115534083854031
3,2019-06-13,HighVol,0.021686440060713,0.0020312543175878923
3,2019-06-14,HighVol,0.0213297610149028,0.0007115337946203056
3,2019-06-17,HighVol,0.0196914588496774,0.0013087576739032386
3,2019-06-18,HighVol,-0.0007723271544838,0.0007397159054121484
3,2019-06-19,HighVol,-0.0040166995867289,0.000770315486506761
3,2019-06-20,HighVol,-0.0099446464769844,-0.001883319318853548
3,2019-06-21,HighVol,-0.0034010269875969,2.9661915599329914e-05
3,2019-06-24,HighVol,0.0068792269997572,0.00042826041314171455
3,2019-06-25,HighVol,0.0195006112831108,0.0015009093609628984
3,2019-06-26,HighVol,0.0286774715641555,0.0019881594174310374
3,2019-06-27,HighVol,0.0238769772494922,0.003931269196830855
3,2019-06-28,LowVol,0.0130376371374991,0.0021778489426842102
3,2019-07-01,LowVol,0.0051746994067243,0.004099559850622775
3,2019-07-02,LowVol,0.0073540369724618,-7.674635631859973e-06
3,2019-07-03,LowVol,0.0017070749438818,0.0006052231301952993
3,2019-07-05,LowVol,0.0073371956033223,0.0006052231301952993
3,2019-07-08,LowVol,0.013240388439994,0.0011918836932875326
3,2019-07-09,LowVol,0.0087151368651461,0.0011918836932875326
3,2019-07-10,LowVol,-0.0029133032510078,0.00031004601311925283
3,2019-07-11,LowVol,-0.0016037746182848,0.00140160569479575
3,2019-07-12,LowVol,-0.0115749271332372,0.0011918836932875326
3,2019-07-15,LowVol,-0.0094764375311026,0.0011918836932875326
3,2019-07-16,LowVol,0.0008341167506382,0.0011918836932875326
3,2019-07-17,LowVol,0.0124270809079944,0.0037267379395943437
3,2019-07-18,LowVol,0.0039153246571688,0.0020661826088419002
3,2019-07-19,LowVol,0.016286999506258,0.0032132580108295253
3,2019-07-22,LowVol,0.0119501096198246,0.0028930886942644223
3,2019-07-23,LowVol,0.0022995135557744,0.00140160569479575
3,2019-07-24,LowVol,-0.013303094644137,0.00031004601311925283
3,2019-07-25,LowVol,-0.0172001920283449,0.0008079406687446958
3,2019-07-26,LowVol,-0.0310916137777623,0.0007042312058924397
3,2019-07-29,LowVol,-0.0585151845499596,0.0011918836932875326
3,2019-07-30,LowVol,-0.0429634603384124,0.0010999407082572746
3,2019-07-31,LowVol,-0.0318055068482752,0.005302799297913242
3,2019-08-01,LowVol,-0.0041379746759985,0.003970637309037445
3,2019-08-02,LowVol,-0.0034171811766727,0.0009916725006016243
3,2019-08-05,HighVol,0.0149742672207646,0.010682538647625882
3,2019-08-06,HighVol,0.0165046296323481,0.01342341641835169
3,2019-08-07,HighVol,-0.0141335755284069,0.006053670098569396
3,2019-08-08,HighVol,-0.0305493994943255,0.0026068565493056676
3,2019-08-09,HighVol,-0.0094987809237162,0.0015105782168260383
3,2019-08-12,HighVol,0.0147880769867974,-0.002127070428670926
3,2019-08-13,HighVol,-0.0084090118986426,-0.001254391828370717
3,2019-08-14,HighVol,0.0301166578049627,0.005781337583326428
3,2019-08-15,HighVol,0.0270854961670716,0.005832562681234013
3,2019-08-16,HighVol,-0.0138480602956508,0.003189055662511996
3,2019-08-19,HighVol,-0.0148116835906931,0.0006333689319081553
3,2019-08-20,HighVol,-0.0110995838777504,0.005767173187858469
3,2019-08-21,HighVol,-0.012172921712713,0.0022829994026298934
3,2019-08-22,HighVol,0.0007528556083753,0.0028320814975607606
3,2019-08-23,HighVol,0.0266809578968776,0.002751628797243896
3,2019-08-26,HighVol,0.0095133711328494,0.006401646063319716
3,2019-08-27,HighVol,0.0249935462480401,0.008045673862338537
3,2019-08-28,HighVol,0.030911273048233,0.007603541384531413
3,2019-08-29,HighVol,0.0186959819182566,0.004160869891973692
3,2019-08-30,HighVol,0.0196613633602973,0.003362438125003029
3,2019-09-03,HighVol,0.025418153515454,0.00177094117009038
3,2019-09-04,HighVol,0.0211198676144519,0.0028160438253793493
3,2019-09-05,HighVol,0.0116513190993767,0.0031223786389793073
3,2019-09-06,HighVol,0.0101990432840157,0.0029093593797580005
3,2019-09-09,HighVol,0.0065728393444095,0.0016883920713396884
3,2019-09-10,HighVol,0.0093585959985929,0.0024189155225471173
3,2019-09-11,HighVol,0.0028309713762091,0.0005678159760479984
3,2019-09-12,HighVol,-0.0006974469202171,0.0006958556367304632
3,2019-09-13,HighVol,-0.0047576239742668,0.0008234506233986051
3,2019-09-16,HighVol,-0.0019088998061822,0.0011473207149640717
3,2019-09-17,HighVol,-0.0122419491690098,0.0013273213273614346
3,2019-09-18,HighVol,-0.0069931270976182,0.0009674998282086548
3,2019-09-19,HighVol,-0.0089953403355717,0.0012926116563211371
3,2019-09-20,HighVol,-0.0096553693772934,0.0019127107027753245
3,2019-09-23,LowVol,-0.0048284232648837,0.002077880234274591
3,2019-09-24,LowVol,-0.0088888974806015,0.003942193858508554
3,2019-09-25,LowVol,-0.0321216736880909,0.003163248346977046
3,2019-09-26,LowVol,-0.0221551849626087,0.003314836569314191
3,2019-09-27,LowVol,-0.0035543134447284,0.004735109979592243
3,2019-09-30,LowVol,-0.0124339640160217,0.002431071572136087
3,2019-10-01,LowVol,-0.016061800160283,0.005010742925250391
3,2019-10-02,LowVol,0.0111434742308691,0.006097668381007697
3,2019-10-03,LowVol,0.0097100121895019,0.0038906473279459856
3,2019-10-04,LowVol,0.0065568774975486,0.002546996428954796
3,2019-10-07,LowVol,0.0097921245604162,0.0030662907845183957
3,2019-10-08,HighVol,0.0358716921473492,0.004422936822666642
3,2019-10-09,HighVol,0.0244788173099614,0.0006422433578482157
3,2019-10-10,HighVol,0.0205975675308218,0.0009573080426818581
3,2019-10-11,HighVol,0.00570371263681,-0.0005565486006476714
3,2019-10-14,HighVol,0.0136511806786017,0.0001084878370245906
3,2019-10-15,HighVol,0.0004349650187489,0.000996066964531142
3,2019-10-16,HighVol,0.0049599732828244,0.00040920605444039594
3,2019-10-17,HighVol,0.0036422359522267,-7.11706479118531e-05
3,2019-10-18,HighVol,0.0121825721493398,0.0006916258538652109
3,2019-10-21,HighVol,0.0110337473502666,0.0006407351936124467
3,2019-10-22,HighVol,0.0140460522651497,0.0009175183443274076
3,2019-10-23,HighVol,0.0142057974292486,0.0007885197842462919
3,2019-10-24,HighVol,0.00985454468473,0.0006945634996942878
3,2019-10-25,HighVol,0.0150533515329001,0.0011401662546660146
3,2019-10-28,HighVol,0.0134191991099126,0.0011401662546660146
3,2019-10-29,HighVol,0.0125982990332293,0.0011401662546660146
3,2019-10-30,LowVol,0.0097325043631997,0.0009601656422686515
3,2019-10-31,LowVol,0.0159889295806954,0.0005842201625048684
3,2019-11-01,LowVol,0.0091460194725745,0.0007425805214223515
3,2019-11-04,LowVol,0.0031881111453961,0.0009888498899686053
3,2019-11-05,LowVol,0.006416489155306,0.0011918836932875326
3,2019-11-06,LowVol,0.0065124190507868,0.0009810708486984124
3,2019-11-07,LowVol,0.0044453590599886,0.0006636725662107957
3,2019-11-08,LowVol,0.0092251756360834,0.0006636725662107957
3,2019-11-11,LowVol,0.0119022016830874,0.0013038831204027475
3,2019-11-12,LowVol,0.0094823078871224,0.000454314115653153
3,2019-11-13,LowVol,0.0054029313498566,0.0008079406687446958
3,2019-11-14,LowVol,0.0023262590552428,0.0008079406687446958
3,2019-11-15,LowVol,-0.0026624033107767,0.0006359376011263862
3,2019-11-18,LowVol,0.0043262764197555,0.0006636725662107957
3,2019-11-19,LowVol,0.006892739460812,0.0006359376011263862
3,2019-11-20,LowVol,0.0151557783678524,0.0007802057036602864
3,2019-11-21,LowVol,0.0130208028356502,0.0010999407082572746
3,2019-11-22,LowVol,0.002186849947168,0.002229566381305728
3,2019-11-25,LowVol,-0.0121899501704288,0.0009810708486984124
3,2019-11-26,LowVol,-0.0083421395559093,0.0011918836932875326
3,2019-11-27,LowVol,-0.0109673115694851,0.0011918836932875326
3,2019-11-29,LowVol,0.0017817212208404,0.0011918836932875326
3,2019-12-02,LowVol,0.0071878377109124,0.0014508475884795948
3,2019-12-03,LowVol,0.0128574097649405,0.004461543263031213
3,2019-12-04,LowVol,0.0095040939773558,0.0025707153318389863
3,2019-12-05,LowVol,0.0163770297818877,0.002579269172583171
3,2019-12-06,LowVol,0.0077808592721131,0.001238221922331921
3,2019-12-09,LowVol,0.017905077428564,0.0006817640675984205
3,2019-12-10,LowVol,0.0192648170573688,0.0004025840815560288
3,2019-12-11,LowVol,0.0164429157479399,0.0006636725662107957
3,2019-12-12,LowVol,0.011887768466207,-0.00020219936796021332
3,2019-12-13,LowVol,0.0157157558552916,0.0006359376011263862
3,2019-12-16,LowVol,0.0103261768651981,8.239211851956978e-05
3,2019-12-17,LowVol,0.0101364098832312,0.00011012708360397929
3,2019-12-18,LowVol,0.0154503192800694,0.0011918836932875326
3,2019-12-19,LowVol,0.0110543554386892,0.0006359376011263862
3,2019-12-20,LowVol,0.0010911526342258,0.0015508153505315232
3,2019-12-23,LowVol,0.0019925139758434,0.001350244052205016
3,2019-12-24,LowVol,0.0113313458496722,0.004487848888797242
3,2019-12-26,LowVol,-0.0016415451715203,0.0011918836932875326
3,2019-12-27,LowVol,0.0024161612776245,0.0011918836932875326
3,2019-12-30,LowVol,0.0051388751741225,0.00140160569479575
3,2019-12-31,LowVol,0.0080468889208114,0.001238221922331921
3,2020-01-02,LowVol,0.0054792978938484,0.0006636725662107957
3,2020-01-03,LowVol,0.0102355607855322,0.0022686045790221007
3,2020-01-06,LowVol,0.0133171664858395,0.0012730708882109905
3,2020-01-07,LowVol,0.0146254261366289,0.0008993631639241387
3,2020-01-08,LowVol,0.0115270138298988,0.0005511526492447658
3,2020-01-09,LowVol,0.0130720729483557,0.0011918836932875326
3,2020-01-10,LowVol,0.0191580963360937,0.0011918836932875326
3,2020-01-13,LowVol,0.0102150707232935,0.0011918836932875326
3,2020-01-14,LowVol,0.0118795611183726,0.0006636725662107957
3,2020-01-15,LowVol,0.0107564374535518,0.0006359376011263862
3,2020-01-16,LowVol,-0.0064973786287931,0.0011098736976548986
3,2020-01-17,LowVol,-0.0254556171194395,-0.00015525078622186976
3,2020-01-21,LowVol,-0.0133112155133298,0.0006359376011263862
3,2020-01-22,LowVol,-0.0142448723228911,0.0011918836932875326
3,2020-01-23,LowVol,-0.0121790029830332,0.0007042312058924397
3,2020-01-24,LowVol,-0.0214128039141666,0.0016626763814346702
3,2020-01-27,LowVol,0.0019164784651282,0.0025093274296948557
3,2020-01-28,LowVol,0.006638215222011,0.0042978190964958465
3,2020-01-29,LowVol,0.0191046123053921,0.004772129038709477
3,2020-01-30,LowVol,0.0192259081759076,0.003822755992775002
3,2020-01-31,LowVol,0.0325429227525215,0.00038582079129725097
3,2020-02-03,LowVol,0.0325807207330788,0.003391843461181654
3,2020-02-04,HighVol,0.0188413731664065,0.0009258626472984757
3,2020-02-05,HighVol,0.0136993383481092,0.0005057174932187477
3,2020-02-06,HighVol,0.009222059925195,0.0012075545609896636
3,2020-02-07,HighVol,0.0162548817707215,0.0009715012656692052
3,2020-02-10,HighVol,0.0061248761685026,0.0009533807152309552
3,2020-02-11,HighVol,0.0091870521852566,0.0005024490410829028
3,2020-02-12,HighVol,-0.0013928955776805,0.0014616370154521788
3,2020-02-13,HighVol,-0.0106211730938625,0.0014616370154521788
3,2020-02-14,HighVol,-0.0449643284283682,0.00016654218456003904
3,2020-02-18,HighVol,-0.0715110670717702,0.00031639570328505494
3,2020-02-19,HighVol,-0.0793283912032776,0.0011401662546660146
3,2020-02-20,HighVol,-0.117050076667427,0.0015322717842490793
3,2020-02-21,HighVol,-0.1116112147025637,-0.00028594911559253584
3,2020-02-24,HighVol,-0.041343557361669,0.009353372626247844
3,2020-02-25,HighVol,-0.0396928223228743,0.013544612315869575
3,2020-02-26,HighVol,0.0043659293923425,0.014873485984317841
3,2020-02-27,HighVol,0.0166379949555643,0.020657599824979816
3,2020-02-28,HighVol,0.0040505654495797,0.020479912272945357
3,2020-03-02,HighVol,-0.1127827171828399,0.0011929238411231874
3,2020-03-03,HighVol,-0.0393686501772458,-0.010464615827633538
3,2020-03-04,HighVol,-0.1230583267904165,-0.024166333073888078
3,2020-03-05,HighVol,-0.1796930311412036,-0.018390278868500202
3,2020-03-06,HighVol,-0.094600781948266,-0.021600025577468266
3,2020-03-09,HighVol,-0.1253691298765799,0.03510806214470957
3,2020-03-10,HighVol,-0.1235003431916135,-0.015091607980590909
3,2020-03-11,HighVol,-0.1252368813681267,0.012607952229992166
3,2020-03-12,HighVol,-0.0306316576314392,0.021325666269999852
3,2020-03-13,HighVol,-0.1454574543724113,0.014447821695668729
3,2020-03-16,HighVol,-0.0649949050809601,0.03233942297663457
3,2020-03-17,HighVol,-0.0325166207554166,0.014732714918137392
3,2020-03-18,HighVol,0.0343384535032846,0.03233942297663457
3,2020-03-19,HighVol,0.0924116122122362,0.013620014894711378
3,2020-03-20,HighVol,0.1076049490150434,0.03233942297663457
3,2020-03-23,HighVol,0.173581688040378,0.03035354649441159
3,2020-03-24,HighVol,0.0600449798354572,-0.003041855306573784
3,2020-03-25,HighVol,-0.0025933849196063,0.01092154706555338
3,2020-03-26,HighVol,-0.0358728811836883,-0.02824869789173967
3,2020-03-27,HighVol,-0.020637651777329,-0.000382635463129398
3,2020-03-30,HighVol,0.0122683337124154,0.0030365597436271393
3,2020-03-31,HighVol,0.0286322744744795,0.025450361615084658
3,2020-04-01,HighVol,0.1132639794575145,0.04422928043842098
3,2020-04-02,HighVol,0.1047135981604154,0.04425384534652024
3,2020-04-03,HighVol,0.1106814748357012,0.04612536996603004
3,2020-04-06,HighVol,0.0714715720051228,-0.053637802957707606
3,2020-04-07,HighVol,0.0476370744388603,-0.06157785748242503
3,2020-04-08,HighVol,0.0185019187327935,-0.056035334573593935
3,2020-04-09,HighVol,0.030338074294905,-0.049632132769401885
3,2020-04-13,HighVol,0.0215120406113829,-0.02758861451599836
3,2020-04-14,HighVol,-0.0378800371369809,-0.00802051137663695
3,2020-04-15,HighVol,0.0048244452780672,0.0014671339086644853
3,2020-04-16,HighVol,-7.161286360235497e-05,0.008350232126322762
3,2020-04-17,HighVol,-0.0128037932623702,0.007470153448542849
3,2020-04-20,HighVol,0.0193900221461114,0.02073480799512124
3,2020-04-21,HighVol,0.0464767426119487,0.02057642992975789
3,2020-04-22,HighVol,0.0505551040413863,0.013139008985680331
3,2020-04-23,HighVol,0.0408483148214837,0.015895596658689032
3,2020-04-24,HighVol,-0.0006358776122619,0.02685460937912273
3,2020-04-27,HighVol,-0.0121233006722115,0.020442420073275767
3,2020-04-28,HighVol,0.0016097507163734,0.022663054404327837
3,2020-04-29,HighVol,-0.0305582017525138,0.009577335922665395
3,2020-04-30,HighVol,-0.0096393281379694,-0.00290348284292499
3,2020-05-01,HighVol,0.034124311606442,-0.004863635157994288
3,2020-05-04,HighVol,0.0314912616869325,-0.005264911993117547
3,2020-05-05,HighVol,0.0016772930894641,-0.0004145417616824359
3,2020-05-06,HighVol,-0.0093226161966405,0.0004856396683156756
3,2020-05-07,HighVol,-0.0094198372050537,-0.002232894003687984
3,2020-05-08,HighVol,-0.0210644971328765,-0.005999191850428582
3,2020-05-11,HighVol,0.0085468072226091,-0.0033662199200445064
3,2020-05-12,HighVol,0.0184882964889467,-0.004270062308747507
3,2020-05-13,HighVol,0.0544386627891859,0.002359835274799341
3,2020-05-14,HighVol,0.0347756982645788,-0.0010968150286479975
3,2020-05-15,HighVol,0.0319970208399362,0.005744912037405887
3,2020-05-18,HighVol,0.0138305365782438,-0.009756542999027253
3,2020-05-19,HighVol,0.0395929747666334,0.0018977252970997303
3,2020-05-20,HighVol,0.02034154488265,-0.0008273952356288871
3,2020-05-21,HighVol,0.0320127646519552,0.005089721352482652
3,2020-05-22,HighVol,0.034219698295155,0.00384686794407312
3,2020-05-26,HighVol,0.0300920912788724,0.0036688768071401466
3,2020-05-27,HighVol,0.028498202777019,-0.0014947125137991354
3,2020-05-28,HighVol,0.0276925480314738,0.0070687337790520345
3,2020-05-29,HighVol,0.0493558955284443,0.003062374951418183
3,2020-06-01,HighVol,0.0577649213755719,0.0073353405025464976
3,2020-06-02,HighVol,0.0412555165288162,0.003384526631667436
3,2020-06-03,HighVol,0.0218464582174744,0.002276373045915794
3,2020-06-04,HighVol,-0.034525927531,0.003384526631667436
3,2020-06-05,HighVol,-0.0473790451815011,0.004189131384921249
3,2020-06-08,HighVol,-0.0499692131638517,0.0008198067437398607
3,2020-06-09,HighVol,-0.0244086114105651,0.0044833813419094546
3,2020-06-10,HighVol,-0.0230093795632052,0.005087772428396076
3,2020-06-11,HighVol,0.0371581301554306,-0.011515578481612262
3,2020-06-12,HighVol,0.0190273809773893,-0.005708999384249775
3,2020-06-15,HighVol,0.0160787382079894,-0.00947676677872905
3,2020-06-16,HighVol,0.0014805381709988,-0.009983799218071545
3,2020-06-17,HighVol,-0.0199958135804459,-0.016789060536518078
3,2020-06-18,HighVol,-0.0098710235646347,0.0038359659950439194
3,2020-06-19,HighVol,-0.0278319573290133,0.0034421498729997916
3,2020-06-22,HighVol,-0.0198312677429713,0.0015109683173111384
3,2020-06-23,HighVol,-0.0118253086071666,0.0050629071533983975
3,2020-06-24,HighVol,0.0211448374451048,-0.0005899826385020946
3,2020-06-25,HighVol,0.0158777308415072,0.00025473612158440426
3,2020-06-26,HighVol,0.056657136192711,0.0027335406721261213
3,2020-06-29,HighVol,0.0306112308807697,0.002017952571959754
3,2020-06-30,HighVol,0.0253596123212014,-0.004336528263699271
3,2020-07-01,HighVol,0.0124310462402392,-0.005775167349493178
3,2020-07-02,HighVol,0.0171668198717196,-0.004859735982662406
3,2020-07-06,HighVol,-0.006970603704388,-0.012694566745625455
3,2020-07-07,HighVol,0.0163810879642953,-0.004803882563121065
3,2020-07-08,HighVol,0.0179333723640386,-0.004245535407990023
3,2020-07-09,HighVol,0.0203889702994468,-0.005117922184634455
3,2020-07-10,HighVol,0.0130040832621103,0.0030573528338245152
3,2020-07-13,HighVol,0.0301107078339835,0.0033454847297177724
3,2020-07-14,HighVol,0.0190955968550776,0.0021247909555443716
3,2020-07-15,HighVol,0.0155663244755728,0.0008089226121735111
3,2020-07-16,HighVol,0.0067648576152734,0.001553110721810151
3,2020-07-17,HighVol,-0.0026105263418114,0.002265016563334451
3,2020-07-20,HighVol,-0.0033916946497993,0.0015115823383936309
3,2020-07-21,HighVol,-0.0118148371254002,0.001515949689495916
3,2020-07-22,HighVol,-0.005323466920505,0.0027579106733284457
3,2020-07-23,HighVol,0.0030962030033836,0.0007174062635768653
3,2020-07-24,HighVol,0.0175764994537357,0.0018591872388631337
3,2020-07-27,HighVol,0.0172327211935137,0.005640813375364753
3,2020-07-28,HighVol,0.0276797108315984,0.0023235911243676163
3,2020-07-29,HighVol,0.0214992596566971,0.0021200163301722226
3,2020-07-30,HighVol,0.0320102847969354,0.0009238867369140042
3,2020-07-31,HighVol,0.0246540299396025,-6.702208580282163e-05
3,2020-08-03,HighVol,0.0206209881012757,0.0005694307633937645
3,2020-08-04,LowVol,0.0083020600884051,0.00046933396059748643
3,2020-08-05,LowVol,0.0160491235310447,-0.00054816036373152
3,2020-08-06,LowVol,0.0074776128057378,1.2642638974712177e-06
3,2020-08-07,LowVol,0.0067844612985987,-0.0005289752791031953
3,2020-08-10,LowVol,0.0069734035976698,2.075542069930944e-05
3,2020-08-11,LowVol,0.0175478880429826,0.0007925178671466299
3,2020-08-12,LowVol,-0.0006219334814987,0.00037977099070746293
3,2020-08-13,LowVol,0.0043047488694807,0.000310528103325864
3,2020-08-14,LowVol,0.0078376484162376,0.0008476457253026209
3,2020-08-17,LowVol,0.0148262023917551,0.0008476457253026209
3,2020-08-18,LowVol,0.0161822476146338,0.0006856156543006492
3,2020-08-19,LowVol,0.030661249703727,0.0013456001326638293
3,2020-08-20,LowVol,0.0297092184832237,0.0011401662546660146
3,2020-08-21,LowVol,0.0326971338174324,0.00043545307078436766
3,2020-08-24,LowVol,0.0186342864492701,0.0002316171198922875
3,2020-08-25,LowVol,0.0246425820721236,0.0008034413382636748
3,2020-08-26,LowVol,0.0291452979229533,-0.00017733260939494083
3,2020-08-27,LowVol,-0.0084402760967963,-0.00017733260939494083
3,2020-08-28,LowVol,-0.0228478621849892,-0.0003910576935814525
3,2020-08-31,LowVol,-0.0460908727564541,-0.00020070022337706514
3,2020-09-01,LowVol,-0.0363301049910627,-0.0004274793582501198
3,2020-09-02,LowVol,-0.0665641789493354,-0.0015153174349037462
3,2020-09-03,HighVol,-0.0328035041319079,0.009081724344571532
3,2020-09-04,HighVol,-0.0119975015402556,0.004946246924373642
3,2020-09-08,HighVol,0.0208875739586122,0.0032571750196907024
3,2020-09-09,HighVol,-0.0028548780252315,0.0031525973518538074
3,2020-09-10,HighVol,0.0058404253587565,0.0016266633329266196
3,2020-09-11,HighVol,-0.0062455565137057,0.00894908786516122
3,2020-09-14,HighVol,-0.0300809395837526,0.008533563072884746
3,2020-09-15,HighVol,-0.0251279475475453,0.00669008704362217
3,2020-09-16,HighVol,-0.043942019119939,0.003065095013483213
3,2020-09-17,HighVol,-0.0328880153914131,-0.00032083033781041216
3,2020-09-18,HighVol,-0.0058069595471343,0.007203515723303388
3,2020-09-21,HighVol,0.0220815801159484,0.011723316953623518
3,2020-09-22,HighVol,0.0062669865163109,0.011026027946009029
3,2020-09-23,HighVol,0.0379682140093569,0.02125059117330945
3,2020-09-24,HighVol,0.0418547605344215,0.01774766058009633
3,2020-09-25,HighVol,0.0155449487400842,0.007595755402802934
3,2020-09-28,HighVol,0.0166673613128931,0.0012032639564367022
3,2020-09-29,HighVol,0.0077022481913207,0.0030109021015202885
3,2020-09-30,HighVol,0.0175279225819779,-0.0010676877728794418
3,2020-10-01,HighVol,0.0199977378235414,-0.0007164944943064959
3,2020-10-02,HighVol,0.0389706574431685,0.0007467954281829761
3,2020-10-05,HighVol,0.0372908355851706,0.0023030697855268762
3,2020-10-06,HighVol,0.0453824093040655,0.003387143804257727
3,2020-10-07,HighVol,0.0210412305718139,0.002784220881815043
3,2020-10-08,HighVol,0.0108207776596858,0.0024138695421177937
3,2020-10-09,HighVol,0.0012685772436598,0.001244091277191461
3,2020-10-12,HighVol,-0.029566157670378,-0.0006568733631892939
3,2020-10-13,HighVol,-0.0192784781667034,0.0030496172299754707
3,2020-10-14,HighVol,-0.014945628844446,0.003198865693718368
3,2020-10-15,HighVol,-0.0083165254838974,0.0032801437941402077
3,2020-10-16,HighVol,-0.0043480517021838,0.0018330308961218777
3,2020-10-19,HighVol,-0.0076605993273681,0.006848702392533337
3,2020-10-20,HighVol,-0.0150268818470419,0.006745216170217462
3,2020-10-21,HighVol,-0.04688805519677,0.0031259993897039796
3,2020-10-22,HighVol,-0.0424539180879238,0.0035572018435036843
3,2020-10-23,HighVol,-0.0556422918072233,0.002865958684329132
3,2020-10-26,HighVol,-0.0270780631054157,0.0044982401081101984
3,2020-10-27,HighVol,-0.0064754546065801,0.005575832253542055
3,2020-10-28,HighVol,0.0516744603371555,0.016639856725691075
3,2020-10-29,HighVol,0.0613977187308234,0.015465797736363925
3,2020-10-30,HighVol,0.0723341208035672,0.011167797939517055
3,2020-11-02,HighVol,0.0737735290610286,0.008657601495618087
3,2020-11-03,HighVol,0.0535965634141593,0.0017923628759530714
3,2020-11-04,HighVol,0.0382199348253293,-0.00042553313905214357
3,2020-11-05,HighVol,0.0084800876497184,0.0039983080065520175
3,2020-11-06,HighVol,0.0226754766231316,0.0032492251744127413
3,2020-11-09,HighVol,0.0225912460876314,-0.0031136861043802597
3,2020-11-10,HighVol,0.018585725129395,-0.00030769046371071225
3,2020-11-11,HighVol,-0.0010938221811591,0.003736228727523168
3,2020-11-12,HighVol,0.0129384111147472,0.004930398623810086
3,2020-11-13,HighVol,-0.0077354944961356,0.004038631946158113
3,2020-11-16,HighVol,-0.0140937181551319,0.003759231247638395
3,2020-11-17,HighVol,0.0072098040814705,0.005191938973502181
3,2020-11-18,HighVol,0.0179074669242835,0.004837346660028329
3,2020-11-19,HighVol,0.0164624311286252,0.0022172850011563734
3,2020-11-20,HighVol,0.0189401518288627,0.004871741764423696
3,2020-11-23,HighVol,0.0239467386932463,0.005177029971990145
3,2020-11-24,HighVol,0.0098285351839551,0.0031865003431494213
3,2020-11-25,HighVol,0.0111121395410089,0.005061479180177686
3,2020-11-27,HighVol,0.0169935781829027,0.00861869470976943
3,2020-11-30,HighVol,0.0194167561652855,0.0044047255037038095
3,2020-12-01,HighVol,0.0113381032246859,0.0036279175750893082
3,2020-12-02,HighVol,0.0001635958843306,0.005186989540426577
3,2020-12-03,HighVol,0.0001093637021782,0.0010631489839877768
3,2020-12-04,HighVol,-0.0095981780310669,0.00029608594139726995
3,2020-12-07,HighVol,-0.0120024853265398,-0.0001930289398113372
3,2020-12-08,LowVol,-0.001566630293262,0.0005188769017129625
3,2020-12-09,HighVol,0.0090500151737804,0.0012457851421590095
3,2020-12-10,HighVol,0.015024479490203,0.0007115958495101148
3,2020-12-11,LowVol,0.0121584176044711,0.0022114918282137375
3,2020-12-14,LowVol,0.0130755034952698,0.004060926453429302
3,2020-12-15,LowVol,-0.0021228686473796,0.0018090113581353418
3,2020-12-16,LowVol,-0.0027909558798746,6.163692655540986e-05
3,2020-12-17,LowVol,-0.0044784165804357,0.0004152634796469531
3,2020-12-18,LowVol,0.0080990196513954,0.0009809355031815152
3,2020-12-21,LowVol,0.0097863085134763,0.0004717002455388385
3,2020-12-22,LowVol,0.0129340807833457,0.0022402668129887023
3,2020-12-23,LowVol,0.0171668923044678,0.0015101142794162533
3,2020-12-24,LowVol,-0.0005692342894765,0.0065067830635172135
3,2020-12-28,LowVol,-0.0022571896258293,0.0009636641978611046
3,2020-12-29,LowVol,0.0056265971982654,0.000783663585463741
3,2020-12-30,LowVol,0.0191134986627008,0.0011918836932875326
3,2020-12-31,LowVol,0.0197389292839345,0.0002835340112763419
3,2021-01-04,LowVol,0.0268445549993352,-0.00017827971856082696
3,2021-01-05,LowVol,0.0200360126377026,0.001330136591555142
3,2021-01-06,LowVol,0.0167044906450102,-0.0016432858663099235
3,2021-01-07,LowVol,-0.0016881281985637,-0.0001382820029598636
3,2021-01-08,LowVol,-0.0145832140844895,-0.0007041473543197523
3,2021-01-11,LowVol,-0.0001053618781283,0.0016081981808775715
3,2021-01-12,LowVol,0.013517486204327,5.156815280202604e-05
3,2021-01-13,LowVol,0.0117170226276874,0.0007634739943263259
3,2021-01-14,LowVol,0.0116790880781283,0.002725890100827164
3,2021-01-15,LowVol,0.0231301625609372,0.0022555718206132202
3,2021-01-19,LowVol,0.013574366069553,0.0013415501305309174
3,2021-01-20,LowVol,-0.0246945056390134,0.0002199972854728931
3,2021-01-21,LowVol,-0.0172029680104394,0.0007634739943263259
3,2021-01-22,LowVol,-0.0334570448434481,0.0007634739943263259
3,2021-01-25,LowVol,-0.021228703685574,-6.274727949318054e-05
3,2021-01-26,LowVol,-0.0058366738400855,0.0008476457253026209
3,2021-01-27,HighVol,0.0198711899697769,0.0004301495337153339
3,2021-01-28,HighVol,0.0226677364717997,0.0038362517819174394
3,2021-01-29,HighVol,0.0476665908816402,0.0012644727933416287
3,2021-02-01,HighVol,0.0379557039606741,0.00508393282867116
3,2021-02-02,HighVol,0.0228018040499387,0.0037956346924392427
3,2021-02-03,HighVol,0.021552903159504,0.002908659295908756
3,2021-02-04,HighVol,0.0117039479697447,0.0033009147372104054
3,2021-02-05,HighVol,0.0127158220110432,0.003454706039111599
3,2021-02-08,HighVol,0.0045836350543806,0.0025739518903750455
3,2021-02-09,HighVol,0.0054836968806604,0.0027577070085656663
3,2021-02-10,HighVol,0.0016405264547212,0.0005133581504890674
3,2021-02-11,HighVol,-0.0017402539720994,0.002356176207210704
3,2021-02-12,HighVol,-0.0142878595381497,0.0017611193303706662
3,2021-02-16,HighVol,-0.0122352843402536,0.0016218463818769467
3,2021-02-17,HighVol,-0.0015800269318203,0.0018719931307321258
3,2021-02-18,HighVol,-0.0214730175799207,0.0007529200761034465
3,2021-02-19,HighVol,-0.0247931446861408,0.001134596514693585
3,2021-02-22,HighVol,0.0065885107907182,0.003057723645178007
3,2021-02-23,HighVol,-0.0024776395826586,0.00016674750390655352
3,2021-02-24,HighVol,-0.0264184924161755,0.002479179119075659
3,2021-02-25,HighVol,-0.0147253326887273,0.001957405102364991
3,2021-02-26,HighVol,0.0085972477677795,0.003934332167904514
3,2021-03-01,HighVol,-0.0201755762413591,0.002867812283694916
3,2021-03-02,HighVol,0.0016298725912211,0.0045665113468328165
3,2021-03-03,HighVol,0.0213937473180265,0.002352528495968561
3,2021-03-04,HighVol,0.0446771742315916,0.006399561440277218
3,2021-03-05,HighVol,0.0271874873099187,-0.0015569957770993196
3,2021-03-08,HighVol,0.0384837324187894,0.002054259341199019
3,2021-03-09,HighVol,0.0225742136537283,0.0012505556494117
3,2021-03-10,HighVol,0.0197135201804692,-0.000654872405162204
3,2021-03-11,HighVol,-0.0052089905886401,0.0014148660689896819
3,2021-03-12,HighVol,-0.0083850937893458,0.000671828129048439
3,2021-03-15,HighVol,-0.0063928151344214,0.0006828423458313343
3,2021-03-16,HighVol,-0.0129684695678449,-7.95786673273603e-06
3,2021-03-17,HighVol,-0.0213229432917342,-0.0010543002647775094
3,2021-03-18,HighVol,-0.0012865040486591,0.002909252956092357
3,2021-03-19,HighVol,0.0166888546620695,0.0031448155935406984
3,2021-03-22,HighVol,0.0081251663120762,0.004285357298105521
3,2021-03-23,HighVol,0.0134277606577672,0.004380280346028222
3,2021-03-24,HighVol,0.0227340508627598,0.006710305161637544
3,2021-03-25,HighVol,0.0279958197804879,0.0014452949022727285
3,2021-03-26,HighVol,0.0262132736077598,0.0010012595096109756
3,2021-03-29,HighVol,0.0261258816180378,0.0004565877062402848
3,2021-03-30,HighVol,0.0300456240157847,0.0009506290670217464
3,2021-03-31,HighVol,0.0307572597130929,0.00012440779320223972
3,2021-04-01,HighVol,0.0271585767186617,-0.0001713970834452803
3,2021-04-05,HighVol,0.0129936579927267,-0.0015071915816886284
3,2021-04-06,LowVol,0.0165960005368925,-0.00025342330692461183
3,2021-04-07,LowVol,0.011953000142125,0.00018974218353811023
3,2021-04-08,LowVol,0.0179919435635673,-4.718233152643175e-05
3,2021-04-09,LowVol,0.0140223986757941,-4.718233152643175e-05
3,2021-04-12,LowVol,0.0086725279332242,0.0015170610170453425
3,2021-04-13,LowVol,-0.0016711088597969,0.0012669142681901633
3,2021-04-14,LowVol,0.0112286114104749,0.0008900195058108356
3,2021-04-15,LowVol,-0.0086567868422702,0.0007373345577421938
3,2021-04-16,LowVol,-0.0012464153585756,0.0006311937830579765
3,2021-04-19,LowVol,0.005780075469745,0.0002583285744977349
3,2021-04-20,LowVol,0.0129801045116384,0.002244622105484992
3,2021-04-21,LowVol,0.0031966776786613,0.0008476457253026209
3,2021-04-22,LowVol,0.0188955135312696,0.0017250683864753562
3,2021-04-23,LowVol,0.0013437146438719,0.001687329307304703
3,2021-04-26,LowVol,0.0014128480769035,0.0007634739943263259
3,2021-04-27,LowVol,-0.0045507103305754,0.0007634739943263259
3,2021-04-28,LowVol,-0.0039529572424185,0.0011679939508049346
3,2021-04-29,LowVol,-0.0023566619391492,-0.00018412244491131674
3,2021-04-30,LowVol,0.0115505342250625,0.0012423368526098164
3,2021-05-03,LowVol,-0.0006218069531459,0.0008852720562475542
3,2021-05-04,LowVol,-0.0033928515551383,0.002117560117867891
3,2021-05-05,LowVol,-0.0248709483152662,0.0022251115214323063
3,2021-05-06,LowVol,-0.0209751294090112,0.0019739065305387393
3,2021-05-07,LowVol,-0.0131243344356939,0.0002583285744977349
3,2021-05-10,LowVol,-0.0057902120397094,0.0011087033351746959
3,2021-05-11,LowVol,-0.0054800546368352,0.0031394765559412756
3,2021-05-12,HighVol,0.0134432378577507,0.0023750618346699863
3,2021-05-13,HighVol,0.0121869943061672,0.004109607600566065
3,2021-05-14,HighVol,-0.0039366759862684,0.003579678902587661
3,2021-05-17,HighVol,0.0087842285802584,0.0025866525333108482
3,2021-05-18,HighVol,0.0152934498381938,0.008486667000314172
3,2021-05-19,HighVol,0.0199826055867833,0.00045143656713164215
3,2021-05-20,HighVol,0.0096556835803369,0.001330370625771214
3,2021-05-21,HighVol,0.0122908410804716,0.0020357068883612717
3,2021-05-24,HighVol,0.0011929071727685,0.0011375233693769152
3,2021-05-25,HighVol,0.0049971646181947,0.0005687634778347373
3,2021-05-26,HighVol,-0.0007160401354566,-0.000437482744416915
3,2021-05-27,HighVol,0.0078945785274024,0.0002744230971073851
3,2021-05-28,HighVol,0.0051187055687145,0.0005805680466587133
3,2021-06-01,HighVol,0.0062189253756275,0.000709566606739829
3,2021-06-02,HighVol,0.0031403533930218,0.0005805680466587133
4,2021-06-03,HighVol,0.0115576278928195,0.001701932815659258
4,2021-06-04,HighVol,0.0040463290294396,0.0013192727690340565
4,2021-06-07,HighVol,0.007271594420158,0.0015246612435065954
4,2021-06-08,HighVol,0.0052100121290261,0.0015246612435065954
4,2021-06-09,HighVol,0.0010910291038987,0.0016214407591417636
4,2021-06-10,LowVol,-0.003871422257778,0.0013192727690340565
4,2021-06-11,LowVol,-0.0189308902798478,0.0011152777363158328
4,2021-06-14,LowVol,-0.0071089435879501,0.0013206662107883716
4,2021-06-15,LowVol,3.341635973908019e-05,0.0011152777363158328
4,2021-06-16,LowVol,0.0044362691134298,0.0015028849506787776
4,2021-06-17,LowVol,0.0107134458904645,0.001374755986536103
4,2021-06-18,LowVol,0.0281741303504252,0.0017310262894529049
4,2021-06-21,LowVol,0.0157058013460829,0.0028826472585787156
4,2021-06-22,LowVol,0.0108484554672045,0.0018474162665125804
4,2021-06-23,LowVol,0.0129198750786168,0.001202685569507941
4,2021-06-24,LowVol,0.012538190032125,0.0014336009091903124
4,2021-06-25,LowVol,0.0166663745453718,0.0011023635277179489
4,2021-06-28,LowVol,0.0127729155740523,0.0012296058764720886
4,2021-06-29,LowVol,0.0158051152118976,0.0013538218799850957
4,2021-06-30,LowVol,0.0066814363287921,0.0011326322230264805
4,2021-07-01,LowVol,0.0118254422204251,0.001168521122323291
4,2021-07-02,LowVol,0.0077469861894448,0.0004363393600559818
4,2021-07-06,LowVol,0.006144021697116,0.000888560091422056
4,2021-07-07,LowVol,0.0040971726457434,0.0010183040828702246
4,2021-07-08,LowVol,0.0088879220279711,0.0010898236326481018
4,2021-07-09,LowVol,-0.0095978273574141,0.0012222991155884484
4,2021-07-12,LowVol,-0.0277066234473989,0.0013192727690340565
4,2021-07-13,LowVol,-0.0103993383091081,0.0013192727690340565
4,2021-07-14,LowVol,-0.0038738717767603,0.0012222991155884484
4,2021-07-15,LowVol,0.0016331640836084,0.0013192727690340565
4,2021-07-16,LowVol,0.0199379131700339,0.003085819758311873
4,2021-07-19,LowVol,0.0377672928817274,0.005386571644827915
4,2021-07-20,LowVol,0.0184428643205383,0.0031662537989986463
4,2021-07-21,LowVol,0.0098492537224834,0.0028175009942132015
4,2021-07-22,LowVol,0.0119185926626321,0.0023992633624870274
4,2021-07-23,LowVol,-0.0032503579408996,0.0011023635277179489
4,2021-07-26,LowVol,-0.0077772685643463,0.001729224180201872
4,2021-07-27,LowVol,0.004874559254355,0.0011023635277179489
4,2021-07-28,LowVol,0.0003419000565492,0.0014336009091903124
4,2021-07-29,LowVol,0.0025187951901326,0.0016389893836628513
4,2021-07-30,LowVol,0.00907623412681,0.0019232823350881284
4,2021-08-02,LowVol,0.0103749358753137,0.0025628445170608567
4,2021-08-03,LowVol,0.0034682264038772,0.0013192727690340565
4,2021-08-04,LowVol,0.0109341615470468,0.0020354502542744716
4,2021-08-05,LowVol,0.0075833745832112,0.0017703004004596195
4,2021-08-06,LowVol,0.0077514311682578,0.0015246612435065954
4,2021-08-09,LowVol,0.0109468027643542,0.0016735208848244517
4,2021-08-10,LowVol,0.0030720980475029,0.0016214407591417636
4,2021-08-11,LowVol,-0.0103654601110895,0.0013206662107883716
4,2021-08-12,LowVol,-0.0117948073534116,0.0012394937398288398
4,2021-08-13,LowVol,-0.0057409032436447,0.0013206662107883716
4,2021-08-16,LowVol,0.0006489202596586,0.00039906631335450885
4,2021-08-17,LowVol,0.0088504731174572,0.0001581160295783587
4,2021-08-18,LowVol,0.0221550168668887,0.002118140441836493
4,2021-08-19,LowVol,0.0145502108395387,0.0019106885053674387
4,2021-08-20,LowVol,0.015540345376686,0.002166192234383035
4,2021-08-23,LowVol,0.0111122418705051,0.002502061892201714
4,2021-08-24,LowVol,0.0080140564694723,0.0015246612435065954
4,2021-08-25,LowVol,0.0064378099153867,0.001262041366009536
4,2021-08-26,LowVol,0.0155289108126615,0.0013166508233748255
4,2021-08-27,LowVol,0.0062854322460252,0.001260266443923278
4,2021-08-30,LowVol,-0.0017028172368945,0.0014336009091903124
4,2021-08-31,LowVol,-0.0014394624579918,0.0008319146184567105
4,2021-09-01,LowVol,-0.0062416807101169,0.0011895287775858878
4,2021-09-02,LowVol,-0.0171010409752186,0.0015246612435065954
4,2021-09-03,LowVol,-0.0143462627390653,0.0011152777363158328
4,2021-09-07,LowVol,-0.0161477260357989,0.001701932815659258
4,2021-09-08,LowVol,-0.0067196922480011,0.0016049591622136492
4,2021-09-09,LowVol,-0.0040314308190427,0.00224259707092982
4,2021-09-10,LowVol,-0.0058950140657146,0.002246393918727988
4,2021-09-13,LowVol,-0.0249663137590115,0.0021520422109416104
4,2021-09-14,LowVol,-0.0206019345533458,0.0036256842853532407
4,2021-09-15,LowVol,-0.0192403237935475,0.002540019781919088
4,2021-09-16,LowVol,-0.0057476371518725,0.0020452612070064775
4,2021-09-17,LowVol,0.0056865637777558,0.0030554814107621752
4,2021-09-20,LowVol,0.0198140510214626,0.005490912848386651
4,2021-09-21,LowVol,0.000207612628162,0.0062207133941751406
4,2021-09-22,LowVol,-0.0077875691767915,0.00411902822910678
4,2021-09-23,LowVol,-0.0316801070481308,0.002821440765558201
4,2021-09-24,LowVol,-0.0217839101805328,0.0013900617307437955
4,2021-09-27,LowVol,-0.0316283075323043,0.0010879563884513559
4,2021-09-28,HighVol,-0.0014295732554985,0.0010186251874945438
4,2021-09-29,HighVol,0.001035579260995,0.002692980335659385
4,2021-09-30,HighVol,0.0221838720679707,0.00500784613374786
4,2021-10-01,HighVol,0.0083362371512147,0.0026742775284656975
4,2021-10-04,HighVol,0.014114041601934,0.0015726584592532116
4,2021-10-05,HighVol,0.00120053161569,0.0032981627393465773
4,2021-10-06,HighVol,0.0006436206565709,0.0012173689183976974
4,2021-10-07,HighVol,0.008754041571124,0.0011630221956953108
4,2021-10-08,HighVol,0.0182935957808196,0.0011473320622272275
4,2021-10-11,HighVol,0.0287561128575468,0.001964166358602594
4,2021-10-12,HighVol,0.0392511810775391,0.0015371704432223898
4,2021-10-13,HighVol,0.0395931104487579,0.0016991164782065545
4,2021-10-14,HighVol,0.0250620540132138,0.001819140113705822
4,2021-10-15,HighVol,0.0162604421316638,0.001809446119765737
4,2021-10-18,HighVol,0.0186944116699383,0.0013957271085801655
4,2021-10-19,HighVol,0.0118055626276452,0.0015445867498980216
4,2021-10-20,HighVol,0.0033818977534207,0.0015445867498980216
4,2021-10-21,HighVol,0.0104277776139354,0.0007663145241505458
4,2021-10-22,HighVol,0.0135285182803082,0.001100738449759519
4,2021-10-25,HighVol,0.0098563490690686,0.0009962314647461539
4,2021-10-26,LowVol,0.0130273044517719,0.0010919330119956996
4,2021-10-27,LowVol,0.0237475062551553,0.0007673826037179055
4,2021-10-28,LowVol,0.0187425087700383,0.0015246612435065954
4,2021-10-29,LowVol,0.02020688528071,0.0010925551241402793
4,2021-11-01,LowVol,0.0193246052584661,0.0015246612435065954
4,2021-11-02,LowVol,0.0118640365402855,0.0013192727690340565
4,2021-11-03,LowVol,-0.0023669816011934,0.0009269089000888289
4,2021-11-04,LowVol,-0.0067250185216322,0.0009269089000888289
4,2021-11-05,LowVol,-0.0026895147133462,0.000523037422716981
4,2021-11-08,LowVol,-0.003198900124741,0.0021507001452979995
4,2021-11-09,LowVol,0.0040650904732286,0.0029118897845117533
4,2021-11-10,LowVol,0.0097493706958233,0.0020275459774948676
4,2021-11-11,LowVol,0.0128510837491837,0.006211061981096864
4,2021-11-12,LowVol,0.0034672230160583,0.0022330211490172083
4,2021-11-15,LowVol,0.0002995537192707,0.002030167923154099
4,2021-11-16,LowVol,-0.0023226196997379,0.001258188014885259
4,2021-11-17,LowVol,0.0027770637877848,0.0011152777363158328
4,2021-11-18,LowVol,-0.0229067582943465,0.0010183040828702246
4,2021-11-19,LowVol,-0.0091493099891623,0.0011150835985053924
4,2021-11-22,LowVol,-0.0256860350226714,0.0012988899179605538
4,2021-11-23,LowVol,-0.0377837195789921,0.001374755986536103
4,2021-11-24,LowVol,-0.0256476407323796,0.0011150835985053924
4,2021-11-26,LowVol,-0.0120923837696553,0.0031002657423494047
4,2021-11-29,LowVol,-0.0125053802551361,0.0034829567453300374
4,2021-11-30,HighVol,0.0279217148022861,0.006974252453692179
4,2021-12-01,HighVol,0.0422197314309173,0.010698084900470717
4,2021-12-02,HighVol,0.0195673569317054,0.0024258448994912717
4,2021-12-03,HighVol,0.038198774840251,0.0041511073260461105
4,2021-12-06,HighVol,0.0169575442066205,0.004498818153603934
4,2021-12-07,HighVol,-0.0105065654304993,0.003161309512760933
4,2021-12-08,HighVol,0.0023002197901531,0.0023699651318431943
4,2021-12-09,HighVol,0.0002144025918147,0.0029838641017198428
4,2021-12-10,HighVol,-0.0196591150615269,0.0018083723633416009
4,2021-12-13,HighVol,-0.0214149468770049,0.002280705605202206
4,2021-12-14,HighVol,0.0028635917562105,0.003974142734466221
4,2021-12-15,HighVol,-0.0026920012504529,0.0006081460944558767
4,2021-12-16,HighVol,0.0124412673640561,0.0021649802620165816
4,2021-12-17,HighVol,0.0378148086736394,0.003304366658479871
4,2021-12-20,HighVol,0.0481119883512632,0.006738873978864913
4,2021-12-21,HighVol,0.0311407427455074,0.004876495631092485
4,2021-12-22,HighVol,0.01811019084335,0.007064854420832293
4,2021-12-23,HighVol,0.0092646528949611,0.0038519490953046196
4,2021-12-27,HighVol,0.0009428540342484,0.003062468891627223
4,2021-12-28,HighVol,0.0014259799037901,0.0022039282604847245
4,2021-12-29,HighVol,-0.0190584867232912,0.0017625437532373402
4,2021-12-30,HighVol,-0.0172630810893248,0.0019583057610835937
4,2021-12-31,HighVol,-0.0186752483033646,0.0016626824900720337
4,2022-01-03,HighVol,-0.0255383833450869,0.0020347178498771315
4,2022-01-04,HighVol,-0.0163332413736148,0.001734890970568413
4,2022-01-05,HighVol,0.0056363395888543,0.0022015348394700002
4,2022-01-06,HighVol,-0.0072871030578731,0.0037889432763482476
4,2022-01-07,HighVol,-0.0029391457584431,0.0045553990032473944
4,2022-01-10,HighVol,-0.0193766685975566,0.0034273698168713197
4,2022-01-11,HighVol,-0.0383182758132613,0.004657019326078158
4,2022-01-12,HighVol,-0.0515263723441651,0.0012455051946832552
4,2022-01-13,HighVol,-0.0571547007210867,0.00349018492702397
4,2022-01-14,HighVol,-0.0535376753570652,0.0032530891566624025
4,2022-01-18,HighVol,-0.0482375379728865,0.003600788721018641
4,2022-01-19,HighVol,-0.0406641177688161,0.005692131752062377
4,2022-01-20,HighVol,-0.0347174099892313,0.0017882546997401382
4,2022-01-21,HighVol,0.0090643267058734,0.0019674670400683606
4,2022-01-24,HighVol,0.0228945703255687,0.0013871033759577647
4,2022-01-25,HighVol,0.0425345762891027,-0.016674057122118568
4,2022-01-26,HighVol,0.0553092848160017,-0.00989087330107092
4,2022-01-27,HighVol,0.0356182848265433,1.5770191224214218e-06
4,2022-01-28,HighVol,0.0152732757340829,-0.007771847597341998
4,2022-01-31,HighVol,-0.005890002912417,-0.0021935893916595157
4,2022-02-01,HighVol,-0.0044375473850607,0.0024369820550055096
4,2022-02-02,HighVol,0.000415714313068,-0.0014570501832023124
4,2022-02-03,HighVol,0.0060903778609513,0.0009106032217389599
4,2022-02-04,HighVol,-0.0183641629059754,0.004834520825072805
4,2022-02-07,HighVol,-0.0184232182078292,0.006573287310078998
4,2022-02-08,HighVol,-0.010733201950602,0.00608386885118436
4,2022-02-09,HighVol,-0.0239105112593192,0.004023607741721722
4,2022-02-10,HighVol,-0.0272858365760271,0.0017101337906709722
4,2022-02-11,HighVol,-0.0141442591758048,0.0028211323009813462
4,2022-02-14,HighVol,-0.0215250858071225,0.006323055396115437
4,2022-02-15,HighVol,-0.0541357923981175,0.010117957235710321
4,2022-02-16,HighVol,-0.0409763864411639,0.010896559431665289
4,2022-02-17,HighVol,0.0015787972318248,0.00918863118157167
4,2022-02-18,HighVol,0.0055268831195118,0.009868502037975242
4,2022-02-22,HighVol,0.0009542814688641,0.0216947308630721
4,2022-02-23,HighVol,0.0377770103090961,0.012439839820187235
4,2022-02-24,HighVol,0.0173010037362855,0.009679191513847114
4,2022-02-25,HighVol,-0.0127469460549793,0.00394830215323098
4,2022-02-28,HighVol,-0.0393926932553034,0.0025385774310894994
4,2022-03-01,HighVol,-0.0319316529280518,0.0074638874520434485
4,2022-03-02,HighVol,-0.0239331897493542,0.00021497436909905367
4,2022-03-03,HighVol,-0.0234790130913551,-0.0019504049944251201
4,2022-03-04,HighVol,-0.0279981937278648,0.004504080815915338
4,2022-03-07,HighVol,-0.0057934345199615,0.029797729579119546
4,2022-03-08,HighVol,0.0238316899171846,0.028884685890708448
4,2022-03-09,HighVol,0.0192088750886996,0.00740559481059022
4,2022-03-10,HighVol,0.0366410909123617,0.014477098402723999
4,2022-03-11,HighVol,0.061491949960831,0.018256785854687974
4,2022-03-14,HighVol,0.0689939923590023,0.009364954880565185
4,2022-03-15,HighVol,0.0582319762843681,0.0055960990838088845
4,2022-03-16,HighVol,0.0219427338975382,0.0024915200329596178
4,2022-03-17,HighVol,0.0245300291115131,-0.0022829585658907135
4,2022-03-18,HighVol,0.0183793551863489,-0.0008661261473614038
4,2022-03-21,HighVol,0.0259232874706971,0.00018379772751756412
4,2022-03-22,HighVol,0.0266020359244747,0.004544824971262204
4,2022-03-23,HighVol,0.0335736453615778,0.0038619388404808807
4,2022-03-24,HighVol,0.0025529200319278,0.0004888907378907168
4,2022-03-25,HighVol,0.0005081883681072,0.008345050538526614
4,2022-03-28,HighVol,0.0019522275514218,0.005056027861346705
4,2022-03-29,HighVol,-0.0227927873967537,-0.0023335978508353694
4,2022-03-30,HighVol,-0.026553245001089,-0.002526684817876118
4,2022-03-31,HighVol,-0.0063548440813095,0.0034187262694257642
4,2022-04-01,HighVol,-0.0118122515630366,0.003463285197678852
4,2022-04-04,HighVol,-0.0369529503115481,0.009610399989369457
4,2022-04-05,HighVol,-0.0282462854605518,0.010967449865663507
4,2022-04-06,HighVol,-0.0071889783336435,0.005240594927503754
4,2022-04-07,HighVol,-0.0244667017688564,0.004260381252787075
4,2022-04-08,HighVol,-0.0214490804136432,0.004453161565701183
4,2022-04-11,HighVol,0.0116386693434729,0.0074188296038986325
4,2022-04-12,HighVol,0.0146476418620062,0.0019328988909167132
4,2022-04-13,HighVol,-0.0118427982531194,0.0039587196598053955
4,2022-04-14,HighVol,-0.0268392854861238,0.005007161062783257
4,2022-04-18,HighVol,-0.0215996371920655,0.004902685033581159
4,2022-04-19,HighVol,-0.0650279226028137,0.0013973557671873478
4,2022-04-20,HighVol,-0.06170303571857,0.0016065781537942842
4,2022-04-21,HighVol,-0.02339853910165,0.0038618338709024143
4,2022-04-22,HighVol,-0.0329546791292675,0.0056146922642117385
4,2022-04-25,HighVol,-0.0327414067370402,0.00935772003261428
4,2022-04-26,HighVol,0.0006728538030653,0.002736000600880046
4,2022-04-27,HighVol,0.0282549306282433,0.0030765535783934543
4,2022-04-28,HighVol,-0.032724697552684,0.011069094680807738
4,2022-04-29,HighVol,-0.0016019917341212,-0.0009735705792523989
4,2022-05-02,HighVol,-0.0393503718397212,0.010152254661023229
4,2022-05-03,HighVol,-0.0415244928743236,0.01501791536007808
4,2022-05-04,HighVol,-0.0846266310140197,-0.010941446971886036
4,2022-05-05,HighVol,-0.0518836884003287,-0.011062301429673321
4,2022-05-06,HighVol,-0.0233870073927928,0.018192968757021102
4,2022-05-09,HighVol,0.0048218637280033,-0.010952145680179283
4,2022-05-10,HighVol,0.0231274706343296,0.0032292051337415124
4,2022-05-11,HighVol,-0.0022660920236211,-0.005325234397904359
4,2022-05-12,HighVol,-0.0073406436770317,0.027045327731140854
4,2022-05-13,HighVol,-0.0300957219080892,0.016808457229105483
4,2022-05-16,HighVol,-0.0079232016519916,0.010244723742853038
4,2022-05-17,HighVol,-0.0353395025801274,0.0015910198484313583
4,2022-05-18,HighVol,0.0140609537932518,0.02896859001026032
4,2022-05-19,HighVol,0.0406974625220493,0.024100720488995492
4,2022-05-20,HighVol,0.0657805277084049,0.023844692759770945
4,2022-05-23,HighVol,0.0403355493064403,0.004481229064880591
4,2022-05-24,HighVol,0.0398583568451678,0.012964226937672027
4,2022-05-25,HighVol,0.0503815078324791,-0.0021683215452335675
4,2022-05-26,HighVol,0.0129036622494007,-0.006300925624592148
4,2022-05-27,HighVol,-0.0083562464382589,-0.012591031450055582
4,2022-05-31,HighVol,0.0068050919953566,-0.01218055807326111
4,2022-06-01,HighVol,0.0039797204296527,-0.0086672556866521
4,2022-06-02,HighVol,-0.0382138304658816,-0.00607841751911662
4,2022-06-03,HighVol,-0.0505190630811362,0.00319063042743356
4,2022-06-06,HighVol,-0.0893418511817937,0.005691980362262015
4,2022-06-07,HighVol,-0.1007119884665754,0.006525874599637444
4,2022-06-08,HighVol,-0.0778658794235447,0.002415011610839226
4,2022-06-09,HighVol,-0.0866630250303165,0.0008526782021456024
4,2022-06-10,HighVol,-0.0573615949086827,0.027024881265740455
4,2022-06-13,HighVol,0.0045074422763371,0.005973979191445153
4,2022-06-14,HighVol,0.0057166034549036,-0.004323974382181898
4,2022-06-15,HighVol,0.0013002406498252,0.0035123100022576587
4,2022-06-16,HighVol,0.0684986399534024,-0.008353859734275009
4,2022-06-17,HighVol,0.0621276771737036,0.011293738728701586
4,2022-06-21,HighVol,0.0148771605517394,0.015767760745774347
4,2022-06-22,HighVol,0.0158924785662433,0.013406875036481596
4,2022-06-23,HighVol,-0.0021422833093673,0.020193736953402312
4,2022-06-24,HighVol,-0.0226621883428115,-0.011446376092377922
4,2022-06-27,HighVol,-0.0170617499010161,-0.004500812830488912
4,2022-06-28,HighVol,0.0068303634219528,0.015580320715881264
4,2022-06-29,HighVol,0.022742784115086,0.008822710178077592
4,2022-06-30,HighVol,0.0302716667914044,0.011232522460161638
4,2022-07-01,HighVol,0.0078429448499317,0.013627266138330183
4,2022-07-05,HighVol,-0.0029583068215446,0.006797889498408526
4,2022-07-06,HighVol,-0.0115328190984627,0.006618577834651741
4,2022-07-07,HighVol,-0.0284839780106601,0.002461249060246984
4,2022-07-08,HighVol,-0.0091080311997986,-0.0007452602556508811
4,2022-07-11,HighVol,-0.0059337757844168,-0.0033589434944113496
4,2022-07-12,HighVol,0.0300395946579632,0.0006504424335392223
4,2022-07-13,HighVol,0.042076832170788,0.005510805589244869
4,2022-07-14,HighVol,0.0552512935725091,0.004920722390278852
4,2022-07-15,HighVol,0.0258614203969611,0.005445311591355712
4,2022-07-18,HighVol,0.0356592388175569,0.0029255543295530354
4,2022-07-19,HighVol,-0.0035181689993231,0.0021307987315118218
4,2022-07-20,HighVol,0.0158825768733552,0.0027600557644413826
4,2022-07-21,HighVol,0.0182552089955707,0.0002279283573114258
4,2022-07-22,HighVol,0.0427749840776476,0.003339647666060856
4,2022-07-25,HighVol,0.0384253462693156,0.0038522941733151192
4,2022-07-26,HighVol,0.0439256914824048,0.0032846733418751654
4,2022-07-27,HighVol,0.0334381750792938,0.002668742948356187
4,2022-07-28,HighVol,0.0199473373422829,-0.001079993470632709
4,2022-07-29,HighVol,0.0035924845782129,-0.0010717868855806307
4,2022-08-01,HighVol,0.0054046136016343,0.0012901995764433387
4,2022-08-02,HighVol,0.0080624546545604,0.003779245351154822
4,2022-08-03,HighVol,0.0133671705349127,-0.006564214957247309
4,2022-08-04,HighVol,0.0140520851227894,-0.0012927441564801615
4,2022-08-05,HighVol,0.032964970864207,0.0031805839070153095
4,2022-08-08,HighVol,0.038427019773922,0.002645468524533409
4,2022-08-09,HighVol,0.0446093660423341,0.004469512140011784
4,2022-08-10,HighVol,0.0158575157721223,0.0016266867270986393
4,2022-08-11,HighVol,0.0188100313012484,0.007358104568044004
4,2022-08-12,HighVol,-0.0116133062834088,-0.010617721704344586
4,2022-08-15,HighVol,-0.0361657506068801,-0.012091673957539056
4,2022-08-16,HighVol,-0.0403770288873367,-0.006985407729248748
4,2022-08-17,HighVol,-0.0304230455643542,0.0028669256973089417
4,2022-08-18,HighVol,-0.0195845690184962,-0.001647459624890545
4,2022-08-19,HighVol,-0.039868312636685,0.0031409612915460554
4,2022-08-22,HighVol,-0.0259344071614224,0.005362582186665094
4,2022-08-23,HighVol,-0.0342914503530479,0.003677225433633807
4,2022-08-24,HighVol,-0.0446975674241575,0.00501962168801153
4,2022-08-25,HighVol,-0.0550403911538522,0.005995208093039916
4,2022-08-26,HighVol,-0.0322470210105177,0.0006294781264753777
4,2022-08-29,HighVol,-0.0294809982745438,0.012927572482873085
4,2022-08-30,HighVol,-0.0010797182982216,0.0026312403888571283
4,2022-08-31,HighVol,0.0131586933315932,0.005095328675066417
4,2022-09-01,HighVol,0.0256800576414186,0.02115910281210542
4,2022-09-02,HighVol,0.0477515137238548,-0.00237571088117342
4,2022-09-06,HighVol,0.0059882701320082,0.0033795120924681207
4,2022-09-07,HighVol,-0.0079944239103656,0.012500862233965099
4,2022-09-08,HighVol,-0.0256256406611188,0.002608353916831382
4,2022-09-09,HighVol,-0.0478510125755609,0.0005484672016951513
4,2022-09-12,HighVol,-0.0506702068856601,-0.00179225662958939
4,2022-09-13,HighVol,-0.0189066640349968,0.016377351923233644
4,2022-09-14,HighVol,-0.0396851193897022,0.016686485948866906
4,2022-09-15,HighVol,-0.0368163647139774,0.020307269992810947
4,2022-09-16,HighVol,-0.0456739400916637,0.02025805429823618
4,2022-09-19,HighVol,-0.0623857376302049,0.011982070103502482
4,2022-09-20,HighVol,-0.0539197738783026,0.01620134467755609
4,2022-09-21,HighVol,-0.0181773431742718,-0.0011889131996105076
4,2022-09-22,HighVol,-0.0305435789050523,0.0015045873213000117
4,2022-09-23,HighVol,-0.0292703083426818,0.014599522363343801
4,2022-09-26,HighVol,0.0063132399909526,0.0103203362895799
4,2022-09-27,HighVol,0.0401507429679046,0.014425260524087711
4,2022-09-28,HighVol,0.0177041997350919,0.007557205154876913
4,2022-09-29,HighVol,0.0286945842629939,0.023180743880260788
4,2022-09-30,HighVol,0.0157063334844991,-0.00787168657989936
4,2022-10-03,HighVol,-0.0179754532978421,0.00716876820933026
4,2022-10-04,HighVol,-0.0535227901131872,0.00014711697025134664
4,2022-10-05,HighVol,-0.0544431137826378,0.006915689533761453
4,2022-10-06,HighVol,-0.0193731940645081,0.012080385857999384
4,2022-10-07,HighVol,-0.0142229887914003,0.05006500143052233
4,2022-10-10,HighVol,0.018888080145563,0.06443857202274986
4,2022-10-11,HighVol,0.0374295197416423,0.04168117761161549
4,2022-10-12,HighVol,0.0334865723157671,0.04921243004801216
4,2022-10-13,HighVol,-0.0015301933268642,0.006181466786509595
4,2022-10-14,HighVol,0.0465845469946193,0.03614392468021889
4,2022-10-17,HighVol,0.0328496619585572,0.00844823634645884
4,2022-10-18,HighVol,0.0371568336005863,0.007955062806675496
4,2022-10-19,HighVol,0.0366891519402163,0.00726228414391413
4,2022-10-20,HighVol,0.0398728482734331,0.005977537439365149
4,2022-10-21,HighVol,0.0393542325517328,-0.0003618258260199991
4,2022-10-24,HighVol,0.0193732840850258,-0.007245806435748351
4,2022-10-25,HighVol,-0.0010392097607752,-0.0037766741285002532
4,2022-10-26,HighVol,-0.0187162615719274,0.0027761494967598354
4,2022-10-27,HighVol,-0.0236064702308627,0.0008235746057114035
4,2022-10-28,HighVol,-0.0325688739172328,-0.0011525964025437604
4,2022-10-31,HighVol,-0.0162088639184001,0.0006881619840606574
4,2022-11-01,HighVol,-0.0065535988259622,0.0072845016059770815
4,2022-11-02,HighVol,-0.0019740288620467,0.004305380673315557
4,2022-11-03,HighVol,0.0638259645411307,0.00823678157919161
4,2022-11-04,HighVol,0.0588813958374119,0.005643192159109901
4,2022-11-07,HighVol,0.0399266210440543,0.009828122533552681
4,2022-11-08,HighVol,0.0431675502618555,0.008847049176943136
4,2022-11-09,HighVol,0.0569855627147564,0.0065062810612955555
4,2022-11-10,HighVol,-0.001140211858772,-0.02932567522802926
4,2022-11-11,HighVol,-0.0062232005686637,-0.015666230634453184
4,2022-11-14,HighVol,-0.0013414312034699,-0.013142227792884733
4,2022-11-15,HighVol,0.0035382355939499,-0.013884024375545987
4,2022-11-16,HighVol,0.0176253750396779,0.0038678149405270514
4,2022-11-17,HighVol,0.0205204849041029,0.004897078814480218
4,2022-11-18,HighVol,-0.0003028711799251,0.002296974812269012
4,2022-11-21,HighVol,0.0016220203440775,0.004210046553775516
4,2022-11-22,HighVol,0.0194549827516343,0.002949592982748138
4,2022-11-23,HighVol,0.0123253925299342,0.006310356632879562
4,2022-11-25,HighVol,0.0113837151812727,0.003218504544430314
4,2022-11-28,HighVol,0.0092948316919803,0.0023412972225350004
4,2022-11-29,HighVol,-0.0035425148837868,0.0042887826929102184
4,2022-11-30,HighVol,-0.0356162866655478,0.002108994124342292
4,2022-12-01,HighVol,-0.027345354216011,0.010632773347473392
4,2022-12-02,HighVol,-0.0334963291661682,0.011961954196612088
4,2022-12-05,HighVol,-0.001601644186732,0.004247961266842488
4,2022-12-06,HighVol,0.0206689349197211,0.007456483609525391
4,2022-12-07,HighVol,0.0158713654370088,0.006569234494904948
4,2022-12-08,HighVol,-0.0166816983583709,0.006399664386622926
4,2022-12-09,HighVol,-0.0209776344658282,0.002395577270130573
4,2022-12-12,HighVol,-0.0430753965909919,0.0036726906239884487
4,2022-12-13,HighVol,-0.0489651949964616,-0.0018914818674455943
4,2022-12-14,HighVol,-0.0285336846890607,0.0004150222808339614
4,2022-12-15,HighVol,-0.0183808233192146,0.008654610048864567
4,2022-12-16,HighVol,-0.000939068862052,0.01392183512626444
4,2022-12-19,HighVol,0.0036313471308511,0.021062754688320487
4,2022-12-20,HighVol,-0.0101961986783882,0.021823693370962887
4,2022-12-21,HighVol,-0.0072236798069654,0.00585240359192835
4,2022-12-22,HighVol,0.004491311747887,0.013439088662866467
4,2022-12-23,HighVol,-0.005458253673892,0.006467921636119677
4,2022-12-27,HighVol,0.0061878070786605,0.0010589433082767938
4,2022-12-28,HighVol,0.0072216491359899,0.01325611160011549
4,2022-12-29,HighVol,0.0121008490654219,0.004517790513481223
4,2022-12-30,HighVol,0.0141987592620334,-5.478713394472352e-05
4,2023-01-03,HighVol,0.0256289378543745,0.0031470780805927176
4,2023-01-04,HighVol,0.0306441443775351,0.0011214377586076883
4,2023-01-05,HighVol,0.0463385302635481,-0.0006772749341234404
4,2023-01-06,HighVol,0.0268502270627701,0.005715795825997735
4,2023-01-09,HighVol,0.0255505853929884,0.004728474353980791
4,2023-01-10,HighVol,0.0023298409960332,0.002759902647797017
4,2023-01-11,HighVol,-0.0173948394378998,5.073132726798885e-05
4,2023-01-12,HighVol,-0.0027206923369644,0.00011001389072035132
4,2023-01-13,HighVol,0.0053449908600873,0.0012609470272733946
4,2023-01-17,HighVol,0.0061089507650791,0.0010605946426594578
4,2023-01-18,HighVol,0.0226315166884241,0.0004625024505430839
4,2023-01-19,HighVol,0.0414522179591623,0.0032529903177837194
4,2023-01-20,HighVol,0.0247549058337264,0.0027356622153527524
4,2023-01-23,HighVol,-9.974003063739634e-05,0.003001885643985708
4,2023-01-24,HighVol,0.0156921197273181,0.0030988592974313164
4,2023-01-25,HighVol,0.0261020908952993,0.00044867389379933984
4,2023-01-26,HighVol,0.0297221465665309,0.0006670048608410294
4,2023-01-27,HighVol,0.016441611066569,0.0026320868826561175
4,2023-01-30,HighVol,0.0230658283737861,0.002141874117651123
4,2023-01-31,HighVol,0.0214279668396315,0.001898647535515407
4,2023-02-01,HighVol,-0.0003651539916538,0.001104679272168567
4,2023-02-02,HighVol,-0.0232497999410353,-0.0035107493315902016
4,2023-02-03,HighVol,-0.010452136968196,0.006304308915232259
4,2023-02-06,HighVol,0.0073200539308453,0.0016278922385130077
4,2023-02-07,HighVol,-0.0061418278091244,0.00044417479563085496
4,2023-02-08,HighVol,0.0081090689042357,0.00346151291988617
4,2023-02-09,HighVol,0.0029232368478058,0.0033338918343539413
4,2023-02-10,HighVol,-0.001911644181382,0.0038008043632029695
4,2023-02-13,HighVol,-0.0332823987225243,0.001532938498623865
4,2023-02-14,HighVol,-0.0341701824891504,0.0023128146839822695
4,2023-02-15,HighVol,-0.0321754404738352,0.0016626824900720337
4,2023-02-16,HighVol,-0.0291466953818011,0.0023773113688479565
4,2023-02-17,HighVol,-0.0234002692399259,0.0032418718792390565
4,2023-02-21,HighVol,-0.0070911147061177,0.005718932379007399
4,2023-02-22,HighVol,-0.0095347624986296,0.0032062483847256572
4,2023-02-23,HighVol,-0.0071132736472715,0.0017555277513102115
4,2023-02-24,HighVol,0.0197032546716362,0.00471927074244278
4,2023-02-27,HighVol,0.0169461480993469,0.004557514040244854
4,2023-02-28,HighVol,0.0050722830130307,0.002678109087425205
4,2023-03-01,HighVol,0.0105892689791071,0.0036579581163350043
4,2023-03-02,HighVol,-0.0157109004967476,0.0016322053570415591
4,2023-03-03,HighVol,-0.0452261596195567,-0.0002914082430378929
4,2023-03-06,HighVol,-0.0472469351845414,0.0008639755084559666
4,2023-03-07,HighVol,-0.0164207981176224,0.000557825922537606
4,2023-03-08,HighVol,-0.0241652649608098,0.0012647903916391903
4,2023-03-09,HighVol,0.0116201303652758,0.00433702072701219
4,2023-03-10,HighVol,0.0144291536240193,0.012776848447221842
4,2023-03-13,HighVol,0.025645279257219,0.009397633968050535
4,2023-03-14,HighVol,0.0222153294784481,0.0045912485985950885
4,2023-03-15,HighVol,0.011114032591422,-0.0002777784314913712
4,2023-03-16,HighVol,-0.003634191957916,0.0021814579753882245
4,2023-03-17,HighVol,0.0147696555619436,0.0006100662422078495
4,2023-03-20,HighVol,0.0069842650545222,0.0024909270263907277
4,2023-03-21,HighVol,-0.0082974911694094,0.0025213481865332737
4,2023-03-22,HighVol,0.0235649160260256,0.004870182405033598
4,2023-03-23,HighVol,0.0267824247115537,0.00512580769446935
4,2023-03-24,HighVol,0.0344661448029273,0.0009569182732254733
4,2023-03-27,HighVol,0.0364700883192417,0.0014126391406299617
4,2023-03-28,HighVol,0.0330383218139289,0.0037334802680103097
4,2023-03-29,HighVol,0.0155723748685652,0.0012316969033544373
4,2023-03-30,HighVol,0.0135994078016417,0.0020615722956657235
4,2023-03-31,HighVol,0.0005374316065858,-0.0020939119632888948
4,2023-04-03,HighVol,-0.0029930082676971,-0.0015884274050930877
4,2023-04-04,HighVol,-0.0015171067793433,0.0017625437532373402
4,2023-04-05,HighVol,0.0144012836433755,0.0012942609652351162
4,2023-04-06,HighVol,0.0079912073020729,0.0012942609652351162
4,2023-04-10,HighVol,0.0105710815132247,0.0019181654732372063
4,2023-04-11,HighVol,0.0109585752090688,0.002473956952061529
4,2023-04-12,HighVol,0.0149247544377151,0.0017137833856983532
4,2023-04-13,HighVol,-0.0038453964091025,0.000931252207890263
4,2023-04-14,HighVol,-0.0006302507243142,0.0008679490158323166
4,2023-04-17,LowVol,-0.0031647961420564,0.0013192727690340565
4,2023-04-18,LowVol,-0.019627630605815,0.0013192727690340565
4,2023-04-19,LowVol,-0.0236152960786939,0.0015246612435065954
4,2023-04-20,LowVol,0.0012866696607649,0.001729199236990266
4,2023-04-21,LowVol,0.0090489839166971,0.001729199236990266
4,2023-04-24,LowVol,0.0069797559108091,0.001826172890435875
4,2023-04-25,LowVol,0.0117219347737969,0.004022680848084659
4,2023-04-26,LowVol,0.0090512897771448,0.005086527901180951
4,2023-04-27,LowVol,-0.0176522441296541,0.0037335821671570413
4,2023-04-28,LowVol,-0.0079341806916719,0.0029025480545521545
4,2023-05-01,LowVol,-0.006666542194754,0.002999521707997764
4,2023-05-02,LowVol,0.00021885724479,0.0008317704099181896
4,2023-05-03,LowVol,0.0118377126914277,0.001343488774098228
4,2023-05-04,LowVol,0.0172784273580579,0.003553466707702249
4,2023-05-05,HighVol,-0.0025202726375892,0.0036805814144465826
4,2023-05-08,HighVol,0.0006542426553886,0.005596138247188516
4,2023-05-09,HighVol,-0.0016546103587971,0.0028633632669147367
4,2023-05-10,HighVol,0.0057646268945685,0.0015657088366264255
4,2023-05-11,HighVol,0.0172275819366671,0.0006107990879716052
4,2023-05-12,HighVol,0.0170800833324771,0.0012016782116187664
4,2023-05-15,HighVol,0.0139947797964807,0.0014125217249550022
4,2023-05-16,HighVol,0.0093601479581508,0.0023019838575559694
4,2023-05-17,HighVol,-0.0099701104195453,0.0015657088366264255
4,2023-05-18,HighVol,-0.0109249181584835,0.0005146919101974242
4,2023-05-19,HighVol,0.0033442806777483,3.559254986463156e-05
4,2023-05-22,HighVol,0.0033190841034562,0.0015483543499157778
4,2023-05-23,HighVol,0.0090800877127044,0.0012428832490240242
4,2023-05-24,HighVol,0.0261012621651772,0.003602397558541
4,2023-05-25,LowVol,0.0320030051771678,0.0030143152743167
4,2023-05-26,HighVol,0.0168564276409382,0.001433406771379872
4,2023-05-30,HighVol,0.0186822609702117,0.0015303804248254806
4,2023-05-31,LowVol,0.0208208084207892,0.0009954719248617243
4,2023-06-01,LowVol,0.0173296836776648,0.001371662926170398
4,2023-06-02,LowVol,0.0046269888662942,0.0008893798783298301
4,2023-06-05,LowVol,0.0156871053536455,0.0013749760644114768
4,2023-06-06,LowVol,0.0201623524269742,0.0013749760644114768
4,2023-06-07,LowVol,0.024920968015927,0.0002856103293157027
4,2023-06-08,LowVol,0.03138909193936,0.0010272750696239895
4,2023-06-09,LowVol,0.0260350185099105,0.0010028882315783114
4,2023-06-12,LowVol,0.0115351320457202,0.0010925551241402793
4,2023-06-13,LowVol,-0.0002390461454444,-4.6674814179871845e-05
4,2023-06-14,LowVol,0.0021762742902691,0.0007056387585084313
4,2023-06-15,LowVol,-0.0175798785308709,0.0007496375032648027
4,2023-06-16,LowVol,-0.0182497020505351,0.0009007636038392492
4,2023-06-20,LowVol,-0.0023100923254388,0.0011895287775858878
4,2023-06-21,LowVol,0.0033337540522111,0.002030167923154099
4,2023-06-22,LowVol,0.0036654494703893,0.0014160522846692247
4,2023-06-23,LowVol,0.0232451331002996,0.0028725177552723423
4,2023-06-26,LowVol,0.0286251584712662,0.0041253858636920585
4,2023-06-27,LowVol,0.0159569500202549,0.0021122017538673776
4,2023-06-28,LowVol,0.007493408397835,0.0015303804248254806
4,2023-06-29,LowVol,0.0010042992539913,0.0015303804248254806
4,2023-06-30,LowVol,-0.0081662891052283,0.0005007715610630865
4,2023-07-03,LowVol,-0.0029969626372186,0.0026106885768316054
4,2023-07-05,LowVol,0.0065219035451677,0.0011342767463748571
4,2023-07-06,LowVol,0.0225172830782034,0.0014309789635310814
4,2023-07-07,LowVol,0.0244670256895391,0.001971656341289198
4,2023-07-10,LowVol,0.0254285609711955,0.003020823616003866
4,2023-07-11,LowVol,0.0265107821782915,0.0023299948024628173
4,2023-07-12,LowVol,0.0205820223775872,0.0012222991155884484
4,2023-07-13,LowVol,0.0058279312288611,0.0008941802954103351
4,2023-07-14,LowVol,0.006454767029719,0.0010566528915369972
4,2023-07-17,LowVol,0.0074528503857429,0.001262041366009536
4,2023-07-18,LowVol,0.0027521656714322,0.0015746883480834604
4,2023-07-19,LowVol,0.0006808605871837,0.0014482574948763705
4,2023-07-20,LowVol,0.0006855480776843,0.0011869068319266568
4,2023-07-21,LowVol,0.0104825947427305,0.0010925551241402793
4,2023-07-24,LowVol,0.0079040461683557,0.0011895287775858878
4,2023-07-25,LowVol,0.0022834092754129,0.0012863082932210556
4,2023-07-26,LowVol,-0.0118109160238507,0.00185732820113294
4,2023-07-27,LowVol,-0.0080665079117948,0.0015972366584651552
4,2023-07-28,LowVol,-0.0221264797724626,0.0012222991155884484
4,2023-07-31,LowVol,-0.0154657433590849,0.0013192727690340565
4,2023-08-01,LowVol,-0.0169338870239618,0.0014160522846692247
4,2023-08-02,LowVol,-0.0097305459805262,0.003053460633630688
4,2023-08-03,LowVol,-0.0065279298086633,0.002740339514670881
4,2023-08-04,LowVol,-0.002596137335587,0.0033635586515189356
4,2023-08-07,LowVol,-0.0057685726822095,0.004570630232255639
4,2023-08-08,LowVol,-0.0130584778986998,0.0037889432763482476
4,2023-08-09,LowVol,-0.0137072055781655,0.00434652803834371
4,2023-08-10,LowVol,-0.0215737639888228,0.0025487667208871226
4,2023-08-11,LowVol,-0.020531870801056,0.002642385257427761
4,2023-08-14,LowVol,-0.0195710856026193,0.0029397397073952945
4,2023-08-15,LowVol,-0.010702476433574,0.0026340181120050148
4,2023-08-16,LowVol,0.0077109475799812,0.0033591109842948494
4,2023-08-17,LowVol,0.0013752910114182,0.005891513352911682
4,2023-08-18,LowVol,0.00794973015766,0.005758341890486137
4,2023-08-21,LowVol,0.0077845646763021,0.003723681141309294
4,2023-08-22,LowVol,0.0251283979577208,0.003698951912192122
4,2023-08-23,LowVol,0.0180121948900096,0.0006862868635889955
4,2023-08-24,LowVol,0.0308085243742635,0.0012879012369917662
4,2023-08-25,LowVol,0.0255015062719692,0.00040851992631561025
4,2023-08-28,LowVol,0.0146352638299602,0.0009590082767930525
4,2023-08-29,LowVol,-0.0065454943984825,0.00014929774149259771
4,2023-08-30,LowVol,-0.0136582446104285,0.0013749760644114768
4,2023-08-31,LowVol,-0.010724952818606,0.0012452320729633081
4,2023-09-01,LowVol,-0.0060726137022232,0.0012452320729633081
4,2023-09-05,LowVol,-0.0072344336420979,0.0015900585328241007
4,2023-09-06,LowVol,0.0006499102229422,0.0023700719997376456
4,2023-09-07,LowVol,0.0123861103695559,0.0026694436254260856
4,2023-09-08,LowVol,-0.0013155141436967,0.003052555860750381
4,2023-09-11,LowVol,-0.0072587617680632,0.002595287076580341
4,2023-09-12,LowVol,-0.0038531745186194,0.0017763495297168528
4,2023-09-13,LowVol,-0.0141604016425983,0.0018300617798019325
4,2023-09-14,LowVol,-0.0387429976803536,0.0012222991155884484
4,2023-09-15,LowVol,-0.0292081118550735,0.0019412732310530789
4,2023-09-18,LowVol,-0.0256970906486446,0.002896583541227249
4,2023-09-19,LowVol,-0.0380157646496804,0.0020585912285283063
4,2023-09-20,LowVol,-0.0287023387471966,0.002874745841760554
4,2023-09-21,LowVol,-0.0066528693586052,0.006802487614907837
4,2023-09-22,LowVol,-0.0068304499107306,0.009797474093152788
4,2023-09-25,LowVol,-0.0113828581310541,0.003919700508794116
4,2023-09-26,LowVol,-0.0100730980574459,0.00629742881235293
4,2023-09-27,LowVol,-0.0032626612326764,0.0015546523672695296
4,2023-09-28,LowVol,-0.0093810819524831,0.0016481815268252612
4,2023-09-29,LowVol,0.0048188057699842,-0.0005730342382487116
4,2023-10-02,LowVol,0.0116542736374931,-0.000918502191404415
4,2023-10-03,LowVol,0.0307170455283973,0.0015060900613344105
4,2023-10-04,LowVol,0.0274574271288221,-0.00383839644017275
4,2023-10-05,LowVol,0.0215782679563598,-0.001992280783642797
4,2023-10-06,LowVol,0.0045631829801469,0.0002498865402983877
4,2023-10-09,LowVol,0.0086748060196806,0.0002971471381456645
4,2023-10-10,LowVol,0.0034057985963911,0.0008201286427079927
4,2023-10-11,HighVol,-0.0140035700907021,0.0011297026226598425
4,2023-10-12,LowVol,-0.016672019081188,0.00015723511790528662
4,2023-10-13,LowVol,-0.0238934811693498,0.0012118824049640886
4,2023-10-16,LowVol,-0.0357307108636056,0.0009829389929661393
4,2023-10-17,LowVol,-0.0284161868508568,0.0008356463769968824
4,2023-10-18,HighVol,-0.0294275053026431,0.0033591608066854757
4,2023-10-19,LowVol,-0.0325493500700478,0.0029818565573283932
4,2023-10-20,LowVol,-0.0249531244109872,-0.0004537166683604938
4,2023-10-23,LowVol,-0.0115825831678449,-0.005025208773750988
4,2023-10-24,LowVol,-0.0128176861282698,0.0053906097077328205
4,2023-10-25,HighVol,0.0122381469646581,-0.001533283787173701
4,2023-10-26,HighVol,0.0441401229098128,0.00035529693974889194
4,2023-10-27,HighVol,0.0584640280785855,0.0034534277009720797
4,2023-10-30,HighVol,0.0483649035500068,-0.002618184145307984
4,2023-10-31,HighVol,0.0447871529740251,0.0006855481792856694
4,2023-11-01,HighVol,0.034519456463689,0.0023884817692405606
4,2023-11-02,HighVol,0.0071501976041286,-0.0016367183220966244
4,2023-11-03,HighVol,0.0136187848373017,-0.0016071625344888738
4,2023-11-06,HighVol,0.0103285910821373,-0.0015198370160633724
4,2023-11-07,HighVol,0.0270066151122436,-0.0015198370160633724
4,2023-11-08,HighVol,0.0284275718881208,-0.0017377940194026908
4,2023-11-09,HighVol,0.0377788906633129,0.0002293229481584639
4,2023-11-10,HighVol,0.0231043785936377,0.0032494410993252087
4,2023-11-13,HighVol,0.031963499461715,0.0021469802891660446
4,2023-11-14,HighVol,0.0101173584314768,-0.0028604642495474847
4,2023-11-15,HighVol,0.0118750983180306,-0.0034535510783352827
4,2023-11-16,HighVol,0.011260869339646,-0.003297757518670492
4,2023-11-17,HighVol,0.0081856163555755,0.001005939109305248
4,2023-11-20,HighVol,0.00147488454034,-0.0029564562370731472
4,2023-11-21,HighVol,0.0029563514060844,0.0018129355731442052
4,2023-11-22,HighVol,0.0030329450534691,0.006137159652372385
4,2023-11-24,LowVol,0.0083463539653587,0.006779610248349328
4,2023-11-27,LowVol,0.0048628535014594,0.006492596398745319
4,2023-11-28,LowVol,0.0036708528937534,0.0065406851351792325
4,2023-11-29,LowVol,0.0003300225995699,0.006132179556718076
4,2023-11-30,LowVol,0.0040096821634398,0.002911695646701313
4,2023-12-01,LowVol,0.002395923073591,0.00039906631335450885
4,2023-12-04,LowVol,0.0116051766872131,0.0012222991155884484
4,2023-12-05,LowVol,0.0164258258522744,0.0013190786312236161
4,2023-12-06,LowVol,0.0346115101087354,0.00185732820113294
4,2023-12-07,LowVol,0.0300722056700522,0.0012222991155884484
4,2023-12-08,LowVol,0.0239739156028233,0.0013190786312236161
4,2023-12-11,LowVol,0.0257442635863203,0.0012222991155884484
4,2023-12-12,LowVol,0.0272896357455181,0.000988035387561693
4,2023-12-13,LowVol,-0.0007256412055788,0.0005474185719972315
4,2023-12-14,LowVol,0.0055220671696245,-0.0004517974329222306
4,2023-12-15,LowVol,0.0092046464196107,0.0007477646467326556
4,2023-12-18,LowVol,0.0077970338578869,-0.0026241488837696397
4,2023-12-19,LowVol,0.0035171004293654,-0.0025694933504154297
4,2023-12-20,LowVol,0.0180027395122883,0.0016709747953199746
4,2023-12-21,LowVol,0.0055215368602372,0.001728231859084077
4,2023-12-22,LowVol,-0.0021113669398434,0.0018252055125296861
4,2023-12-26,LowVol,-0.0144223746613114,0.002160337978450395
4,2023-12-27,LowVol,-0.0193700076419929,0.0019219850281648539
4,2023-12-28,LowVol,-0.0183977646294878,0.0013053889496310112
4,2023-12-29,LowVol,-0.0014938284743616,0.001185209427203604
4,2024-01-02,LowVol,0.002602389648868,0.001374755986536103
5,2024-01-03,LowVol,0.0165746123121246,0.0033634026480927172
5,2024-01-04,LowVol,0.0194101651642226,0.003473207996708706
5,2024-01-05,LowVol,0.0187212208168543,0.003163984271539305
5,2024-01-08,LowVol,0.0006953365880852,0.002204758522650925
5,2024-01-09,LowVol,-0.0033551191955303,0.0016320833596140277
5,2024-01-10,LowVol,-0.0001469129932041,0.0014996299634703358
5,2024-01-11,LowVol,0.0127637028393241,0.0012572548970293284
5,2024-01-12,LowVol,0.0142024559622562,0.0016162518160769599
5,2024-01-16,LowVol,0.0209082900045629,0.0011703269433905267
5,2024-01-17,LowVol,0.0277371525209231,0.0021164867496493364
5,2024-01-18,LowVol,0.0242187378867217,0.0015910149933705076
5,2024-01-19,LowVol,0.0103228692269305,0.0004166809038295755
5,2024-01-22,LowVol,0.01617527405755,0.0012738629509875818
5,2024-01-23,LowVol,0.0124366515719747,0.0016162518160769599
5,2024-01-24,LowVol,-0.0051712163495439,0.0010781107786070618
5,2024-01-25,LowVol,0.0023974659280519,0.0010470810339956583
5,2024-01-26,LowVol,0.0142384870141771,0.0012987409793151045
5,2024-01-29,LowVol,0.0026055045354913,0.0022417787408324625
5,2024-01-30,LowVol,0.0062948759117038,0.0022417787408324625
5,2024-01-31,LowVol,0.0315192523792844,0.0008201537140772894
5,2024-02-01,LowVol,0.0186426168349465,0.0017838211355625324
5,2024-02-02,LowVol,0.0138565260945591,0.0022923965860449785
5,2024-02-05,LowVol,0.0171151319692604,0.0019438373559208426
5,2024-02-06,LowVol,0.0002022562969137,0.0020860474886461185
5,2024-02-07,LowVol,0.000943650775367,0.0015761537514755845
5,2024-02-08,LowVol,0.0074048707877711,0.0022367963522742047
5,2024-02-09,LowVol,-0.0033717652515233,0.00164653580401088
5,2024-02-12,LowVol,-0.0084235130929299,0.002349604989128102
5,2024-02-13,LowVol,0.0063350431712057,0.0015727258509881875
5,2024-02-14,LowVol,0.0179112004891184,0.00203556577656963
5,2024-02-15,LowVol,0.0116331528825244,0.0014778897821788649
5,2024-02-16,LowVol,0.0129725413199381,0.0021930120335694626
5,2024-02-20,LowVol,0.0204725449938427,0.00240441539034584
5,2024-02-21,LowVol,0.0182016652549692,0.001955435004410064
5,2024-02-22,HighVol,0.0011427396202079,0.0020324154486841893
5,2024-02-23,HighVol,0.0098455383821483,0.001754483377117855
5,2024-02-26,HighVol,0.0124706480428746,0.0019260312682878092
5,2024-02-27,HighVol,0.0004932819635425,0.0018132226314339116
5,2024-02-28,HighVol,0.0068935371435896,0.001583792141973391
5,2024-02-29,LowVol,0.013246019857892,0.001900744477236838
5,2024-03-01,LowVol,-0.0022033401663462,0.0009989962167764855
5,2024-03-04,LowVol,-0.0019910447477258,0.001836886701226496
5,2024-03-05,LowVol,0.0189281880435188,0.0007797211283354734
5,2024-03-06,LowVol,0.0122021520069286,0.0011845746969460038
5,2024-03-07,LowVol,0.0002719949504448,0.0013700635338832255
5,2024-03-08,LowVol,-0.0005978982512582,0.0008919448090627611
5,2024-03-11,LowVol,0.0062069652499965,0.0019358168622786499
5,2024-03-12,LowVol,0.0010299935509057,0.001052038623866782
5,2024-03-13,LowVol,0.0118749445153707,0.0014778897821788649
5,2024-03-14,LowVol,0.0172298027846322,0.001103303339409695
5,2024-03-15,LowVol,0.0223210572630896,0.0011328275075284326
5,2024-03-18,LowVol,0.0134735080082062,0.0011845746969460038
5,2024-03-19,LowVol,0.0060112800456131,0.0019277395282739896
5,2024-03-20,LowVol,0.0051683325508364,0.001235242234550435
5,2024-03-21,LowVol,0.0016659486646781,0.0015027678105063876
5,2024-03-22,LowVol,0.0018228077420683,0.0009442123755711431
5,2024-03-25,LowVol,-0.0017892670987341,0.001729060452930857
5,2024-03-26,LowVol,0.001156349899567,0.0012774793969815967
5,2024-03-27,LowVol,-0.0193053010232835,0.001235242234550435
5,2024-03-28,LowVol,-0.0088707215021257,0.001065453176666994
5,2024-04-01,LowVol,-0.006588077741262,0.0016813160344105896
5,2024-04-02,LowVol,0.000925111010301,0.0017647573412262678
5,2024-04-03,LowVol,-0.0101846049784122,0.0017085848387625373
5,2024-04-04,LowVol,0.0096086500084968,0.002188776816892766
5,2024-04-05,LowVol,-0.0146210005437172,0.0024012446754987592
5,2024-04-08,LowVol,-0.0275099782852212,0.002536245906619948
5,2024-04-09,LowVol,-0.0304051548317344,0.0013608889519682087
5,2024-04-10,LowVol,-0.026394636581951,0.0027088489930824997
5,2024-04-11,LowVol,-0.0356755937179444,0.0008552136956385498
5,2024-04-12,LowVol,-0.0307135105090051,0.0034777857149190755
5,2024-04-15,LowVol,-0.0093765858347585,0.004340361908969514
5,2024-04-16,LowVol,0.0042102494362568,0.0029734066718010363
5,2024-04-17,LowVol,0.0097094241729354,0.008255789537465575
5,2024-04-18,LowVol,0.0079476376463996,0.005708095209672762
5,2024-04-19,LowVol,0.0264561413058441,0.007963114701389964
5,2024-04-22,LowVol,0.0206915124534783,0.0041359881391570315
5,2024-04-23,LowVol,-0.0072579421531492,-0.0026439101496536746
5,2024-04-24,LowVol,-0.0100117479228748,0.0018002176757402654
5,2024-04-25,LowVol,0.0030587003679367,-0.0032126674910003717
5,2024-04-26,LowVol,0.0059615133101658,0.0008618702339080759
5,2024-04-29,LowVol,0.0127631843000715,0.0010869687499197884
5,2024-04-30,HighVol,0.0302003276182347,0.0009308103542618877
5,2024-05-01,HighVol,0.0336562875219945,0.0017886272187454203
5,2024-05-02,HighVol,0.0299785325066552,0.001062378430931059
5,2024-05-03,HighVol,0.0186782167566617,0.0008281632242481299
5,2024-05-06,HighVol,0.0084016600072149,0.0019492086903166903
5,2024-05-07,HighVol,0.0119115596678553,0.0017211376690790892
5,2024-05-08,HighVol,0.0243434797676589,0.0017211376690790892
5,2024-05-09,HighVol,0.0163789586550364,0.002233855956980695
5,2024-05-10,LowVol,0.0165310113063783,0.002007365862813684
5,2024-05-13,LowVol,0.0175652616835864,0.002349604989128102
5,2024-05-14,LowVol,0.0154024001691792,0.0019699530531167814
5,2024-05-15,LowVol,9.42981114702146e-05,0.0012320621683123505
5,2024-05-16,LowVol,-0.0051634193594969,0.002015486098407993
5,2024-05-17,LowVol,-1.88240241431048e-05,0.001702443576949807
5,2024-05-20,LowVol,-0.0004713599183007,0.0022417787408324625
5,2024-05-21,LowVol,-0.0098991120101581,0.0022417787408324625
5,2024-05-22,LowVol,-0.013627099266082,0.002237164537242116
5,2024-05-23,LowVol,0.002680617844694,0.0022436795711738944
5,2024-05-24,LowVol,-0.0030977349892156,0.0023343249522380354
5,2024-05-28,LowVol,-0.0026801864607164,0.0025637554416985562
5,2024-05-29,LowVol,0.0162895998764716,0.0031145431218110816
5,2024-05-30,LowVol,0.0230573083395202,0.003570519828412413
5,2024-05-31,LowVol,0.0125907636909341,0.0009364557396951231
5,2024-06-03,LowVol,0.0148920546928748,0.0017921478066756052
5,2024-06-04,LowVol,0.0162001380113248,0.0023551715569145185
5,2024-06-05,LowVol,0.0125125294111441,0.001164847260720679
5,2024-06-06,LowVol,0.014570144966377,0.0016162518160769599
5,2024-06-07,LowVol,0.0164229856066171,0.0012983191513912323
5,2024-06-10,LowVol,0.0213566432338976,0.0014996299634703358
5,2024-06-11,LowVol,0.021491644122916,0.0014996299634703358
5,2024-06-12,LowVol,0.0104180307644354,0.0007542006761396301
5,2024-06-13,LowVol,0.0070357801219336,0.0010767484486503645
5,2024-06-14,LowVol,0.0031522123863145,0.0013700635338832255
5,2024-06-17,LowVol,-0.0009363865515505,0.00158963494009591
5,2024-06-18,LowVol,-0.0022242386356753,0.001902677461554096
5,2024-06-20,LowVol,0.002070900614876,0.0008869049527627922
5,2024-06-21,LowVol,-0.0005327633389057,0.0007542006761396301
5,2024-06-24,LowVol,0.0047904758253822,0.0015176447883470871
5,2024-06-25,LowVol,0.00767219491609,0.0021151702627265822
5,2024-06-26,LowVol,0.0109070642623303,0.002139843693469931
5,2024-06-27,LowVol,0.0151361222956507,0.0020806685385860012
5,2024-06-28,LowVol,0.0203228455152384,0.0015268163027220604
5,2024-07-01,LowVol,0.0192174261338846,0.0013700635338832255
5,2024-07-02,LowVol,0.0224223116021213,0.0013700635338832255
5,2024-07-03,LowVol,0.0091029229419399,0.001729060452930857
5,2024-07-05,LowVol,0.0096460870933667,0.0015895172139144648
5,2024-07-08,LowVol,0.0112557067298397,0.0013868213266164386
5,2024-07-09,LowVol,0.0162640156349658,0.0016162518160769599
5,2024-07-10,LowVol,-0.0078031065498098,0.0014259009188613443
5,2024-07-11,LowVol,-0.006864521721166,0.0015621993781474268
5,2024-07-12,LowVol,-0.0196434110256953,0.001235242234550435
5,2024-07-15,LowVol,-0.0122522252673675,0.0010259912678136363
5,2024-07-16,LowVol,-0.0196151998939898,0.001538709555715241
5,2024-07-17,LowVol,-0.0282076845747246,0.0022996329943599024
5,2024-07-18,LowVol,-0.0257844178786645,0.002204617823626471
5,2024-07-19,LowVol,-0.0082880354064727,0.0027259609161203375
5,2024-07-22,LowVol,-0.0178310085846579,0.002830961131554858
5,2024-07-23,LowVol,-0.0212719675317613,0.0033837173570288423
5,2024-07-24,HighVol,0.0177004339307051,0.00339979142457731
5,2024-07-25,HighVol,0.0085437354681996,0.0069287144596337415
5,2024-07-26,HighVol,-0.0211958753327187,0.00366357794075292
5,2024-07-29,HighVol,-0.0502607999915586,0.0038681322696154014
5,2024-07-30,HighVol,-0.0366238036567664,0.003999122395930553
5,2024-07-31,HighVol,-0.0583686261396052,-0.0005748421020832249
5,2024-08-01,HighVol,-0.0227620006692033,0.002187750587660384
5,2024-08-02,HighVol,0.000168598850925,0.006441394789328902
5,2024-08-05,HighVol,0.0307125430261447,0.009089725072887914
5,2024-08-06,HighVol,0.0380925600076103,0.001064783196558958
5,2024-08-07,HighVol,0.0483745888775819,0.006737673578112344
5,2024-08-08,HighVol,0.0422501347857422,-0.0005838345451686096
5,2024-08-09,HighVol,0.0400010128292882,0.0024586559726792346
5,2024-08-12,HighVol,0.0493931899347197,0.0016747638062826978
5,2024-08-13,HighVol,0.0307356185133447,0.0006809526431064849
5,2024-08-14,HighVol,0.0310252764204521,0.0018117189872332647
5,2024-08-15,HighVol,0.0056952461515797,-0.0005613135561830019
5,2024-08-16,HighVol,0.0141076378047722,0.0021003853306520346
5,2024-08-19,HighVol,0.0021087205256984,0.004589456135987836
5,2024-08-20,HighVol,0.0051191835072288,0.008502202044958652
5,2024-08-21,HighVol,-0.0041381819081508,0.009792790074490455
5,2024-08-22,HighVol,0.0038294348531029,0.0020370405837518476
5,2024-08-23,HighVol,0.0027573788895125,0.002283869735995983
5,2024-08-26,HighVol,-0.0155318314750716,0.0028888473633497053
5,2024-08-27,HighVol,-0.0188937771054116,0.0033562872786426193
5,2024-08-28,HighVol,-0.0155650680140784,0.0037020549263863337
5,2024-08-29,HighVol,-0.0322198448175555,0.002134123500809282
5,2024-08-30,HighVol,-0.0306380419426014,0.0019962407066448067
5,2024-09-03,HighVol,-0.0059590789915502,0.0025533274390349744
5,2024-09-04,HighVol,0.0062981308827736,0.0038934788201936423
5,2024-09-05,HighVol,0.0172485490360669,0.003975567198294343
5,2024-09-06,HighVol,0.0400658239943536,0.004681012037439076
5,2024-09-09,HighVol,0.0300692402327225,0.004336108706121811
5,2024-09-10,HighVol,0.0260207786423591,0.0031759902314798575
5,2024-09-11,HighVol,0.0125900006198196,-0.00026393717512798064
5,2024-09-12,HighVol,0.0212666235597533,0.0008822298664327466
5,2024-09-13,HighVol,0.0142044026989132,0.0014999025558508417
5,2024-09-16,HighVol,0.015239142947377,0.0016294689854379515
5,2024-09-17,HighVol,0.0177284849501675,0.001030258741882849
5,2024-09-18,HighVol,0.0185041781725374,0.001047735898616575
5,2024-09-19,HighVol,0.0053861677190167,3.6620625822140114e-05
5,2024-09-20,HighVol,0.0056665735300258,-0.00079534319178337
5,2024-09-23,HighVol,0.0071796320720118,0.0015027678105063876
5,2024-09-24,HighVol,-0.0046912463830562,0.0017903658884271421
5,2024-09-25,HighVol,-0.0020698171552241,0.0016162518160769599
5,2024-09-26,HighVol,-0.0078279756581978,0.0016347278087426754
5,2024-09-27,HighVol,0.002642217138562,0.0015027678105063876
5,2024-09-30,HighVol,-0.0103877256261252,0.0015454395547010974
5,2024-10-01,LowVol,0.0080019840643874,0.0017381910795336282
5,2024-10-02,LowVol,0.0145553436040222,0.0030659740946731035
5,2024-10-03,LowVol,0.0146350977753799,0.003017617954918013
5,2024-10-04,LowVol,0.0115188689572791,0.0017216716195383702
5,2024-10-07,LowVol,0.0290949377614482,0.0033385959352064216
5,2024-10-08,LowVol,0.0115323289483866,0.001729060452930857
5,2024-10-09,LowVol,0.0089405677113176,0.0014996299634703358
5,2024-10-10,LowVol,0.0107959451228016,0.0013700635338832255
5,2024-10-11,LowVol,0.008644133518874,0.0014778897821788649
5,2024-10-14,LowVol,-0.0011809241205616,0.001857976467408518
5,2024-10-15,LowVol,0.0061058872343091,0.0012040771844713041
5,2024-10-16,LowVol,-0.007401727661692,0.001836886701226496
5,2024-10-17,LowVol,-0.0053402652922546,0.001836886701226496
5,2024-10-18,LowVol,-0.0094938553282679,0.0013700635338832255
5,2024-10-21,LowVol,-0.0047974798795822,0.0019856038331394713
5,2024-10-22,LowVol,-0.0026574163604202,0.0014996299634703358
5,2024-10-23,LowVol,0.0034951424503328,0.002109617291400343
5,2024-10-24,LowVol,-0.0183001094498751,0.0018949008833307839
5,2024-10-25,LowVol,-0.0138160172168266,0.0025327165616618025
5,2024-10-28,LowVol,-0.0189729279895675,0.0023975668579814583
5,2024-10-29,LowVol,-0.0087147019186284,0.0018465286082370714
5,2024-10-30,LowVol,0.0190167185088356,0.0008918263439811287
5,2024-10-31,LowVol,0.0474291046709425,0.001954299686962535
5,2024-11-01,LowVol,0.0475447849532504,0.003402726493858625
5,2024-11-04,LowVol,0.0508064087683193,0.0037273797632394225
5,2024-11-05,LowVol,0.0350269024367455,0.002949545215688944
5,2024-11-06,HighVol,0.0104055657103543,0.001121633998524232
5,2024-11-07,HighVol,-0.0037943786054022,0.00025146958882801926
5,2024-11-08,HighVol,-0.0207959444612613,0.00025146958882801926
5,2024-11-11,HighVol,-0.0177199514263086,0.0019962294863733214
5,2024-11-12,HighVol,-0.0110571600010435,0.001384160406493931
5,2024-11-13,HighVol,-0.0112026119262487,0.0012936535094759205
5,2024-11-14,HighVol,0.0005391696912728,0.00252366033856787
5,2024-11-15,HighVol,0.0166624024085719,-0.0010963776705812747
5,2024-11-18,HighVol,0.0159483793949679,0.002317433077754395
5,2024-11-19,HighVol,0.0175335704318508,0.0019250585193049334
5,2024-11-20,HighVol,0.0141066411054933,0.0026339903161979065
5,2024-11-21,HighVol,0.0149578832793648,0.0014152697535296762
5,2024-11-22,HighVol,0.0136353628260639,0.0013700635338832255
5,2024-11-25,HighVol,0.0106772064445814,0.0012983191513912323
5,2024-11-26,HighVol,0.0116704901838171,0.0010570210124250397
5,2024-11-27,HighVol,0.013075460585866,0.001729060452930857
5,2024-11-29,LowVol,0.0087295584949163,0.001729060452930857
5,2024-12-02,LowVol,0.0017392793883268,0.001729060452930857
5,2024-12-03,LowVol,-0.0018380058770804,0.001729060452930857
5,2024-12-04,LowVol,-0.0003289429174868,0.001235242234550435
5,2024-12-05,LowVol,-0.003840570677692,0.001729060452930857
5,2024-12-06,LowVol,-0.0059228926384885,0.0014996299634703358
5,2024-12-09,LowVol,0.0034897220233527,0.0018560326766767854
5,2024-12-10,LowVol,0.0024717203979964,0.0018915812715484491
5,2024-12-11,LowVol,-0.0348665025409947,0.002344600752187103
5,2024-12-12,LowVol,-0.0301657394898574,0.0023145603357361266
5,2024-12-13,LowVol,-0.0183221709123591,0.0019358168622786499
5,2024-12-16,LowVol,-0.0166425653801504,0.0015868503202055796
5,2024-12-17,LowVol,-0.0015989461303999,0.0005692785714703938
5,2024-12-18,LowVol,0.0291394570164109,0.008366424389767209
5,2024-12-19,LowVol,0.0186190054928261,0.0077824591730594715
5,2024-12-20,HighVol,-0.0049564294804901,0.007905107650496446
5,2024-12-23,HighVol,-0.0144781464982733,0.005549812342129525
5,2024-12-24,HighVol,-0.027706626079742,0.006116120983639291
5,2024-12-26,HighVol,-0.0156152006246204,0.0025401733679744974
5,2024-12-27,HighVol,0.0005882379331667,0.00014107319193446964
5,2024-12-30,HighVol,0.0006970842354268,0.003110709949363639
5,2024-12-31,HighVol,0.0058183117775769,0.004296666065555989
5,2025-01-02,HighVol,-0.0070984755532643,0.00483637113721788
5,2025-01-03,HighVol,-0.0178392506302393,0.0027992147919274875
5,2025-01-06,HighVol,-0.0221211351802543,0.0012791915457004465
5,2025-01-07,HighVol,0.0070502532908618,0.0010980746945848461
5,2025-01-08,HighVol,0.0036472528444633,0.0013388778434135962
5,2025-01-10,HighVol,0.0294406868388505,-0.0004402938133784211
5,2025-01-13,HighVol,0.0372555141586414,0.002164100444148104
5,2025-01-14,HighVol,0.0416532265932925,0.003088161669900595
5,2025-01-15,HighVol,0.0286278584710946,0.001852461515549388
5,2025-01-16,HighVol,0.0276010981007575,0.0018863899622934804
5,2025-01-17,HighVol,0.002995546935343,0.0007986378606483006
5,2025-01-21,HighVol,0.0024375987485365,0.001857976467408518
5,2025-01-22,HighVol,-0.0076348122954238,0.0016140528965783115
5,2025-01-23,HighVol,-0.0077245015344645,0.002126771184479917
5,2025-01-24,HighVol,-0.0101154674937067,0.001857976467408518
5,2025-01-27,HighVol,-0.0026695557334752,0.0007035048377819353
5,2025-01-28,HighVol,-0.004532362568056,0.001473504379993128
5,2025-01-29,HighVol,0.0040046036282095,0.0029624578527848275
5,2025-01-30,HighVol,0.002115610484292,0.002558310721058111
5,2025-01-31,HighVol,-0.0017447446967301,0.0015397810783491477
5,2025-02-03,HighVol,0.0118440970499997,0.0012480279403251997
5,2025-02-04,HighVol,0.0058656154176586,0.0029546456534572897
5,2025-02-05,HighVol,-0.0014233147441763,0.001735612946690392
5,2025-02-06,LowVol,0.0056240863125083,0.001969340097370189
5,2025-02-07,HighVol,0.014864207017196,0.0021376429445266578
5,2025-02-10,LowVol,0.0109778618900442,0.001718313597671027
5,2025-02-11,LowVol,0.0125886226419216,0.001729060452930857
5,2025-02-12,LowVol,0.0116348688417533,0.0019262681677150897
5,2025-02-13,LowVol,-0.0160561273127556,0.0011660367026919425
5,2025-02-14,LowVol,-0.0204854056846692,0.001729060452930857
5,2025-02-18,LowVol,-0.0282098890956679,0.001729060452930857
5,2025-02-19,LowVol,-0.0300032937596017,0.001729060452930857
5,2025-02-20,LowVol,-0.041498794616554,0.0012143852488633734
5,2025-02-21,LowVol,-0.009601123678636,0.0018014080642394159
5,2025-02-24,LowVol,-0.022504687112136,0.0032637640839346493
5,2025-02-25,LowVol,-0.0292472341384429,0.003075517374246417
5,2025-02-26,LowVol,-0.0193089956162622,0.0036509445660110602
5,2025-02-27,LowVol,-0.0210922633723109,0.003952725353809334
5,2025-02-28,LowVol,-0.03073150375899,0.004094109371953667
5,2025-03-03,HighVol,-0.0397245664141472,0.0019846076248635305
5,2025-03-04,HighVol,-0.0362999308882272,0.005351353162766969
5,2025-03-05,HighVol,-0.04148810724798,0.002250259757175643
5,2025-03-06,HighVol,-0.0371741191628322,0.0008237720503748243
5,2025-03-07,HighVol,-0.0227634837838015,0.00559553251291739
5,2025-03-10,HighVol,0.011719997151701,0.006878279401610738
5,2025-03-11,HighVol,0.0091738724147081,0.009576352146813506
5,2025-03-12,HighVol,0.0147798266374568,0.01099218287285493
5,2025-03-13,HighVol,0.0255160796086733,0.017024003361774145
5,2025-03-14,HighVol,0.0050933870350931,0.005092667288313824
5,2025-03-17,HighVol,0.015263936902172,-0.0016825918290786254
5,2025-03-18,HighVol,0.0288244855422223,0.004287277913397949
5,2025-03-19,HighVol,0.0055904136190185,-0.0042257168342885445
5,2025-03-20,HighVol,0.0058282741666715,-0.0006449033477388816
5,2025-03-21,HighVol,-0.0147524448123578,-0.0023300892198783356
5,2025-03-24,HighVol,-0.0255886916011786,0.001482721319687593
5,2025-03-25,HighVol,-0.0251798139440735,0.0007616918132209763
5,2025-03-26,HighVol,-0.007158088292523,0.00028896070565454196
5,2025-03-27,HighVol,-0.0535725687457276,-0.0016066695577337392
5,2025-03-28,HighVol,-0.090666918106617,0.0038160560703520076
5,2025-03-31,HighVol,-0.0983393356568108,-0.0019232455077308815
5,2025-04-01,HighVol,-0.114961608850172,-0.0009068818834506226
5,2025-04-02,HighVol,-0.0281655951748827,0.00015964816941162468
5,2025-04-03,HighVol,-0.0225824427127023,0.02719266378748441
5,2025-04-04,HighVol,0.0567210097982513,0.009101033298883593
5,2025-04-07,HighVol,0.0688766097005204,-0.003772205934446912
5,2025-04-08,HighVol,0.0828430243227178,0.014735285594338617
5,2025-04-09,HighVol,-0.0418504039032112,-0.07582668046810045
5,2025-04-10,HighVol,0.0034884180532654,-0.09363613318989543
5,2025-04-11,HighVol,-0.0375698079717843,-0.07016996780310382
5,2025-04-14,HighVol,-0.0220171491707835,-0.07943841146556219
5,2025-04-15,HighVol,-0.0040734538760384,-0.07881977106595336
5,2025-04-16,HighVol,0.0400068339243351,-0.011163995221696968
5,2025-04-17,HighVol,0.0460288198493106,-0.010466528373954693
5,2025-04-21,HighVol,0.0719428468018592,-0.018205161299150625
5,2025-04-22,HighVol,0.0513416853962394,-0.0117039343317674
5,2025-04-23,HighVol,0.0357103016861348,-0.00963289251568689
5,2025-04-24,HighVol,0.0215478870048668,-0.016472817804548626
5,2025-04-25,HighVol,0.0292749365538291,-0.01470537885779303
5,2025-04-28,HighVol,0.0229827043194819,-0.013851615106594932
5,2025-04-29,HighVol,0.0080819796931075,-0.013905066195627987
5,2025-04-30,HighVol,0.0119198230174821,-0.014701278987526644
5,2025-05-01,HighVol,0.0118000338024111,-0.01384499375867297
5,2025-05-02,HighVol,-0.0042698654564837,-0.0006529550286854344
5,2025-05-05,HighVol,0.0345691240792693,0.025024695777758704
5,2025-05-06,HighVol,0.0501790137650752,0.01629626488648219
5,2025-05-07,HighVol,0.0471174373298994,0.017721719855301535
5,2025-05-08,HighVol,0.0449508883129048,0.0006358881674559994
5,2025-05-09,HighVol,0.0529112958912305,0.004200238176835895
5,2025-05-12,HighVol,0.0203433693375023,-0.015615657811208796
5,2025-05-13,HighVol,0.0102412199055201,-0.0058094042658115375
5,2025-05-14,HighVol,-0.008049817627985,-0.006757556006779893
5,2025-05-15,HighVol,-0.0124816087756276,-0.0029647629484707994
5,2025-05-16,HighVol,-0.0253954511014341,-0.0017588703823723368
5,2025-05-19,HighVol,-0.0062200825008935,-0.0025062564469658464
5,2025-05-20,HighVol,-0.0086363290418083,0.004303992337451678
5,2025-05-21,HighVol,0.0123357692602572,0.0024061650878109755
5,2025-05-22,HighVol,0.0108045991408587,0.0034720156269627024
5,2025-05-23,HighVol,0.0234845344914305,0.005282385406821714
5,2025-05-27,HighVol,0.0083565899995026,0.005014613779180942
5,2025-05-28,HighVol,0.0139521100347017,0.004863372711016381
5,2025-05-29,HighVol,0.0050842036815765,0.0016113892157445626
5,2025-05-30,HighVol,0.0165423465105243,0.00034032583354113574
5,2025-06-02,HighVol,0.0117594281090336,0.0010941058070053687
5,2025-06-03,HighVol,0.0117266003512259,0.0009624622446987591
5,2025-06-04,HighVol,0.0091118285828355,0.0011338175161092756
5,2025-06-05,HighVol,0.0180423727593015,0.0006325381582099674
5,2025-06-06,HighVol,-0.0035718576541998,0.0009100632486926681
5,2025-06-09,HighVol,0.0050026618248084,0.001836886701226496
5,2025-06-10,LowVol,-0.0092027977654658,0.0008219644366223537
5,2025-06-11,LowVol,-0.0065186391292287,0.0007326761825807757
5,2025-06-12,LowVol,-0.0127754098348891,0.0008217108122424217
5,2025-06-13,LowVol,0.0082483709311897,0.0019094586418227303
5,2025-06-16,LowVol,0.0097792902189022,0.0006314024280446715
5,2025-06-17,HighVol,0.0190530329789211,0.00255589809757482
5,2025-06-18,HighVol,0.0271808259907901,0.0020341554517020357
5,2025-06-20,LowVol,0.0347142984720632,0.0014967982643709834
5,2025-06-23,LowVol,0.0294925471725178,0.0011845746969460038
5,2025-06-24,LowVol,0.0179143000340908,0.0011997271651077173
5,2025-06-25,LowVol,0.0219560876214646,0.0010210088792553787
5,2025-06-26,LowVol,0.0220144857038571,-0.0019329152649595145
5,2025-06-27,LowVol,0.0093835198094633,-0.003768305656570405
5,2025-06-30,LowVol,0.0040301964089002,-0.0038761319048660433
5,2025-07-01,LowVol,0.0103779929399274,-0.003920742053860384
5,2025-07-02,LowVol,0.0086551182205063,-0.0036969877864437774
5,2025-07-03,LowVol,-0.0027505378065231,-0.002892128015205123
5,2025-07-07,LowVol,0.0066538553545325,0.0009106724560061463
5,2025-07-08,LowVol,0.0029015339720812,0.0010259912678136363
5,2025-07-09,LowVol,0.0002563151980772,0.001538709555715241
5,2025-07-10,LowVol,0.0035471602109047,0.0020123482513719412
5,2025-07-11,LowVol,0.0063500583201943,0.002014926116911795
5,2025-07-14,LowVol,0.0063380637117085,0.001729060452930857
5,2025-07-15,LowVol,0.0108015366064913,0.0015868503202055796
5,2025-07-16,LowVol,0.0160041268826602,0.0016255666952165744
5,2025-07-17,LowVol,0.0101586492420882,0.0012427780541359903
5,2025-07-18,LowVol,0.0151693446018319,0.001324530488592013
5,2025-07-21,LowVol,0.0129936856601986,0.0014568129372913028
5,2025-07-22,LowVol,0.0101770982709001,0.0013700635338832255
5,2025-07-23,LowVol,0.0003940829179651,0.0008911699684808462
5,2025-07-24,LowVol,-0.0036882709249334,0.0008911699684808462
5,2025-07-25,LowVol,-0.0241407884942204,0.0010259912678136363
5,2025-07-28,LowVol,-0.0090590657364316,0.0013700635338832255
5,2025-07-29,LowVol,-0.011475767674865,0.0011660367026919425
5,2025-07-30,LowVol,-0.0026477775913511,0.0015919904858746404
5,2025-07-31,LowVol,0.0002687817732176,0.0013034076876409966
5,2025-08-01,LowVol,0.0248666228801079,0.0015851628564390102
5,2025-08-04,LowVol,0.0075257910772659,0.0026994892453918156
5,2025-08-05,LowVol,0.0234408588836356,0.0024326302374461603
5,2025-08-06,LowVol,0.0191377816709483,0.0024976059540047163
5,2025-08-07,LowVol,0.0200870392492609,0.0017040347114507524
5,2025-08-08,LowVol,0.0098246505063219,0.001498979548360887
5,2025-08-11,LowVol,0.011605151574024,0.0014778897821788649
5,2025-08-12,LowVol,-0.004481374368797,0.0013650811453249677
5,2025-08-13,LowVol,-0.0105135946689066,0.0013650811453249677
5,2025-08-14,LowVol,-0.0145747895428789,0.0013650811453249677
5,2025-08-15,LowVol,0.0029062228578617,0.0010767484486503645
5,2025-08-18,LowVol,-0.0012902517784849,0.001729060452930857
5,2025-08-19,LowVol,0.0083619733774906,0.0018660310957623718
5,2025-08-20,LowVol,0.0133520357060066,0.0024783120311780544
5,2025-08-21,LowVol,0.0210368493693111,0.002841557071458809
5,2025-08-22,LowVol,-0.0004028921016125,0.0011079280902579524
5,2025-08-25,LowVol,-0.0034242088462906,0.002627143642748937
5,2025-08-26,LowVol,-0.0022009738807244,0.001627786698394753
5,2025-08-27,LowVol,0.0038506305040024,0.001729060452930857
5,2025-08-28,LowVol,-0.0025888718736184,0.0011449433239023748
5,2025-08-29,LowVol,0.0058599320117012,0.0020894397108434343
5,2025-09-02,LowVol,0.0157121442112617,0.0017289145339188625
5,2025-09-03,LowVol,0.0131575150652549,0.0018106858009296662
5,2025-09-04,LowVol,0.0131101648959675,0.0012258146495415807
5,2025-09-05,LowVol,0.0157128489932656,0.0014112339359366364
5,2025-09-08,LowVol,0.018618151742074,0.0010767484486503645
5,2025-09-09,LowVol,0.0148693709765577,0.0010767484486503645
5,2025-09-10,LowVol,0.0106866451471585,0.0009754746941142604
5,2025-09-11,LowVol,0.0070403760772852,0.0010767484486503645
5,2025-09-12,LowVol,0.0123668833293109,0.0010767484486503645
5,2025-09-15,LowVol,0.0117697227826445,0.0011662049062358827
5,2025-09-16,LowVol,0.0076496944301776,0.0013700635338832255
5,2025-09-17,LowVol,0.0056931284673369,0.0007542006761396301
5,2025-09-18,LowVol,-0.0036021793292102,0.0009126944620397006
5,2025-09-19,LowVol,-0.0028326211059341,0.0010453987386628623
5,2025-09-22,LowVol,-0.0047386734243082,0.0017039333406011679
5,2025-09-23,LowVol,0.0044780662073444,0.0010962509361756648
5,2025-09-24,LowVol,0.0111180296581947,0.0011660367026919425
5,2025-09-25,LowVol,0.0169742507693422,0.0018660310957623718
5,2025-09-26,LowVol,0.0111661884952076,0.002047259556568302
5,2025-09-29,LowVol,0.0119484781052903,0.0018465286082370714
5,2025-09-30,LowVol,0.0044132064924842,0.001235242234550435
5,2025-10-01,LowVol,0.0069712506914079,0.001324530488592013
5,2025-10-02,LowVol,0.0028990089205791,0.001729060452930857
5,2025-10-03,LowVol,-0.0241927600490884,0.001324530488592013
5,2025-10-06,LowVol,-0.0127603682974896,0.001729060452930857
5,2025-10-07,LowVol,-0.0102970886383999,0.0010767484486503645
5,2025-10-08,LowVol,-0.0117959881023443,0.0013700635338832255
5,2025-10-09,LowVol,-0.0156742235027894,0.0015025169300269174
5,2025-10-10,LowVol,0.017411468502946,0.004631429141704358
5,2025-10-13,LowVol,0.0124577848903832,0.005295607840099882
5,2025-10-14,LowVol,0.0136810155058757,0.006034421361740688
5,2025-10-15,LowVol,0.0039538896676414,0.0056696874864591296
5,2025-10-16,HighVol,0.0168320619611255,0.004093382193005051
5,2025-10-17,HighVol,0.0193561032252638,0.0001788547798707667
5,2025-10-20,HighVol,0.0207656511070657,0.0031766165349626104
5,2025-10-21,HighVol,0.0234921149467415,0.0018378097087164524
5,2025-10-22,HighVol,0.0293351978047304,0.0008030424176246035
5,2025-10-23,HighVol,0.0120131762736561,0.002973297900934832
5,2025-10-24,HighVol,0.007102206382799,0.00114132687790836
5,2025-10-27,HighVol,-0.0027726781144603,0.0017259460030800613
5,2025-10-28,HighVol,-0.0172036821667931,0.001902677461554096
5,2025-10-29,HighVol,-0.0142713398860251,0.0017235333431318296
5,2025-10-30,HighVol,-0.014003495849889,0.0003399260689200576
5,2025-10-31,HighVol,-0.0162596050960345,0.0011845746969460038
5,2025-11-03,HighVol,-0.0027804772921533,0.0024988406125175623
5,2025-11-04,HighVol,0.011492104293485,0.0030401116134184227
5,2025-11-05,HighVol,0.0085597488086786,0.0026754265335152713
5,2025-11-06,HighVol,0.0025808568562277,0.003113228120881469
5,2025-11-07,LowVol,0.0014309111852752,0.0019983080162635264
5,2025-11-10,LowVol,-0.0231422901252824,0.0020434994235940225
5,2025-11-11,LowVol,-0.0335577726472728,0.0016966007788272882
5,2025-11-12,LowVol,-0.0303637318859438,0.001567034349240178
5,2025-11-13,HighVol,-0.0290308903750196,-0.0016408258977262389
5,2025-11-14,HighVol,-0.019198523159527,-6.744128003096037e-05
5,2025-11-17,HighVol,0.0045969568781518,0.003667636977415681
5,2025-11-18,HighVol,0.0226335572402023,0.0015882305968657924
5,2025-11-19,HighVol,0.0257308129670845,0.0026318631412678758
5,2025-11-20,HighVol,0.0472927716390683,0.008735995219304484
5,2025-11-21,HighVol,0.0322292098125416,0.0021905856389867564
5,2025-11-24,HighVol,0.0191408505725654,0.0006907713280442909
5,2025-11-25,HighVol,0.0131404466893063,0.00040588817187140895
5,2025-11-26,HighVol,0.0069297713152829,0.0007303422214824267
5,2025-11-28,HighVol,0.0033655237201748,0.0017103908138192592
5,2025-12-01,HighVol,0.0049392240592807,0.001997128065881389
5,2025-12-02,HighVol,0.0022154623105929,0.0015872392660431704
5,2025-12-03,HighVol,0.0053810088667234,0.001735612946690392
5,2025-12-04,HighVol,0.0069842299790008,0.001735612946690392
5,2025-12-05,HighVol,-0.0057314490334529,0.0008352563783163542
5,2025-12-08,HighVol,-0.0042421336120853,0.001729060452930857
5,2025-12-09,LowVol,-0.0061049792624957,0.00172467505074512
5,2025-12-10,LowVol,-0.023517657150754,0.0009210701636305124
5,2025-12-11,LowVol,-0.018428047408145,0.0009754746941142604
5,2025-12-12,LowVol,0.0012337773355066,0.00045875905961505024
5,2025-12-15,LowVol,0.0089956666570536,0.0017452548537009675
5,2025-12-16,LowVol,0.0163843254242008,0.0012719328696226358
5,2025-12-17,LowVol,0.0313077260316865,0.0017561298111197104
5,2025-12-18,LowVol,0.0234746157598459,0.003237800943654107
5,2025-12-19,LowVol,0.0106671191313398,0.0017570754216337937
5,2025-12-22,LowVol,0.003183243851639,0.0014778897821788649
5,2025-12-23,LowVol,-0.0087795587441367,0.0014778897821788649
5,2025-12-24,LowVol,-0.0104435957396563,0.001847229612148688
5,2025-12-26,LowVol,-0.0037519159570825,0.0017133312091127688
5,2025-12-29,LowVol,0.0057570989174107,0.0012687897793471215
5,2025-12-30,LowVol,0.0037409111979043,0.001760240094538445
5,2025-12-31,LowVol,0.0111303199518209,0.0023851821192307347
5,2026-01-02,LowVol,0.015955073375985,0.0024971515178684772
5,2026-01-05,LowVol,0.0108183035002902,0.0019459858020321982
5,2026-01-06,LowVol,0.0028331579258265,0.0012687897793471215
5,2026-01-07,LowVol,0.0011310374160631,0.0011648276040777841
5,2026-01-08,LowVol,0.0039593443713006,0.0012687897793471215
5,2026-01-09,LowVol,-0.0034722977351427,0.0009754746941142604
5,2026-01-12,LowVol,-0.0252891309908631,0.0012687897793471215
5,2026-01-13,LowVol,-0.012064502622839,0.0012092018447940563
5,2026-01-14,LowVol,-0.0019988328217077,0.0014347722410549765
5,2026-01-15,LowVol,-0.0043482785316334,0.0011179884012459413
5,2026-01-16,LowVol,0.0015470731538762,0.0017028595526340272
5,2026-01-20,LowVol,0.026432278955691,0.0012450725129027611
5,2026-01-21,LowVol,0.0146191233986903,0.0028790753192055986
5,2026-01-22,LowVol,0.0073441184933762,0.0019041683033294377
5,2026-01-23,LowVol,0.0039755534090353,0.002462040910211391
5,2026-01-26,LowVol,0.0038686617845731,0.001901464271796423
5,2026-01-27,LowVol,-0.0085694583839743,0.001756702712872414
5,2026-01-28,LowVol,-0.0132724743947848,0.001376616027642761
5,2026-01-29,LowVol,-0.0236585651135028,0.0010833009424098998
5,2026-01-30,LowVol,-0.0019509978713001,5.365225557827786e-05
5,2026-02-02,LowVol,-0.0020994641663448,0.0012258146495415807
5,2026-02-03,LowVol,0.0037561601560482,0.001878583841283401
5,2026-02-04,LowVol,0.0084087543828383,0.0023457118121897867
5,2026-02-05,LowVol,0.0053865471966247,0.0027076022371126515
5,2026-02-06,HighVol,-0.0128435446967936,0.002957028967713777
5,2026-02-09,HighVol,-0.0159953858562665,0.00221632287525272
5,2026-02-10,HighVol,-0.0084234136394867,0.0017318978454257071
5,2026-02-11,HighVol,-0.0108099187888279,0.0012728362704561304
5,2026-02-12,HighVol,0.011977655615764,0.00040444426750962335
5,2026-02-13,HighVol,0.000938820849653,0.0024786952271518563
5,2026-02-17,HighVol,0.0065900040373187,0.0024878916920549744
5,2026-02-18,LowVol,0.0099958550653318,0.002561626338570786
5,2026-02-19,LowVol,0.0070418040386051,0.003679085235203498
5,2026-02-20,LowVol,-0.0049897155646747,0.0008041770699184488
5,2026-02-23,LowVol,0.0058470429883454,0.001081579790195189
5,2026-02-24,LowVol,-0.0102129876501638,0.0009412306008379699
5,2026-02-25,LowVol,-0.0115703600138696,0.0017000479028970675
5,2026-02-26,HighVol,-0.0115914565261183,0.0012172209976402699
5,2026-02-27,HighVol,-0.0198399852878129,0.0014026282265194449
5,2026-03-02,HighVol,-0.0118156268038404,0.0005400892673094699
5,2026-03-03,HighVol,-0.0046302154523001,0.0029314745968681524
5,2026-03-04,HighVol,-0.0128442734943531,0.0026118211380071568
5,2026-03-05,HighVol,-0.0223833314945861,0.002542035371490879
5,2026-03-06,HighVol,-0.0150063346188127,0.003051721517215407
5,2026-03-09,LowVol,-0.0136228132524687,0.0026936620203324734
5,2026-03-10,LowVol,-0.0094362523124893,0.0017626749437488589
5,2026-03-11,LowVol,-0.0220307437163271,0.0024224358611036933
5,2026-03-12,LowVol,-0.0093985835151229,0.0019853989854907066
5,2026-03-13,LowVol,-0.0180415262786768,0.0037983725860735434
5,2026-03-16,LowVol,-0.0177274263067706,0.0026497127893072227
5,2026-03-17,LowVol,-0.023593215080031,0.002362956233745007
5,2026-03-18,HighVol,-0.0042577713813233,0.0032519490613751876
5,2026-03-19,HighVol,-0.0196244440398035,0.0005188889742688296
5,2026-03-20,HighVol,-0.0223260677132818,0.009698089528595452
5,2026-03-23,HighVol,-0.0357197478206195,-0.00025378386170057384
5,2026-03-24,HighVol,-0.0043479596882277,-0.0002942327969344666
5,2026-03-25,HighVol,-0.0024055110238924,7.384352366431095e-05
5,2026-03-26,HighVol,0.0166488395556212,0.003869239328072155
5,2026-03-27,HighVol,0.0391742708016176,0.012776014140717717
5,2026-03-30,HighVol,0.0431190626273894,0.00914027045707963
5,2026-03-31,HighVol,0.0394717020686612,-0.0017293940236262101
5,2026-04-01,HighVol,0.0376502657018682,0.000620902938757238
5,2026-04-02,HighVol,0.0360306705625972,0.0008796054656060048
5,2026-04-06,HighVol,0.041233476297918,0.004060248903961548
5,2026-04-07,HighVol,0.0534572565656843,0.001326198278401535
5,2026-04-08,HighVol,0.0353988236750957,-0.0013205623240120283
5,2026-04-09,HighVol,0.0319895923146569,0.0030234706698763765
5,2026-04-10,HighVol,0.045153551524915,0.0027127184703087037
5,2026-04-13,HighVol,0.0329688873088607,0.003674190297629553
5,2026-04-14,HighVol,0.0138524826774575,0.0015536717374377005
5,2026-04-15,HighVol,0.0161014496060576,0.0024740009405572307
5,2026-04-16,HighVol,0.009677095549218,0.005160855112804938
5,2026-04-17,HighVol,0.0053510385188775,-0.0026524221715876722
5,2026-04-20,HighVol,0.0091009797242749,0.004057215789925215
5,2026-04-21,HighVol,0.0108083561583711,0.005969751619266164
5,2026-04-22,HighVol,0.0005201968625916,9.398444823649867e-05
5,2026-04-23,HighVol,0.0144116750028655,0.0011073937360922598
5,2026-04-24,HighVol,0.0093985361960295,0.0012072697971935986
5,2026-04-27,HighVol,0.003971084352194,0.006213279158968599
5,2026-04-28,HighVol,0.0169737564578793,0.0066053219318545206
5,2026-04-29,LowVol,0.0312684217636753,0.003510056300060617
5,2026-04-30,LowVol,0.0179779601437943,0.0026990926122082317
5,2026-05-01,LowVol,0.023548182484361,0.00486446575396551
5,2026-05-04,LowVol,0.0296513948306098,0.002119788028606563
5,2026-05-05,LowVol,0.0199095738785064,0.0050907583963899815
5,2026-05-06,LowVol,0.0115557843714102,-0.0014591767239135957
5,2026-05-07,LowVol,0.0226769360507759,0.0012223101041310093
5,2026-05-08,LowVol,0.0021013576114108,-0.0012906551037885072
5,2026-05-11,LowVol,-0.0008791906612106,-0.002946233184458083
5,2026-05-12,LowVol,-0.0060283026242567,-0.00199679955677986
5,2026-05-13,LowVol,-0.0014279408000573,-0.0035841791495898807
5,2026-05-14,LowVol,-0.007284493648601,-0.004133873822979814
5,2026-05-15,LowVol,0.0087530533281254,0.0015148080905533928
5,2026-05-18,LowVol,0.0161646843859104,0.0018336912055441832
5,2026-05-19,LowVol,0.0228013045615451,0.002007433553399944
5,2026-05-20,LowVol,0.0180100884695528,0.0020121240266470753
5,2026-05-21,LowVol,0.0185265362466844,0.0023905761183209404
5,2026-05-22,LowVol,0.0173005325980573,-0.0017487887579789902
5,2026-05-26,LowVol,0.0119639000830502,-0.003654193260805454
5,2026-05-27,LowVol,0.0050368796590851,-0.0017537711465372482
5,2026-05-28,LowVol,0.0032998159119213,-0.003767001897659351
5,2026-05-29,LowVol,-0.0250237819438422,-0.004187870667413177
5,2026-06-01,LowVol,-0.0254700231946087,-0.0039857737765177014
5,2026-06-02,LowVol,-0.0296483868246829,-0.0030589503239838727
5,2026-06-03,LowVol,-0.0381973815066616,0.0009106724560061463
5,2026-06-04,LowVol,-0.0255319771466703,-0.0019096504470681593
5,2026-06-05,HighVol,0.0056945310068026,0.0031942895371863916
5,2026-06-08,LowVol,0.0211169330986142,0.003551648281955547
5,2026-06-09,LowVol,0.0180178213049169,0.002886487709330756
5,2026-06-10,HighVol,0.0214080181501259,0.003411064384734171
5,2026-06-11,HighVol,0.0147795361799543,0.004325585717621032
5,2026-06-12,HighVol,0.0061445663461701,0.0005687094323536722
5,2026-06-15,HighVol,-0.0256483071911342,0.002769812374895575
5,2026-06-16,HighVol,-0.0202591491734749,0.0029372565462587757
5,2026-06-17,HighVol,-0.0064352935172034,0.0004178751199040174
5,2026-06-18,HighVol,-0.0237699871871451,0.0007304843547816662
5,2026-06-22,HighVol,-0.0045540839905523,0.0007542444826359156
5,2026-06-23,HighVol,0.0179803186211802,0.003978097457547341
5,2026-06-24,HighVol,0.0170749273061989,0.003600979114144437
5,2026-06-25,HighVol,0.0142721526326117,0.0014391684121423693
5,2026-06-26,HighVol,0.0305766051126896,0.003053581773855543
5,2026-06-29,HighVol,0.0090553602869853,0.0006838740115039329
5,2026-06-30,HighVol,-0.0018345609509704,-0.0004736452979248865
5,2026-07-01,HighVol,0.0079784543675132,-1.8397420233580807e-06
5,2026-07-02,HighVol,0.0136550155886394,0.0008524879979844312
5,2026-07-06,HighVol,-0.0028086017256355,0.0007729756126928566
5,2026-07-07,HighVol,0.0055101509891735,0.0021128770980287956
5,2026-07-08,HighVol,0.0126240580041947,0.0025053931062770977
5,2026-07-09,HighVol,-0.0013170654116505,0.001836886701226496
5,2026-07-10,HighVol,-0.0154447764635441,0.001836886701226496
5,2026-07-13,HighVol,-0.0094504000643289,0.0026532267681549804
5,2026-07-14,HighVol,-0.0047217957680246,0.001729060452930857
5,2026-07-15,LowVol,-0.0098038240590315,0.0009886598095305522
5,2026-07-16,LowVol,-0.016703935577468,0.002124755431612342
5,2026-07-17,LowVol,-0.0058657932710645,0.0020440375950917717
5,2026-07-20,LowVol,-0.0040426361916117,0.002597141338087437
5,2026-07-21,LowVol,-0.0099161325370192,0.0022183327585850892
5,2026-07-22,LowVol,-0.0240162050505632,0.003634281113122486
5,2026-07-23,LowVol,0.0047549510965501,0.003663376420221058
5,2026-07-24,LowVol,0.0109618457788704,0.002324203780098069
5,2026-07-27,LowVol,0.0251389619390993,0.002263346495447764
5,2026-07-28,LowVol,0.0411279220645479,0.0025709681899832794
5,2026-07-29,LowVol,0.0552874110161984,0.0015234745161382996
5,2026-07-30,LowVol,0.0362280670209118,0.0003136794139746029
5,2026-07-31,LowVol,0.0351123508293746,0.000604967858708033
5,2026-08-03,HighVol,0.0202727397589672,0.001678613962581734
5,2026-08-04,HighVol,-0.0009983010050033,-0.00047091353734759236
5,2026-08-05,HighVol,0.0035074660415173,0.001147007377571169
5,2026-08-06,HighVol,0.0121265839411688,0.0018193812386556347
5,2026-08-07,HighVol,0.0039831583826213,0.002126771184479917
5,2026-08-10,HighVol,-0.0004657598968648,0.002007365862813684
5,2026-08-11,HighVol,-0.0040360067501765,0.0027127702324251587
5,2026-08-12,HighVol,-0.0044401775028056,0.0017723195870170162
5,2026-08-13,HighVol,-0.0196431701560151,0.0024513955752495336
