Date,prediction,actual_return_5d,regime,fold_id
2011-02-02,-0.0010107379472166,0.0136416201492692,LowVol,0
2011-02-03,-0.0028351327331491,0.0117759556306247,LowVol,0
2011-02-04,-0.0021964048767401,0.0149448969421184,LowVol,0
2011-02-07,-0.0009906091635848,0.0110626701548206,LowVol,0
2011-02-08,0.0016039764837262,0.0033194216759877,LowVol,0
2011-02-09,-0.0013289216770375,0.0119449062574545,LowVol,0
2011-02-10,-0.0021011282722515,0.0145855024532191,LowVol,0
2011-02-11,0.0018038714957408,0.0106677703840927,LowVol,0
2011-02-14,0.0001627685466467,-0.0119909749276747,LowVol,0
2011-02-15,0.0031578622929089,-0.0149617359678134,LowVol,0
2011-02-16,0.0039401044780922,-0.0218154054114585,LowVol,0
2011-02-17,0.0036883156952943,-0.0143018136601431,LowVol,0
2011-02-18,0.0037283529617652,-0.0102580315031165,LowVol,0
2011-02-22,-0.0031507764401807,-0.0068269970825967,LowVol,0
2011-02-23,-0.0012702336494632,0.0014505788120147,LowVol,0
2011-02-24,-0.0014136629458003,0.0193999286617554,LowVol,0
2011-02-25,0.0018377496936674,0.0010579194014372,LowVol,0
2011-02-28,0.005547492124656,-0.012917749345423,LowVol,0
2011-03-01,-0.002033409179136,0.0126018901724906,LowVol,0
2011-03-02,-0.0017794397537449,0.0089929251844773,LowVol,0
2011-03-03,-0.0037003667005432,-0.0264481091709775,LowVol,0
2011-03-04,-0.0017643187990113,-0.0123046255174358,LowVol,0
2011-03-07,0.0003846744265832,-0.0104994515126503,LowVol,0
2011-03-08,-0.0044486423858382,-0.030321516701994,LowVol,0
2011-03-09,-0.0003517852029005,-0.0469067741287612,LowVol,0
2011-03-10,-0.0045124334871421,-0.0160845859144463,HighVol,0
2011-03-11,-0.0016658707323876,-0.019297949047413,HighVol,0
2011-03-14,-0.0036963594320408,0.0019500976976205,HighVol,0
2011-03-15,-0.0042973311662577,0.0100473190732714,HighVol,0
2011-03-16,0.0085568014135685,0.0320438771091324,HighVol,0
2011-03-17,-0.0120283898124525,0.0283040404061793,HighVol,0
2011-03-18,-0.0027455250553098,0.027708099460709,HighVol,0
2011-03-21,0.0009214312134798,0.0095578481491853,HighVol,0
2011-03-22,0.0015829355904539,0.0198780714638628,HighVol,0
2011-03-23,-0.0037084632030382,0.0239856604652741,HighVol,0
2011-03-24,-0.0038707186880278,0.0129102931080689,HighVol,0
2011-03-25,-0.0035479251711757,0.0140895678533168,HighVol,0
2011-03-28,-0.001062753777009,0.0174069013916833,HighVol,0
2011-03-29,-0.0034226833419448,0.010465821851409,HighVol,0
2011-03-30,-0.0027327019811497,0.0067031013544922,HighVol,0
2011-03-31,-0.0008243079458082,0.0055058279951265,HighVol,0
2011-04-01,-6.331248113348217e-05,-0.0021778335114958,HighVol,0
2011-04-04,0.0001172815085507,-0.0060033494523356,LowVol,0
2011-04-05,-0.0004542822583793,-0.0132842877742387,LowVol,0
2011-04-06,0.0002597520201145,-0.0164594908968582,LowVol,0
2011-04-07,0.0009888465708827,-0.0132011446752667,LowVol,0
2011-04-08,0.0050776117256142,-0.0061721493566221,LowVol,0
2011-04-11,0.007901569584763,-0.0143442087062318,LowVol,0
2011-04-12,0.0108184704258125,-0.0012171083104147,LowVol,0
2011-04-13,0.0146503430094178,0.0124753051469783,LowVol,0
2011-04-14,0.0127570665334986,0.0168742078157324,LowVol,0
2011-04-15,0.0117012889070824,0.0121177911598338,LowVol,0
2011-04-18,0.0048275946273674,0.0323987082080869,LowVol,0
2011-04-19,0.0068200529127233,0.0332033294634495,LowVol,0
2011-04-20,-0.0011192093094292,0.022614381437964,LowVol,0
2011-04-21,-0.0034468142285518,0.019809071367324,LowVol,0
2011-04-25,0.0003175651178438,0.0193053573238681,LowVol,0
2011-04-26,-0.0028428448181892,0.006974067985128,LowVol,0
2011-04-27,0.0002506966548961,-0.0061908141727083,LowVol,0
2011-04-28,0.0003831515193978,-0.0183672523410769,LowVol,0
2011-04-29,0.0010637499445197,-0.0163454735659505,LowVol,0
2011-05-02,-0.0003490002926559,-0.0110114237924786,LowVol,0
2011-05-03,8.957919051233443e-05,0.0010312233938332,LowVol,0
2011-05-04,0.0034352797422359,-0.0028927194242814,LowVol,0
2011-05-05,0.0056560768748465,0.0110020024493224,LowVol,0
2011-05-06,0.0054611521246929,-0.0011921259877664,LowVol,0
2011-05-09,0.0096084201266231,-0.0113569917939571,LowVol,0
2011-05-10,0.0032738790835602,-0.0198716534368005,LowVol,0
2011-05-11,0.0037185932290519,-0.0005951473990387,LowVol,0
2011-05-12,0.0030603427260993,-0.002961342912956,LowVol,0
2011-05-13,0.0051642949089446,-0.0032080442183558,LowVol,0
2011-05-16,0.007201228056909,-0.0084840893438054,LowVol,0
2011-05-17,0.0034272345058129,-0.0091610738506584,LowVol,0
2011-05-18,0.0015089798957534,-0.0146622724601698,LowVol,0
2011-05-19,0.0040284585048292,-0.0124736774615324,LowVol,0
2011-05-20,-0.0018169366035759,-0.0007484248671315,LowVol,0
2011-05-23,-0.0031070543673245,0.0215051390001146,LowVol,0
2011-05-24,0.0015842682427179,-0.0006067565902125,LowVol,0
2011-05-25,0.0037792074216651,-0.0049851853739746,LowVol,0
2011-05-26,0.0045896220661932,-0.0193987031753499,LowVol,0
2011-05-27,0.00540105862894,-0.0334806280680588,LowVol,0
2011-05-31,-0.002385902088952,-0.0440321649903215,LowVol,0
2011-06-01,-0.0058510406597896,-0.0261619383971039,LowVol,0
2011-06-02,-0.0056838115366505,-0.0176877746000786,LowVol,0
2011-06-03,-0.0052392059078063,-0.0216223973950892,LowVol,0
2011-06-06,0.0042601620575504,-0.0103846268995835,LowVol,0
2011-06-07,0.0059045793213968,0.0027913878794472,LowVol,0
2011-06-08,0.0067438969250437,-0.0109015658718797,LowVol,0
2011-06-09,-0.0017921028284777,-0.0162286592960536,LowVol,0
2011-06-10,-0.006931354486255,0.0006261897527068,LowVol,0
2011-06-13,-0.0126859340216717,0.0049578317340632,LowVol,0
2011-06-14,-0.0126303466206283,0.0059678726051026,LowVol,0
2011-06-15,-0.0078611708981091,0.0180119926434891,HighVol,0
2011-06-16,-0.0096198590487113,0.0128520865133863,HighVol,0
2011-06-17,-0.0064582196265651,-0.001889277871149,HighVol,0
2011-06-20,-0.0037637146003264,0.0018791949441112,HighVol,0
2011-06-21,-0.0063463824478336,0.0012359884665633,HighVol,0
2011-06-22,-0.0067326563860627,0.0159323395519745,HighVol,0
2011-06-23,-0.0070855332862942,0.028604886765581,HighVol,0
2011-06-24,-0.0048143635459232,0.0560680055034079,HighVol,0
2011-06-27,0.0002612909492796,0.0458810141228076,HighVol,0
2011-06-28,-0.0021203507515766,0.0336393572486111,HighVol,0
2011-06-29,-0.0061588843741412,0.0354957340785475,HighVol,0
2011-06-30,-0.0051212052034206,0.018413196538175,HighVol,0
2011-07-01,-0.0050609309366348,-0.014560810617856,HighVol,0
2011-07-05,-0.0008641839191724,-0.018010711479337,HighVol,0
2011-07-06,-0.0037216635448607,-0.0158989214634476,HighVol,0
2011-07-07,-0.0014277186960676,-0.0327271625152859,HighVol,0
2011-07-08,-0.0003249656052404,-0.0201634310271798,HighVol,0
2011-07-11,0.0031993502944985,-0.010305401515939,HighVol,0
2011-07-12,0.0028304917047939,0.0101217268245037,HighVol,0
2011-07-13,0.0026108871312999,0.0061437837682261,HighVol,0
2011-07-14,0.0031805773855256,0.0271899662771339,LowVol,0
2011-07-15,0.0051175321222464,0.021945469842828,LowVol,0
2011-07-18,0.0046431338503483,0.0246537767335652,HighVol,0
2011-07-19,0.002940065384687,0.0045210737718597,HighVol,0
2011-07-20,0.0004329966607355,-0.0154541558486003,HighVol,0
2011-07-21,-0.0038556481054126,-0.0317497833858837,HighVol,0
2011-07-22,-0.0003623576697204,-0.0390104511233411,HighVol,0
2011-07-25,-0.0002210457004264,-0.0377346306517719,HighVol,0
2011-07-26,0.0017136868888309,-0.0588017088005911,HighVol,0
2011-07-27,-0.005866200681236,-0.0339205018282257,HighVol,0
2011-07-28,-0.0022976786828275,-0.0764859555406586,HighVol,0
2011-07-29,0.0018727375162548,-0.0715225012759611,HighVol,0
2011-08-01,0.0031104206333509,-0.1282806911665461,LowVol,0
2011-08-02,-0.0089932610877592,-0.0638300701803297,HighVol,0
2011-08-03,0.0002971069848588,-0.1100103381661301,HighVol,0
2011-08-04,0.0486625637284194,-0.0243638924540012,HighVol,0
2011-08-05,0.0295915834843698,-0.0163222580058356,HighVol,0
2011-08-08,-0.0015366084386557,0.0744698313014931,HighVol,0
2011-08-09,-0.0451316349220002,0.0179606921988118,HighVol,0
2011-08-10,-0.0142765574823386,0.0657229158935386,HighVol,0
2011-08-11,-0.0623058425122787,-0.0240346745053149,HighVol,0
2011-08-12,-0.0526759949040456,-0.0463933881256143,HighVol,0
2011-08-15,-0.0444783283156423,-0.0654119659586537,HighVol,0
2011-08-16,-0.023096040840171,-0.0263401465644163,HighVol,0
2011-08-17,-0.0015511078423735,-0.0132869001402741,HighVol,0
2011-08-18,0.0131747986738223,0.0154570657928967,HighVol,0
2011-08-19,0.0055120394690475,0.0473187215963279,HighVol,0
2011-08-22,0.0382753598090366,0.076554650794234,HighVol,0
2011-08-23,0.0499714294581035,0.0450019297107548,HighVol,0
2011-08-24,0.0038298388461847,0.0350613187785708,HighVol,0
2011-08-25,0.0453780701109735,0.0400754938318486,HighVol,0
2011-08-26,0.0292965400139824,-0.0010175151713666,HighVol,0
2011-08-29,0.0005246470790855,-0.0360084012290807,HighVol,0
2011-08-30,0.0046219305698627,-0.0114235916233143,HighVol,0
2011-08-31,0.0047512283208243,-0.0260187148138192,HighVol,0
2011-09-01,0.0119122156938139,-0.0415078470387004,HighVol,0
2011-09-02,0.0218760141863082,-0.010012554044174,HighVol,0
2011-09-06,0.0115791263011326,0.006410532908291,HighVol,0
2011-09-07,-0.020283281635893,-0.0076481835564055,HighVol,0
2011-09-08,0.0025861854565401,0.0200774284682887,HighVol,0
2011-09-09,-0.0152636809220158,0.0537326071855994,HighVol,0
2011-09-12,-0.0057642138493483,0.0365344137027827,HighVol,0
2011-09-13,-0.0094085129689698,0.0259190311853663,HighVol,0
2011-09-14,-0.0115389794934897,-0.0178991698875402,HighVol,0
2011-09-15,-0.014036805989459,-0.0657675673747749,HighVol,0
2011-09-16,0.0034738354397081,-0.0656684170339956,HighVol,0
2011-09-19,-0.0007919611563832,-0.0338294390794186,HighVol,0
2011-09-20,-0.003804378522542,-0.0218856848356451,HighVol,0
2011-09-21,0.0010479796361418,-0.0127752189003182,HighVol,0
2011-09-22,0.0146908649963637,0.0282652581861582,HighVol,0
2011-09-23,0.0221233362872268,-0.003434543271459,HighVol,0
2011-09-26,0.0051309476153151,-0.0542841188835041,HighVol,0
2011-09-27,0.0064685715450168,-0.0442403419966406,HighVol,0
2011-09-28,0.0023744800455877,-0.0062534213619325,HighVol,0
2011-09-29,-0.0070643778033532,0.0037917443573884,HighVol,0
2011-09-30,0.0028142568681702,0.0226247948089446,HighVol,0
2011-10-03,-0.00874435676719,0.0877827322920763,HighVol,0
2011-10-04,-0.0266772034360162,0.0655159118441179,HighVol,0
2011-10-05,-0.0045959488488055,0.055322488299782,HighVol,0
2011-10-06,-0.0140047385762543,0.0345092766840879,HighVol,0
2011-10-07,-0.0067898553885548,0.0592861299702394,HighVol,0
2011-10-10,-0.0188878557554361,0.0054360433524829,HighVol,0
2011-10-11,-0.014785188317756,0.0240597023205955,HighVol,0
2011-10-12,-0.0135895943111923,0.0031471335255734,HighVol,0
2011-10-13,-0.0126668344627022,0.0095426978901476,HighVol,0
2011-10-14,-0.021046469463285,0.0114218375239096,HighVol,0
2011-10-17,-0.0211742263261032,0.0437493521970802,HighVol,0
2011-10-18,-0.0230234253413517,0.0038345145327884,HighVol,0
2011-10-19,-0.0134764172892896,0.0261705127895528,HighVol,0
2011-10-20,0.0012190570493702,0.0572908082587169,HighVol,0
2011-10-21,0.0012537575187805,0.0373477867558973,HighVol,0
2011-10-24,-0.0069854587072614,7.953768601876021e-05,HighVol,0
2011-10-25,-4.016702950618409e-05,-0.0085332024787416,HighVol,0
2011-10-26,0.0026256210393038,-0.0024945998833358,HighVol,0
2011-10-27,-0.014107707493335,-0.018502825726868,HighVol,0
2011-10-28,-0.0007182887206664,-0.0242611974225326,HighVol,0
2011-10-31,0.0138439952592686,0.0060558012497136,HighVol,0
2011-11-01,0.0126690713187759,0.0481969998288405,HighVol,0
2011-11-02,-0.0047284476594766,-0.0066933713951964,HighVol,0
2011-11-03,0.0070236938083331,-0.0152870170802451,HighVol,0
2011-11-04,0.0185629764388478,0.0094039939448882,HighVol,0
2011-11-07,0.0171070213114407,-0.0063361076894106,HighVol,0
2011-11-08,0.0128036199082115,-0.0140759454699108,HighVol,0
2011-11-09,-0.0107771030559738,0.0074696213386391,HighVol,0
2011-11-10,0.0099545412154958,-0.0177764861320626,HighVol,0
2011-11-11,-0.0045708140258274,-0.0369493048057244,HighVol,0
2011-11-14,0.0194222906174942,-0.0462297758564437,HighVol,0
2011-11-15,-0.0013560305765937,-0.0546478523502664,HighVol,0
2011-11-16,0.0056225473013711,-0.0606062392041101,HighVol,0
2011-11-17,-0.0047104344541002,-0.0472525041960169,HighVol,0
2011-11-18,0.0068238175383174,-0.0186095897613636,HighVol,0
2011-11-21,0.0024847471700342,0.0032592960135338,HighVol,0
2011-11-22,0.0114534232062723,0.0486615243128114,HighVol,0
2011-11-23,-0.0155862886293897,0.0721517624366774,HighVol,0
2011-11-25,0.0075491180653999,0.0732336025371689,HighVol,0
2011-11-28,-0.0048391191377757,0.0543812921513049,HighVol,0
2011-11-29,-0.0164056938487289,0.0517282481889065,HighVol,0
2011-11-30,-0.0091993800929618,0.0139213308891636,HighVol,0
2011-12-01,-0.0007269517716237,-0.0081618648207992,HighVol,0
2011-12-02,0.0006162273417922,0.0095308657140362,HighVol,0
2011-12-05,-0.0039065261834355,-0.0159247562606813,HighVol,0
2011-12-06,-0.008930694056874,-0.0254234833908851,HighVol,0
2011-12-07,-0.0024532013014683,-0.0393753549536064,HighVol,0
2011-12-08,0.0058411296471978,-0.0142800319137679,HighVol,0
2011-12-09,0.0053039195886125,-0.0292651077184863,HighVol,0
2011-12-12,0.0080656625352138,-0.0254174265806349,HighVol,0
2011-12-13,0.0120700806645688,0.0135391134226612,HighVol,0
2011-12-14,0.0130844327487566,0.0264296815101006,HighVol,0
2011-12-15,0.00801330378332,0.03179309061288,HighVol,0
2011-12-16,0.0040221727960256,0.039476811684916,HighVol,0
2011-12-19,0.0008444861955025,0.0515422442703059,HighVol,0
2011-12-20,0.0054896741024495,0.0072618502191192,HighVol,0
2011-12-21,0.0059587397266429,0.0157044564830559,HighVol,0
2011-12-22,0.0066853282583617,0.0018361600854404,HighVol,0
2011-12-23,0.0027519215305564,0.0087824406817167,HighVol,0
2011-12-27,-0.0003240666493829,0.0095658249713719,HighVol,0
2011-12-28,0.0046331284674298,0.0257150357540494,HighVol,0
2011-12-29,-0.0029416262125871,0.0126067939336957,HighVol,0
2011-12-30,0.0009633926431838,0.0200796780202967,HighVol,0
2012-01-03,-0.0015730588535691,0.0127839706743961,HighVol,0
2012-01-04,-0.0020116302891813,0.0117461866438426,HighVol,0
2012-01-05,-0.0024039151142453,0.0114810736038999,HighVol,0
2012-01-06,-0.0012082814528083,0.0088480686444465,HighVol,0
2012-01-09,-0.0013505337005608,0.0103110078254582,HighVol,0
2012-01-10,-0.0002796872932216,0.0127004768591554,HighVol,0
2012-01-11,0.0014288043327865,0.0174928203946398,HighVol,0
2012-01-12,0.0031902249803606,0.0188401282774728,HighVol,0
2012-01-13,0.0017101794626865,0.0214996066327166,LowVol,0
2012-01-17,0.0031354107611737,0.0163911200789796,LowVol,0
2012-01-18,0.0030820234611041,0.0136878124438906,LowVol,0
2012-01-19,0.0038452259206671,0.0031946998773424,LowVol,0
2012-01-20,0.002375063806371,-0.0009854313783351,LowVol,0
2012-01-23,0.0025247718868445,-0.0018238145727582,LowVol,0
2012-01-24,0.0036883156952943,-0.0010650742593858,LowVol,0
2012-01-25,0.0033725590662476,-0.0006784273582685,LowVol,0
2012-01-26,0.0035010365332815,0.0060660657217062,LowVol,0
2012-01-27,0.0050170015987049,0.0206343882831276,LowVol,0
2012-01-30,0.0080398370358254,0.0234455328488401,LowVol,0
2012-01-31,0.0099700431188899,0.026423429037969,LowVol,0
2012-02-01,0.0047814838715266,0.0205328388131158,LowVol,0
2012-02-02,0.0048828629929389,0.0201990335052117,LowVol,0
2012-02-03,0.0006796254875178,-0.0013379803656801,LowVol,0
2012-02-06,0.0016863483167529,0.0067684419940379,LowVol,0
2012-02-07,0.0027387890510925,0.0029679544267675,LowVol,0
2012-02-08,0.0024667631468772,-0.0046602342320484,LowVol,0
2012-02-09,0.0022406971454308,0.0050976483391653,LowVol,0
2012-02-10,0.0030291051944359,0.0152575224001398,LowVol,0
2012-02-13,0.0029682047298852,0.0082001578206274,LowVol,0
2012-02-14,0.0032376637027748,0.0062134761514931,LowVol,0
2012-02-15,0.0074201361459866,0.0153838698739954,LowVol,0
2012-02-16,-0.0015458155827755,0.0064674650102436,LowVol,0
2012-02-17,0.0026149335479659,0.0054981219753185,LowVol,0
2012-02-21,0.0027352183670189,0.0079868121499881,LowVol,0
2012-02-22,0.0074264074549238,0.0072779622687439,LowVol,0
2012-02-23,0.0026662254379271,0.0080506236751916,LowVol,0
2012-02-24,0.0038429981037265,0.0027757715199745,LowVol,0
2012-02-27,0.0032139959586497,-0.0029890532163734,LowVol,0
2012-02-28,0.0040169280660974,-0.0204272878685913,LowVol,0
2012-02-29,0.0074262753932735,-0.0097066267613987,LowVol,0
2012-03-01,0.0020716383613187,-0.0050096457534052,LowVol,0
2012-03-02,0.0091912232417313,0.0018934994524613,LowVol,0
2012-03-05,0.0043706806933963,0.0060693473507329,LowVol,0
2012-03-06,0.0063637982526715,0.0394065507491283,LowVol,0
2012-03-07,0.0072092768022657,0.0311002454259812,LowVol,0
2012-03-08,0.0061232636622149,0.0268537316264949,LowVol,0
2012-03-09,0.0011356466857338,0.0243137080224986,LowVol,0
2012-03-12,0.0005210421327107,0.0282544646996385,LowVol,0
2012-03-13,-0.00500812259466,0.0071073932946226,LowVol,0
2012-03-14,-0.00163105947169,0.0065360275346855,LowVol,0
2012-03-15,-0.0022972260458354,-0.0064669308289625,LowVol,0
2012-03-16,-0.0019565132312522,-0.0046329307780308,LowVol,0
2012-03-19,-0.0012966546931519,0.0053959081810555,LowVol,0
2012-03-20,0.0027222111543287,0.0051977226650854,LowVol,0
2012-03-21,0.002601904634886,0.0018546127530079,LowVol,0
2012-03-22,0.0046932475174325,0.0073995110119247,LowVol,0
2012-03-23,0.0054020931500701,0.0083064818255147,LowVol,0
2012-03-26,-0.0007606110416678,0.0016244525119326,LowVol,0
2012-03-27,0.0035967924405748,0.0006375945440302,LowVol,0
2012-03-28,0.0051515570716743,-0.0043428521473015,LowVol,0
2012-03-29,0.0019829692744626,-0.0031377363996037,LowVol,0
2012-03-30,0.0038917588379805,-0.0183933620639493,LowVol,0
2012-04-02,0.0040611635839261,-0.0418787197536777,LowVol,0
2012-04-03,0.0058712280483796,-0.0301572227118376,LowVol,0
2012-04-04,0.0040690669257045,-0.0076505827261069,LowVol,0
2012-04-05,0.0049583943116802,-0.0189569478640395,LowVol,0
2012-04-09,0.0004586370096394,-0.0084649932432279,LowVol,0
2012-04-10,0.0043297513285025,0.0233998950332148,LowVol,0
2012-04-11,0.0006820269918713,0.0117521646583369,LowVol,0
2012-04-12,0.002107787607379,-0.0077097767326373,LowVol,0
2012-04-13,-0.0028657915523099,0.0059064062114013,LowVol,0
2012-04-16,-8.018271471748113e-06,-0.0018968758442716,LowVol,0
2012-04-17,-0.0060869592801979,-0.0127264297743004,LowVol,0
2012-04-18,-0.001089898502059,0.0041840850712944,LowVol,0
2012-04-19,-0.0021992053385096,0.0177170864718114,LowVol,0
2012-04-20,-0.0008150433134367,0.0176876106848873,LowVol,0
2012-04-23,-0.002795650073633,0.0225160053092525,LowVol,0
2012-04-24,0.0031346507735124,0.0249801105152553,LowVol,0
2012-04-25,-0.0022436738356184,0.0081185675996822,LowVol,0
2012-04-26,-0.0032825779745881,-0.0064923468853895,LowVol,0
2012-04-27,-0.0034516001303911,-0.024147372032244,LowVol,0
2012-04-30,-0.0037258712025418,-0.0198041561661784,LowVol,0
2012-05-01,-0.0023369408822605,-0.0297712278225203,LowVol,0
2012-05-02,-0.0001532584991754,-0.032639597137874,LowVol,0
2012-05-03,0.0042227235484829,-0.0231956703531108,LowVol,0
2012-05-04,-0.0062912189616643,-0.0101459148786815,HighVol,0
2012-05-07,0.0039257573063137,-0.0218087924068764,LowVol,0
2012-05-08,-0.0036825416477629,-0.0235081704493079,LowVol,0
2012-05-09,0.0036671909950115,-0.0214382413371483,LowVol,0
2012-05-10,0.0027292675865856,-0.0379357659778012,LowVol,0
2012-05-11,0.0048309790507764,-0.0432857994851614,LowVol,0
2012-05-14,0.0034789494161681,-0.0159572067663317,LowVol,0
2012-05-15,0.0040961111409896,-0.0085493963288081,LowVol,0
2012-05-16,-0.0044975073516875,-0.0042157006639803,LowVol,0
2012-05-17,0.0082647607256147,0.0127619590692034,LowVol,0
2012-05-18,0.0091831315690925,0.0181903708799728,LowVol,0
2012-05-21,-0.0042679453999772,0.0131089906319477,LowVol,0
2012-05-22,-0.0031017535949448,-0.0033281784692343,LowVol,0
2012-05-23,-0.0070901233342118,-0.0060482531190568,LowVol,0
2012-05-24,-0.0052660617332263,-0.032973612611177,LowVol,0
2012-05-25,-0.0052822853006354,-0.0302800344194079,LowVol,0
2012-05-29,-0.0050656482959089,-0.0346292519633447,LowVol,0
2012-05-30,-0.001146785226305,0.0015934748414778,LowVol,0
2012-05-31,-0.0016008513340126,0.0044114674504516,LowVol,0
2012-06-01,0.0047885371560295,0.0385455329430781,HighVol,0
2012-06-04,0.0094345465776721,0.0258389089373431,LowVol,0
2012-06-05,0.0007545123283662,0.0298286155634819,HighVol,0
2012-06-06,-0.0030862384377923,0.0007582042043807,HighVol,0
2012-06-07,-0.0050342303825426,0.0107538465696197,HighVol,0
2012-06-08,-0.003264371490443,0.0130356735297549,HighVol,0
2012-06-11,-0.0038376820374415,0.0280523499027969,HighVol,0
2012-06-12,-0.0011972888883257,0.0262044044319129,HighVol,0
2012-06-13,-0.0018071786216278,0.0311348522499805,HighVol,0
2012-06-14,-0.0045814178884024,-0.002576128452605,HighVol,0
2012-06-15,-0.0045062667383678,-0.0050693520866246,HighVol,0
2012-06-18,-0.0032055889455071,-0.0229162532399267,HighVol,0
2012-06-19,-0.002861041087074,-0.0274135431787193,HighVol,0
2012-06-20,-0.0036933461513602,-0.0170507429236375,HighVol,0
2012-06-21,-0.0022350733265184,0.0026427117984821,HighVol,0
2012-06-22,0.0029997360273437,0.0197811251189525,HighVol,0
2012-06-25,0.0039845616688255,0.0395218119699296,HighVol,0
2012-06-26,0.0039880961999691,0.0411427874022527,HighVol,0
2012-06-27,0.0076402843648574,0.0271832729736987,HighVol,0
2012-06-28,0.0002981518956846,0.0203329626651074,HighVol,0
2012-06-29,-0.0007591955198947,-0.0057308990281742,HighVol,0
2012-07-02,0.0021892209061068,-0.0173614441228373,HighVol,0
2012-07-03,0.0035086746820869,-0.0236519689386914,HighVol,0
2012-07-05,0.0020643009432238,-0.0239784674268421,HighVol,0
2012-07-06,-0.0032212408061552,0.001919307254637,HighVol,0
2012-07-09,-0.0001112666445765,0.0008128215921296,HighVol,0
2012-07-10,0.0026910636556977,0.016549828409937,HighVol,0
2012-07-11,0.0022335518229662,0.0239266641924236,HighVol,0
2012-07-12,-0.0002958732407716,0.0316080217713228,HighVol,0
2012-07-13,-0.0001243904797668,0.0053034341627831,HighVol,0
2012-07-16,-0.0005499892888168,-0.0025108199613024,HighVol,0
2012-07-17,-0.0032326715257337,-0.0178206629012398,HighVol,0
2012-07-18,-0.0027971001720052,-0.0248230766932247,HighVol,0
2012-07-19,-0.0037545122765966,-0.0113265049863712,HighVol,0
2012-07-20,-0.0022350083108407,0.0161941449963565,HighVol,0
2012-07-23,-0.0003292368036075,0.026574947792691,HighVol,0
2012-07-24,-0.0026074635177901,0.0282239451108143,LowVol,0
2012-07-25,0.0007302385500819,0.0270974567271859,LowVol,0
2012-07-26,0.0005584352281817,0.0034516442294196,HighVol,0
2012-07-27,-0.0032746976475297,0.0048314342578734,HighVol,0
2012-07-30,-0.002837006847862,0.0067783443114424,LowVol,0
2012-07-31,-0.0031359344073793,0.0189528090741584,LowVol,0
2012-08-01,-0.0035290069403835,0.0210770888388012,LowVol,0
2012-08-02,-0.0017924093099674,0.0290547174291999,LowVol,0
2012-08-03,-0.0020751114733432,0.0106925365766628,HighVol,0
2012-08-06,-0.0011252879312455,0.0082365979462601,HighVol,0
2012-08-07,0.000528111999778,0.0033492138400528,HighVol,0
2012-08-08,-0.0006389107642642,0.0032737794189252,HighVol,0
2012-08-09,-0.0030101071377983,0.009814131804692,LowVol,0
2012-08-10,-0.0002596239130253,0.009514049935174,LowVol,0
2012-08-13,-9.98841658368748e-05,0.0100877294507073,LowVol,0
2012-08-14,0.0018009495988337,0.0068897558915788,LowVol,0
2012-08-15,0.0030053029347265,0.0061730047873014,LowVol,0
2012-08-16,0.0022303869791141,-0.0093667789190409,LowVol,0
2012-08-17,0.0035131435443546,-0.0047121587226963,LowVol,0
2012-08-20,0.0030644317980652,-0.0045719318926213,LowVol,0
2012-08-21,0.0073229102959872,-0.0025396399767174,LowVol,0
2012-08-22,0.007733546491081,-0.0021861708081486,LowVol,0
2012-08-23,0.0102443547380644,-0.001208489549186,LowVol,0
2012-08-24,0.0051746777877583,-0.0024730532464262,LowVol,0
2012-08-27,0.0070563004035363,-0.0036032039046989,LowVol,0
2012-08-28,0.0087784667347464,-0.0034652716153841,LowVol,0
2012-08-29,0.0089340652662381,0.0159709516082613,LowVol,0
2012-08-30,0.0090630372923159,0.0273328214093611,LowVol,0
2012-08-31,0.0048201907188684,0.0166473108508193,LowVol,0
2012-09-04,0.0054842096620586,0.0204215279581536,LowVol,0
2012-09-05,0.0064455491563788,0.0246973004595587,LowVol,0
2012-09-06,-0.0059751457436931,0.0196145463377572,LowVol,0
2012-09-07,-0.0026059602910449,0.0201620343631567,LowVol,0
2012-09-10,-0.0026869256474229,0.0225076855288388,LowVol,0
2012-09-11,-0.0032192140997097,0.0188312998410629,LowVol,0
2012-09-12,-0.0020560224606046,0.01599790306287,LowVol,0
2012-09-13,-0.0034151862698271,0.0008182110923573,LowVol,0
2012-09-14,-0.0045249953108194,-0.0040159854612763,LowVol,0
2012-09-17,-0.0027072989299214,-0.0021298405300875,LowVol,0
2012-09-18,-0.0012518672577141,-0.011940744473495,LowVol,0
2012-09-19,-0.0022103605568798,-0.0180307119969388,LowVol,0
2012-09-20,0.0020229412579418,-0.0088466403332916,LowVol,0
2012-09-21,0.0055269536026006,-0.0130249876083732,LowVol,0
2012-09-24,0.0089066398535336,-0.0089252838536001,LowVol,0
2012-09-25,0.00615369345875,0.0027756562725032,LowVol,0
2012-09-26,0.0030134621280932,0.0125620102565486,LowVol,0
2012-09-27,0.0103882631787397,0.0103020285519725,LowVol,0
2012-09-28,0.0105205225015407,0.0150724388738723,LowVol,0
2012-10-01,0.0106543393420625,0.0089362901747993,LowVol,0
2012-10-02,0.009929024508379,-0.002076046953773,LowVol,0
2012-10-03,0.0067072216552378,-0.012474981818599,LowVol,0
2012-10-04,0.0004336793767592,-0.0189558231549038,LowVol,0
2012-10-05,8.603257965020322e-07,-0.022239020612366,LowVol,0
2012-10-08,0.0021843644184969,-0.0107113959133565,LowVol,0
2012-10-09,0.0039970035529619,0.0092919341907657,LowVol,0
2012-10-10,0.0073963059538697,0.0203794066561333,LowVol,0
2012-10-11,0.0075801663344864,0.0171598180234036,LowVol,0
2012-10-12,0.0067955606273008,0.0034992223423711,LowVol,0
2012-10-15,0.0087579454699876,-0.00465010648212,LowVol,0
2012-10-16,-8.89111789775057e-05,-0.0283076785212023,LowVol,0
2012-10-17,-0.0015033525803486,-0.0354307116551009,LowVol,0
2012-10-18,-0.0002857012896301,-0.0301061231119396,LowVol,0
2012-10-19,-0.003114867072656,-0.0142266171286057,LowVol,0
2012-10-22,0.0020316294234044,-0.0143639508005892,LowVol,0
2012-10-23,-0.0057768307645817,0.0099702560947778,LowVol,0
2012-10-24,-0.0013139151030796,0.0038293209874424,LowVol,0
2012-10-25,-0.0028053905424419,0.0029699395381221,LowVol,0
2012-10-26,-0.0012191305239473,0.0113899508848496,LowVol,0
2012-10-31,0.0020634022515027,-0.0115321182144959,LowVol,0
2012-11-01,0.0005571189474247,-0.03353664339849,LowVol,0
2012-11-02,-0.0051332525128454,-0.0240181901142514,LowVol,0
2012-11-05,-0.0023972563724938,-0.0252378724280789,LowVol,0
2012-11-06,-0.0034120734375176,-0.0361641795277148,LowVol,0
2012-11-07,-0.0033724431375909,-0.0271256290913703,LowVol,0
2012-11-08,0.0021289091463177,-0.01695169359234,LowVol,0
2012-11-09,-0.002110046189072,-0.0129557582906459,LowVol,0
2012-11-12,0.0001572156062894,0.0062193508985457,LowVol,0
2012-11-13,0.0044286450771288,0.0101605249471146,LowVol,0
2012-11-14,0.0041656739683568,0.0258953746093322,LowVol,0
2012-11-15,-0.0028522825221176,0.0416366767917473,LowVol,0
2012-11-16,-0.0050902604255589,0.0343180637541926,LowVol,0
2012-11-19,-0.0050159970863821,0.0086254711724911,HighVol,0
2012-11-20,-0.0052406232275024,0.0163087228401985,HighVol,0
2012-11-21,-0.0037316123928073,0.0191466046714543,HighVol,0
2012-11-23,-0.0013666828139323,0.0056591769285081,HighVol,0
2012-11-26,-0.0049084014243304,0.0028362257947973,HighVol,0
2012-11-27,-0.0045306349257604,0.006555586037318,HighVol,0
2012-11-28,-0.0077345741225767,0.000282540533897,HighVol,0
2012-11-29,-0.0068897338196485,-0.0009847425158718,HighVol,0
2012-11-30,-0.0039348450387742,0.0018288587098085,HighVol,0
2012-12-03,-0.0021125754875113,0.0072105941794173,HighVol,0
2012-12-04,0.0022234113658259,0.0155044775735002,HighVol,0
2012-12-05,0.0025524926592558,0.0142048822834148,LowVol,0
2012-12-06,0.0030444599463136,0.0045783021528138,LowVol,0
2012-12-07,0.0026690452718105,-0.0021766286822157,LowVol,0
2012-12-10,0.0026781990779146,0.0091247747498437,LowVol,0
2012-12-11,0.0010224693764334,0.013454875719661,LowVol,0
2012-12-12,0.0028573914843463,0.0054351207989273,LowVol,0
2012-12-13,0.0086582056315579,0.0174573199449541,LowVol,0
2012-12-14,0.008050883735662,0.0119827290086409,LowVol,0
2012-12-17,0.0011438543166571,-0.0028545740615869,LowVol,0
2012-12-18,0.0023922492228815,-0.0179859861853196,LowVol,0
2012-12-19,-0.0002184489744806,-0.0119621894581165,LowVol,0
2012-12-20,-0.0014841438579626,-0.0282306540245635,LowVol,0
2012-12-21,-0.0043356548172253,-0.0026615674875796,LowVol,0
2012-12-24,0.0055629598849937,0.0260629474770004,LowVol,0
2012-12-26,0.0047997321809621,0.0280773885580623,LowVol,0
2012-12-27,0.0001569622355174,0.0339789385959019,LowVol,0
2012-12-28,-0.0014357063870292,0.0424196208018041,LowVol,0
2012-12-31,-0.0035262254450629,0.0220493329268611,LowVol,0
2013-01-02,-0.0015085794464879,-0.0009587314646184,LowVol,0
2013-01-03,0.0005165654390418,0.0092640503202996,LowVol,0
2013-01-04,0.0008232643992305,0.0047821923391719,LowVol,0
2013-01-07,0.000557006672034,0.0068509041004398,LowVol,0
2013-01-08,-0.0016772330673236,0.0104430034055351,HighVol,0
2013-01-09,0.0014494372159357,0.0077441032884195,HighVol,0
2013-01-10,-1.884116480824057e-05,0.0062547707013,HighVol,0
2013-01-11,0.0001818243202023,0.0085676958301079,HighVol,0
2013-01-14,-0.0008718937198931,0.0146964867507475,LowVol,0
2013-01-15,9.451797588853498e-05,0.0156391036381626,LowVol,0
2013-01-16,0.0041090254878392,0.0160488985344826,LowVol,0
2013-01-17,0.0012622565030114,0.0152028983174161,LowVol,0
2013-01-18,0.0011156851565186,0.0117304024318074,LowVol,0
2013-01-22,0.0027659161453941,0.0102597601297429,LowVol,0
2013-01-23,0.0037874146165052,0.0046862090349848,LowVol,0
2013-01-24,0.0030550889051639,0.0019407639715811,LowVol,0
2013-01-25,0.0033066189770765,0.0065887411907674,LowVol,0
2013-01-28,0.0040389446884179,-0.0035313760356928,LowVol,0
2013-01-29,0.0050873728180252,0.002588087401051,LowVol,0
2013-01-30,0.0036457590247763,0.0072635737566453,LowVol,0
2013-01-31,0.0045576342689298,0.0084172393996111,LowVol,0
2013-02-01,0.0016124330566192,0.0037030089623679,LowVol,0
2013-02-04,0.0050187858070394,0.0149123776312729,LowVol,0
2013-02-05,0.0031619809284272,0.0064219379419372,LowVol,0
2013-02-06,0.0026368537152565,0.0065492644534361,LowVol,0
2013-02-07,0.0016421058038356,0.0088101504785769,LowVol,0
2013-02-08,0.0029784479804571,0.0020419725511802,LowVol,0
2013-02-11,0.003313619124631,0.0097510530118123,LowVol,0
2013-02-12,0.0050716867486417,-0.0044728208372265,LowVol,0
2013-02-13,0.0022535075884151,-0.0113706006326567,LowVol,0
2013-02-14,0.0011750891938667,-0.0026266245367118,LowVol,0
2013-02-15,0.0048956619108419,-0.0204457567954047,LowVol,0
2013-02-19,0.0016057518680177,-0.0210767093372257,LowVol,0
2013-02-20,0.0045572067566038,0.0037665798388599,LowVol,0
2013-02-21,0.0063825079128394,0.007911029609662,LowVol,0
2013-02-22,0.0031627449493741,0.0014481728866437,LowVol,0
2013-02-25,-0.0003132185238187,0.0263086189690124,LowVol,0
2013-02-26,0.0002621725756735,0.0284630498679079,LowVol,0
2013-02-27,-0.0016187522638477,0.0170494549419686,LowVol,0
2013-02-28,-0.0008740362823862,0.0209088468314571,LowVol,0
2013-03-01,-0.004135861852891,0.0218929092058233,LowVol,0
2013-03-04,-0.002166355937568,0.020337523403525,LowVol,0
2013-03-05,0.0002647675204239,0.0090084222484043,LowVol,0
2013-03-06,-0.0012354937351511,0.0090614039533152,LowVol,0
2013-03-07,-0.0036931102351776,0.012598841890465,LowVol,0
2013-03-08,-0.0014356680124676,0.0069673309251034,LowVol,0
2013-03-11,-0.0003340598479656,-0.002375871826188,LowVol,0
2013-03-12,0.0008765059510525,-0.0024555133745285,LowVol,0
2013-03-13,0.0009251534428958,0.0030946525286748,LowVol,0
2013-03-14,0.0013397308215421,-0.0107410384842773,LowVol,0
2013-03-15,0.0011199375539736,-0.001476259637317,LowVol,0
2013-03-18,0.0046987333489997,-0.0001286829793893,LowVol,0
2013-03-19,0.0048106695074126,0.0102190743723757,LowVol,0
2013-03-20,0.0051723754025897,0.0032110429061165,LowVol,0
2013-03-21,0.0094912822100917,0.0149646489353165,LowVol,0
2013-03-22,0.005724948489591,0.0028924038669881,LowVol,0
2013-03-25,0.0094560776773882,0.0120677578083276,LowVol,0
2013-03-26,0.0039551895387277,-0.0061459295127457,LowVol,0
2013-03-27,0.0033257818477427,-0.002112471906273,LowVol,0
2013-03-28,0.0027894267130025,-0.0096377689678979,LowVol,0
2013-04-01,0.006179506175112,0.0010249743649148,LowVol,0
2013-04-02,0.0019559960376743,-0.0004461446394211,LowVol,0
2013-04-03,0.0024644156136224,0.0221605400536815,LowVol,0
2013-04-04,0.0027120490537738,0.0213654420032425,LowVol,0
2013-04-05,0.0058501243225206,0.0234593644361462,LowVol,0
2013-04-08,0.00467131757013,-0.0069776656043719,LowVol,0
2013-04-09,0.0027610356128368,0.0042108858700498,LowVol,0
2013-04-10,-0.0015668210995196,-0.0224366020462998,LowVol,0
2013-04-11,-0.0004479881604959,-0.0317234169429203,LowVol,0
2013-04-12,-0.0008610466554405,-0.0209067059140836,LowVol,0
2013-04-15,-0.0002784363141833,0.0067691468374104,LowVol,0
2013-04-16,-0.0033182071917962,0.00235014270503,LowVol,0
2013-04-17,-0.0003283611447848,0.0178588297740356,HighVol,0
2013-04-18,-0.0027235641123737,0.0284159806639758,HighVol,0
2013-04-19,0.0028579592692974,0.0177514902099424,HighVol,0
2013-04-22,0.0018026414710484,0.0200419204320214,HighVol,0
2013-04-23,-0.004790601799852,0.0120420198295361,HighVol,0
2013-04-24,-0.0026978468421644,0.0025328249791827,HighVol,0
2013-04-25,-0.0019744756135134,0.0077595487762502,HighVol,0
2013-04-26,-0.0019393955898748,0.0197799896980856,HighVol,0
2013-04-29,-0.0039028300465282,0.015568837396239,HighVol,0
2013-04-30,-0.0020081249255939,0.0182868552910167,HighVol,0
2013-05-01,0.000620580809406,0.0319687245032442,HighVol,0
2013-05-02,-0.000189890031641,0.0195927789444112,HighVol,0
2013-05-03,0.0002755004382879,0.0126418436311399,HighVol,0
2013-05-06,0.001653622889213,0.0108785142515122,HighVol,0
2013-05-07,-0.0012492400825768,0.0161748415562219,HighVol,0
2013-05-08,0.0016390839870658,0.0170203107980377,HighVol,0
2013-05-09,0.0010175001017054,0.0151030932920186,HighVol,0
2013-05-10,0.0019561159069634,0.021602176126269,HighVol,0
2013-05-13,0.0013919081911523,0.0207289097747702,LowVol,0
2013-05-14,0.0031334084935561,0.01174113605934,LowVol,0
2013-05-15,0.0028434311554782,-0.0011440328753709,LowVol,0
2013-05-16,0.003922648035555,0.0006654779385733,LowVol,0
2013-05-17,0.0017566995283531,-0.0097643466479417,LowVol,0
2013-05-20,0.0017443570567201,-0.0037741215469967,LowVol,0
2013-05-21,0.0035035827822783,-0.0116648421041067,LowVol,0
2013-05-22,0.0074213704116668,-0.000602933554186,LowVol,0
2013-05-23,0.0097308967036279,-0.0120884515543929,LowVol,0
2013-05-24,0.0118594345191012,-0.0058067481446664,LowVol,0
2013-05-28,0.0091740581761827,-0.0164761452650392,LowVol,0
2013-05-29,0.0095430657455236,-0.0239075638570679,LowVol,0
2013-05-30,0.0100575131914743,-0.0186931034697553,LowVol,0
2013-05-31,0.0045236274592716,0.0082595938561962,LowVol,0
2013-06-03,0.0057034079504606,0.0027378873537957,LowVol,0
2013-06-04,0.0056249777727114,-0.0028126294535834,LowVol,0
2013-06-05,-0.0004583545770573,0.0029765209032568,LowVol,0
2013-06-06,-0.0002440747231691,0.0090945371298258,LowVol,0
2013-06-07,-0.0068429704508098,-0.0098302021175635,LowVol,0
2013-06-10,-0.0004433686554583,-0.0021845151537099,LowVol,0
2013-06-11,0.0008916397923434,0.0161865978882078,LowVol,0
2013-06-12,-0.0030263364856667,0.0105096631377825,LowVol,0
2013-06-13,-0.0047295857344868,-0.0292923441307441,LowVol,0
2013-06-14,0.0022102911134623,-0.0200289080528152,LowVol,0
2013-06-17,-0.0008690644990539,-0.0398255588060254,LowVol,0
2013-06-18,-0.0016767576080205,-0.0381983593644051,LowVol,0
2013-06-19,-0.005035476392955,-0.0150661077645565,HighVol,0
2013-06-20,0.0024888464181283,0.0158868718540687,HighVol,0
2013-06-21,-0.0037799556020581,0.0084867904276004,HighVol,0
2013-06-24,-0.0012396235077758,0.0273778475405104,HighVol,0
2013-06-25,-0.0002049058185526,0.0166486227287379,HighVol,0
2013-06-26,0.0020481343868718,0.0071184517355593,HighVol,0
2013-06-27,0.0004513147214098,0.0120439159058127,HighVol,0
2013-06-28,-0.0023903755123817,0.0220045228178116,HighVol,0
2013-07-01,-0.0042921282879358,0.0233640715916276,HighVol,0
2013-07-02,-0.000988247909064,0.0246885630848829,HighVol,0
2013-07-03,8.141566337271846e-05,0.0381939934045032,HighVol,0
2013-07-05,-0.0024113572988986,0.0275428741511982,HighVol,0
2013-07-08,-0.0053376619269388,0.0256182150245307,HighVol,0
2013-07-09,-0.0012273449522111,0.0144735381989149,HighVol,0
2013-07-10,-0.0005956009334203,0.0167078185034093,HighVol,0
2013-07-11,0.0022365373662879,0.0085404784608955,HighVol,0
2013-07-12,-0.0013377680413911,0.0099097020614455,HighVol,0
2013-07-15,0.0013682097566,0.0080284491318998,HighVol,0
2013-07-16,-0.0002076291738203,0.0096702347054358,HighVol,0
2013-07-17,-0.0004125334570862,0.0033938304908847,HighVol,0
2013-07-18,0.0019183962993232,0.0003552812564404,LowVol,0
2013-07-19,0.0029388488092548,-0.0003546510921633,LowVol,0
2013-07-22,0.001536487296606,-0.0053691321880636,LowVol,0
2013-07-23,0.004543078109277,-0.0032519392272341,LowVol,0
2013-07-24,0.0073349559643629,0.0011276762833993,LowVol,0
2013-07-25,0.0079461806248021,0.01024114950846,LowVol,0
2013-07-26,0.0079461806248021,0.0108803879704408,LowVol,0
2013-07-29,0.0117661231635322,0.0125158804615468,LowVol,0
2013-07-30,0.0107730601331747,0.0067624580922858,LowVol,0
2013-07-31,0.0085925632181496,0.0027856189966177,LowVol,0
2013-08-01,0.0033840457760425,-0.0050389514414023,LowVol,0
2013-08-02,0.0042236785817446,-0.0095935294544551,LowVol,0
2013-08-05,0.0054362892981253,-0.009314518583222,LowVol,0
2013-08-06,0.0062990788982611,-0.0007075223946925,LowVol,0
2013-08-07,0.005518451239596,-0.0026002845590178,LowVol,0
2013-08-08,0.0047802671767415,-0.0201415626851143,LowVol,0
2013-08-09,0.0059915471142783,-0.0205542188931536,LowVol,0
2013-08-12,0.0091890679940774,-0.025664222160336,LowVol,0
2013-08-13,0.0039846951575568,-0.0237602355425695,LowVol,0
2013-08-14,0.0063514898743242,-0.0247720102018181,LowVol,0
2013-08-15,0.0060761902082269,-0.001923190410032,LowVol,0
2013-08-16,0.0062707452702638,0.0047639117249462,LowVol,0
2013-08-19,0.0027623978272951,0.0074654788727352,LowVol,0
2013-08-20,0.0056236761810814,-0.0135887452653256,LowVol,0
2013-08-21,0.0018689363691378,-0.0039498589121358,LowVol,0
2013-08-22,0.0030697541348038,-0.0113817046614479,LowVol,0
2013-08-23,-9.414656899539112e-05,-0.0178246483092279,LowVol,0
2013-08-26,0.00227033780097,-0.0096988308467549,LowVol,0
2013-08-27,-0.0074848064400823,0.0148165425022899,LowVol,0
2013-08-28,-0.003334264392644,0.0125068522189115,LowVol,0
2013-08-29,-0.004996670929313,0.011390689943739,LowVol,0
2013-08-30,-0.0049889147790955,0.0243199857121827,LowVol,0
2013-09-03,-0.003107640610028,0.0272518689178564,LowVol,0
2013-09-04,-0.0020755211029638,0.0220213273526375,LowVol,1
2013-09-05,0.0007129998640656,0.0180163756464886,LowVol,1
2013-09-06,-0.0039490509297866,0.0198146101248748,LowVol,1
2013-09-09,-0.0025686595587503,0.0159877513963913,LowVol,1
2013-09-10,-0.0021623693906252,0.0130283315674439,LowVol,1
2013-09-11,-0.0019821453088339,0.0215466127373249,LowVol,1
2013-09-12,-0.0018419118794608,0.0225508527778208,LowVol,1
2013-09-13,-0.0011122203138306,0.0131230646345208,LowVol,1
2013-09-16,-0.0004815844411902,0.0026320793695164,LowVol,1
2013-09-17,0.0014102289901624,-0.0041718384553274,LowVol,1
2013-09-18,9.68255656218543e-05,-0.0184110278797826,LowVol,1
2013-09-19,-0.001612555033494,-0.0129823555042728,LowVol,1
2013-09-20,-0.0011497327596143,-0.0106019377932689,LowVol,1
2013-09-23,0.003240427219509,-0.0112986600245869,LowVol,1
2013-09-24,0.0048586099731144,-0.0011207698171795,LowVol,1
2013-09-25,0.0062248064783967,0.0008281714047078,LowVol,1
2013-09-26,0.0068328142988914,-0.0121988915799895,LowVol,1
2013-09-27,0.0067624917769317,-0.0001182731050434,LowVol,1
2013-09-30,0.010198356914999,-0.0034521261925749,LowVol,1
2013-10-01,0.0054933635421819,-0.0227944653658201,LowVol,1
2013-10-02,0.005539296003699,-0.0211607213511897,LowVol,1
2013-10-03,0.005821377734798,0.0092472729322619,LowVol,1
2013-10-04,0.0047818842879921,0.0081112432388554,LowVol,1
2013-10-07,0.0060747516608269,0.0209639947368622,LowVol,1
2013-10-08,-0.0004287064473758,0.0255011617028055,LowVol,1
2013-10-09,-0.0034138399037729,0.0390705427745607,LowVol,1
2013-10-10,-0.0011772101165113,0.0239400798969033,LowVol,1
2013-10-11,-0.0011848685337291,0.0242576119507231,LowVol,1
2013-10-14,-0.0032148354043822,0.0202410815714888,LowVol,1
2013-10-15,-0.0037750025608913,0.0336475651848278,LowVol,1
2013-10-16,-0.005388817271468,0.0145288048285698,LowVol,1
2013-10-17,-0.0017647305509695,0.0111414553133826,LowVol,1
2013-10-18,-0.0008261300603468,0.0089448532645342,LowVol,1
2013-10-21,-0.0015648956854497,0.0104928840050919,LowVol,1
2013-10-22,-0.0002881976549356,0.0100340170753605,LowVol,1
2013-10-23,-0.0003993016143735,0.0098526554474398,LowVol,1
2013-10-24,0.0030429512081363,0.0036543375703654,LowVol,1
2013-10-25,0.0020776645984591,0.0014780763311161,LowVol,1
2013-10-28,0.0017054702090727,0.0034046823784639,LowVol,1
2013-10-29,0.001785386610082,-0.0050800337785372,LowVol,1
2013-10-30,0.0011542166233654,0.0049915320114886,LowVol,1
2013-10-31,0.0038844770726322,-0.0048917649078883,LowVol,1
2013-11-01,0.0029471740064947,0.0061290364525823,LowVol,1
2013-11-04,0.003045223873874,0.0027711738380971,LowVol,1
2013-11-05,0.0051967484535787,0.0039147219909274,LowVol,1
2013-11-06,0.0031545068204417,0.0068293481663621,LowVol,1
2013-11-07,0.0045551637508188,0.02481006327706,LowVol,1
2013-11-08,0.001203443981746,0.0155678325674293,LowVol,1
2013-11-11,0.00500478519416,0.0118427079249723,LowVol,1
2013-11-12,0.0014279721883966,0.0116976210542625,LowVol,1
2013-11-13,0.0015412772826225,0.0005049822008902,LowVol,1
2013-11-14,-0.0003255745749668,0.0035698218859996,LowVol,1
2013-11-15,0.0010704909317293,0.0042210356603105,LowVol,1
2013-11-18,0.000322749619425,0.0067440234654021,LowVol,1
2013-11-19,8.064926900735962e-05,0.0092160697846013,LowVol,1
2013-11-20,0.0019463236838771,0.0148483414821454,LowVol,1
2013-11-21,0.0024711704522082,0.0060584563519274,LowVol,1
2013-11-22,0.0027637126784533,-0.0015490447941108,LowVol,1
2013-11-25,0.0021681393211199,-0.0048713926345818,LowVol,1
2013-11-26,0.0010373421005349,-0.0052580296568802,LowVol,1
2013-11-27,0.002483766040406,-0.0120361720824248,LowVol,1
2013-11-29,0.0045193787314725,-0.0003314328948822,LowVol,1
2013-12-02,0.0030943827443829,0.0048194431653525,LowVol,1
2013-12-03,0.0041397850197438,0.0055627144327177,LowVol,1
2013-12-04,0.0044663282962665,-0.0056194922006985,LowVol,1
2013-12-05,0.006576408139025,-0.0045271225754945,LowVol,1
2013-12-06,0.0029359384864189,-0.0156405933945962,LowVol,1
2013-12-09,0.0011958453648871,-0.012017698821279,LowVol,1
2013-12-10,0.0025569765842081,-0.0116180835536513,LowVol,1
2013-12-11,0.0070243250495245,0.0166742423520012,LowVol,1
2013-12-12,0.0053269968651886,0.0188633253502126,LowVol,1
2013-12-13,0.0052766595811822,0.0249043231162815,LowVol,1
2013-12-16,0.0050037536378087,0.0239983196146946,LowVol,1
2013-12-17,0.0063162076333849,0.0295169991840493,LowVol,1
2013-12-18,-0.0004975997749321,0.0173815479253058,LowVol,1
2013-12-19,-0.00513513513825,0.018503028418018,LowVol,1
2013-12-20,-0.0008572152900548,0.0124477651947214,LowVol,1
2013-12-23,-0.0006374665326995,0.011833512388218,LowVol,1
2013-12-24,0.0022179988067469,-5.5081562409631246e-05,LowVol,1
2013-12-26,0.0011142998149344,-0.0052760394200228,LowVol,1
2013-12-27,4.099429701489182e-05,-0.0081053363870311,LowVol,1
2013-12-30,0.003465400318915,-0.0018497719598177,LowVol,1
2013-12-31,0.0012125052125285,-0.0063346941572541,LowVol,1
2014-01-02,0.0024395993585631,0.0039362320117903,LowVol,1
2014-01-03,0.0035529811686371,0.0068345968654708,LowVol,1
2014-01-06,0.0051166972090051,-0.0036734986850116,LowVol,1
2014-01-07,0.003488531817015,0.0010355090931413,LowVol,1
2014-01-08,0.0035178484877551,0.0062121094879679,LowVol,1
2014-01-09,0.0033412274808195,0.0042475491674123,LowVol,1
2014-01-10,0.0031213662668,-0.0027151172483483,LowVol,1
2014-01-13,0.0059823101262632,0.01370463809261,LowVol,1
2014-01-14,0.002897954580834,0.003429805675791,LowVol,1
2014-01-15,0.000800362574184,-0.0101272590381413,LowVol,1
2014-01-16,0.0003990331272233,-0.0299859681085949,LowVol,1
2014-01-17,0.0019305432202603,-0.0306575086323211,LowVol,1
2014-01-21,-0.0010325956694479,-0.0277445014870795,LowVol,1
2014-01-22,0.0032426135613202,-0.0377100892290348,LowVol,1
2014-01-23,0.0035593246026047,-0.0194758996277445,LowVol,1
2014-01-24,0.0036428884720199,-0.0039685806746808,LowVol,1
2014-01-27,-0.0021498159530959,-0.0215720326089579,LowVol,1
2014-01-28,0.0009290400812432,-0.0205504571717353,LowVol,1
2014-01-29,-0.0017573737063683,-0.0122916071086469,LowVol,1
2014-01-30,-0.0003583841102849,-0.0097637669839537,LowVol,1
2014-01-31,-0.0059546824381841,0.0084180146782524,LowVol,1
2014-02-03,-0.0008690135001949,0.0335299037765421,HighVol,1
2014-02-04,-0.0010458324824797,0.0375734910936595,HighVol,1
2014-02-05,-0.0046596470872205,0.0393901929104705,HighVol,1
2014-02-06,0.0005549457636061,0.0311584037893379,HighVol,1
2014-02-07,-0.0048161021141029,0.0241537401904321,HighVol,1
2014-02-10,-0.0030970342904995,0.0234991845944803,HighVol,1
2014-02-11,-0.0012876342614173,0.0057148167846443,HighVol,1
2014-02-12,-0.0004032296447928,0.0111495514991148,HighVol,1
2014-02-13,-0.0005499139830325,0.0048084235710315,HighVol,1
2014-02-14,-0.000780116389144,0.0048368920379291,HighVol,1
2014-02-18,-0.0010655053745475,0.0032565554828856,HighVol,1
2014-02-19,0.0023597728874601,0.0099986148908901,HighVol,1
2014-02-20,0.0005612104364002,0.0093424136495279,HighVol,1
2014-02-21,0.0025486713156641,0.0130514250646107,HighVol,1
2014-02-24,0.001064004233008,0.000378488606179,LowVol,1
2014-02-25,0.0019869885980081,0.0148237073757533,LowVol,1
2014-02-26,-0.0001609872781602,0.0156886394834581,LowVol,1
2014-02-27,0.0006497490168339,0.0127005916699167,LowVol,1
2014-02-28,-0.0001150431205777,0.0105748806776075,LowVol,1
2014-03-03,0.0031882567686559,0.0171910948731652,LowVol,1
2014-03-04,0.0032056903456562,-0.0018659078534298,LowVol,1
2014-03-05,0.0008203294730441,-0.0025035134655259,LowVol,1
2014-03-06,0.0010884839560522,-0.0159423596974264,LowVol,1
2014-03-07,0.0006021396840825,-0.0191221993805641,LowVol,1
2014-03-10,0.0009056771587901,-0.00972588220539,LowVol,1
2014-03-11,0.0046610904380287,0.0022968100664921,LowVol,1
2014-03-12,0.0034960277949705,-0.0033104940519415,LowVol,1
2014-03-13,0.0065957209469623,0.0138787042338897,LowVol,1
2014-03-14,0.0076211380523244,0.0127896485837544,LowVol,1
2014-03-17,0.0049437218423446,-0.0004378680234241,LowVol,1
2014-03-18,0.003074849429029,-0.0028122206195656,LowVol,1
2014-03-19,0.0051890087743283,-0.004680496672658,LowVol,1
2014-03-20,-0.0006260271947813,-0.0125456549892213,LowVol,1
2014-03-21,-0.0008281176545247,-0.0038133457534522,LowVol,1
2014-03-24,0.0034471742556451,0.0085204256016244,LowVol,1
2014-03-25,0.0019360627390681,0.0104127509777334,LowVol,1
2014-03-26,0.0055630048639721,0.0211384713264479,LowVol,1
2014-03-27,0.0063013110965357,0.021941896995294,LowVol,1
2014-03-28,0.0049114637995141,0.0049058566810529,LowVol,1
2014-03-31,-0.0003932802691339,-0.0142771929785862,LowVol,1
2014-04-01,-1.05038210733893e-05,-0.0167331842415303,LowVol,1
2014-04-02,-0.0006328519589581,-0.0094765764519911,LowVol,1
2014-04-03,-0.0009539545987606,-0.0289985352467738,LowVol,1
2014-04-04,-4.677999964074944e-05,-0.0262338357884707,LowVol,1
2014-04-07,0.0033983795762286,-0.0075946034799563,LowVol,1
2014-04-08,0.0056951152433879,-0.0048623000042546,LowVol,1
2014-04-09,0.0029938530101759,-0.0051310993066561,LowVol,1
2014-04-10,-0.001302401306829,0.0176350363708099,LowVol,1
2014-04-11,-0.0039295961335454,0.0304672426237884,LowVol,1
2014-04-14,0.0016576796966674,0.0270580978419407,LowVol,1
2014-04-15,0.0013975180365092,0.0176442887446401,LowVol,1
2014-04-16,0.0017936804171272,0.009133025460507,HighVol,1
2014-04-17,-0.0032544136283169,-0.0005362034402128,LowVol,1
2014-04-21,-0.0018548738827845,-0.0008558459481303,LowVol,1
2014-04-22,-0.0018768877724233,-0.0007450910416224,LowVol,1
2014-04-23,-0.002554197647016,0.0045878727071388,LowVol,1
2014-04-24,-0.0009922413787588,0.0026617614305846,LowVol,1
2014-04-25,0.001727779599786,0.0095011266816555,LowVol,1
2014-04-28,0.0020977702858052,0.0082403967976767,LowVol,1
2014-04-29,0.0024704126969067,-0.0051664941206174,LowVol,1
2014-04-30,0.0019474019574362,-0.0022835597044367,LowVol,1
2014-05-01,0.0024704126969067,-0.0034510142363671,LowVol,1
2014-05-02,0.0006207601504033,-0.0005321397662054,LowVol,1
2014-05-05,0.000775830074998,0.0072710239004445,LowVol,1
2014-05-06,0.0060300379324899,0.0170258070053823,LowVol,1
2014-05-07,0.0038869729542035,0.0062801149852376,LowVol,1
2014-05-08,0.0038857406481515,-0.001491949338264,LowVol,1
2014-05-09,0.0038342691919152,0.0004790510917667,LowVol,1
2014-05-12,5.99287450996642e-05,-0.0055324371819851,LowVol,1
2014-05-13,-0.0005101601295617,-0.0126871424834537,LowVol,1
2014-05-14,0.0021634686966021,0.0003705376545006,LowVol,1
2014-05-15,0.0041808230530533,0.0116863715864927,LowVol,1
2014-05-16,0.0034136111270308,0.0122309930864008,LowVol,1
2014-05-19,0.0040266390451512,0.0147296003350825,LowVol,1
2014-05-20,0.0064154014593505,0.0204210686913306,LowVol,1
2014-05-21,0.003021229232359,0.0171313162638495,LowVol,1
2014-05-22,0.0004170144363252,0.0162983271049157,LowVol,1
2014-05-23,0.0004355019521132,0.0133961197846967,LowVol,1
2014-05-27,-0.0002868099063248,0.0066832820238884,LowVol,1
2014-05-28,-0.0024198602607036,0.0094580103121824,LowVol,1
2014-05-29,0.0016553487394036,0.0108126628115807,LowVol,1
2014-05-30,0.0004038083467046,0.0140131490721902,LowVol,1
2014-06-02,0.0008503265047111,0.0138933536117888,LowVol,1
2014-06-03,0.0023471054969014,0.014522608500632,LowVol,1
2014-06-04,0.0011184809877192,0.0089547542261616,LowVol,1
2014-06-05,0.0006735715543902,-0.0046803773616928,LowVol,1
2014-06-06,0.001609050086976,-0.0063982642112283,LowVol,1
2014-06-09,0.0014550454865511,-0.0065957429673595,LowVol,1
2014-06-10,0.0010550718610214,-0.0039363734345505,LowVol,1
2014-06-11,0.0010550718610214,0.0068742522366402,LowVol,1
2014-06-12,0.0050000143857917,0.0151908120936663,LowVol,1
2014-06-13,0.0038960014205001,0.0141601982723322,LowVol,1
2014-06-16,0.0039070327822935,0.0130143430029123,LowVol,1
2014-06-17,0.0034960277949705,0.0041214136132052,LowVol,1
2014-06-18,0.0024531232711371,0.0013106420349786,LowVol,1
2014-06-19,0.0011719463838519,-0.0005267045103714,LowVol,1
2014-06-20,0.0017607448551694,-0.0006121165747301,LowVol,1
2014-06-23,0.0010199391801394,-0.0008166596277567,LowVol,1
2014-06-24,0.0032294834055812,0.0119670014635984,LowVol,1
2014-06-25,0.0023670375252905,0.0084364597192612,LowVol,1
2014-06-26,0.0029595144586211,0.0141218591858829,LowVol,1
2014-06-27,0.0028477158513676,0.0086301547277205,LowVol,1
2014-06-30,0.0036442586119078,0.0026571712301239,LowVol,1
2014-07-01,0.0006735715543902,0.000456429240113,LowVol,1
2014-07-02,0.0016533904708143,-0.004512449472554,LowVol,1
2014-07-03,0.0016001740224318,-0.0080221355615777,LowVol,1
2014-07-07,0.0010550718610214,0.000455320011357,LowVol,1
2014-07-08,0.0033550907022247,0.0050446412906095,LowVol,1
2014-07-09,0.0027489186813694,0.0042617233604185,LowVol,1
2014-07-10,0.0034133379023427,-0.0032086090103002,LowVol,1
2014-07-11,0.0043420734441934,0.0055949687234737,LowVol,1
2014-07-14,0.0032823117252509,-0.0013155677850786,LowVol,1
2014-07-15,0.0030292103325799,0.0049179842367521,LowVol,1
2014-07-16,0.0018099508128104,0.0034348996627884,LowVol,1
2014-07-17,0.0074264952077902,0.0150220571296058,LowVol,1
2014-07-18,0.0008690757742262,5.040359213381862e-05,LowVol,1
2014-07-21,0.0030130604077594,0.0023314237988307,LowVol,1
2014-07-22,0.0008633869002312,-0.0063066238899782,LowVol,1
2014-07-23,0.0022814379164728,-0.0083567605471314,LowVol,1
2014-07-24,8.791236086803678e-05,-0.0279890196698817,LowVol,1
2014-07-25,0.0030936103582904,-0.0264007127124005,LowVol,1
2014-07-28,0.003311800147252,-0.0197678942814002,LowVol,1
2014-07-29,0.0061101569479234,-0.0250824422051786,LowVol,1
2014-07-30,0.0062818516329397,-0.024926283925405,LowVol,1
2014-07-31,0.0032381581615336,-0.0106684949734771,LowVol,1
2014-08-01,0.0012833104867633,0.0038439983476972,LowVol,1
2014-08-04,0.0012954838810531,-0.0004640135856556,LowVol,1
2014-08-05,-0.0021324768933547,0.0079162853143872,LowVol,1
2014-08-06,-0.0055525785546588,0.0144216167142332,LowVol,1
2014-08-07,-0.0034604735000483,0.0247603484306397,LowVol,1
2014-08-08,-0.0004682801876001,0.0128336652035021,LowVol,1
2014-08-11,7.985046517247299e-05,0.0183694478968192,LowVol,1
2014-08-12,-0.0041760526214157,0.0251118220597783,LowVol,1
2014-08-13,-0.0023405592763464,0.0209404762463474,LowVol,1
2014-08-14,-0.001027009549056,0.0191050742860716,LowVol,1
2014-08-15,-0.0014943323294417,0.0177296670574365,LowVol,1
2014-08-18,-0.0020295138650856,0.0143896490520225,LowVol,1
2014-08-19,-0.0009828973330264,0.0097791196920378,LowVol,1
2014-08-20,-0.0020448558658975,0.0066860725288155,LowVol,1
2014-08-21,-0.0021700537863589,0.0032080184090399,LowVol,1
2014-08-22,-0.0013988623126267,0.0076307471263021,LowVol,1
2014-08-25,0.0006108822474256,0.0020479295683744,LowVol,1
2014-08-26,0.0028462186921607,0.0008485425589879,LowVol,1
2014-08-27,0.0057437657821146,-0.0001998957932513,LowVol,1
2014-08-28,0.0026377961758633,0.0048468511225727,LowVol,1
2014-08-29,0.0004360485010597,-0.0005979410966189,LowVol,1
2014-09-02,0.0022378225503337,-0.0064301194860071,LowVol,1
2014-09-03,0.0036425871868498,-0.002144827813439,LowVol,1
2014-09-04,0.0037611331347383,0.0004493661057716,LowVol,1
2014-09-05,0.0026192343798655,-0.0098458931121246,LowVol,1
2014-09-08,0.0040442322374374,-0.0080262845865062,LowVol,1
2014-09-09,0.0056351245462553,0.0058195324206948,LowVol,1
2014-09-10,0.0038979901147361,0.0033988617791234,LowVol,1
2014-09-11,0.0036091259310258,0.0075892083929338,LowVol,1
2014-09-12,0.0088513051135248,0.0125956720212696,LowVol,1
2014-09-15,0.007176372423281,0.0055329238747705,LowVol,1
2014-09-16,0.004682909028276,-0.0077033117277699,LowVol,1
2014-09-17,0.0055261281625394,-0.001280887978217,LowVol,1
2014-09-18,-0.000191458997962,-0.0226057548949006,LowVol,1
2014-09-19,0.0017743752816501,-0.0139508909462336,LowVol,1
2014-09-22,0.0056331200406622,-0.0080845729961513,LowVol,1
2014-09-23,0.0062559303371709,-0.0049995516013086,LowVol,1
2014-09-24,0.0041604189793413,-0.026107631313967,LowVol,1
2014-09-25,0.0005442459758008,-0.0099827355060415,LowVol,1
2014-09-26,0.004359830394063,-0.0069731901889896,LowVol,1
2014-09-29,0.0025345132113893,-0.0063278736742176,LowVol,1
2014-09-30,0.0015602077587955,-0.0190846301355914,LowVol,1
2014-10-01,-0.00537756348267,0.0117830144607073,LowVol,1
2014-10-02,-0.0052808821990028,-0.0084368166629064,LowVol,1
2014-10-03,0.0013703429612402,-0.0304294731350083,LowVol,1
2014-10-06,0.001671052225773,-0.0452390316171497,LowVol,1
2014-10-07,-0.0029885604586712,-0.0287695666615919,LowVol,1
2014-10-08,-0.003380567170949,-0.0519225659263362,HighVol,1
2014-10-09,-0.0032479442724692,-0.0335689311555793,HighVol,1
2014-10-10,0.0004197972457854,-0.0108641081817328,HighVol,1
2014-10-13,-0.0012732403235734,0.015420501928244,HighVol,1
2014-10-14,-0.003200121754953,0.0339371175013489,HighVol,1
2014-10-15,0.0138091382408549,0.0335784796755436,HighVol,1
2014-10-16,-0.0049031449658004,0.0464920921321796,HighVol,1
2014-10-17,-0.0039967366218636,0.0422350287595176,HighVol,1
2014-10-20,-0.0071697565511479,0.0307936252296834,HighVol,1
2014-10-21,0.0012015668810409,0.0223630482236905,HighVol,1
2014-10-22,0.0003976850879431,0.0281280316923187,HighVol,1
2014-10-23,-0.0005123499226507,0.0228284917720424,HighVol,1
2014-10-24,-0.0092892315460691,0.0266254843692168,HighVol,1
2014-10-27,-0.0011835035686323,0.0285991516736141,HighVol,1
2014-10-28,-0.009050927139013,0.0134065876660516,HighVol,1
2014-10-29,-0.0026498668645772,0.0213521363246875,HighVol,1
2014-10-30,-0.0011344473236281,0.0189082973663283,HighVol,1
2014-10-31,-0.0031136166240018,0.0083305539336633,HighVol,1
2014-11-03,0.0004655645865183,0.0109530138371349,HighVol,1
2014-11-04,0.0025787666447533,0.0154674031911998,HighVol,1
2014-11-05,0.001501934883442,0.0080062284333564,HighVol,1
2014-11-06,-0.001541905186108,0.0051196539559026,HighVol,1
2014-11-07,0.0021595747421029,0.0044259198072769,LowVol,1
2014-11-10,0.0091489725131974,0.0019121146642293,LowVol,1
2014-11-11,0.0093460037905902,0.006709771279548,LowVol,1
2014-11-12,0.0060718229835821,0.0061776881763762,LowVol,1
2014-11-13,0.0066833880587979,0.0068078703777405,LowVol,1
2014-11-14,0.0057107189977965,0.0119467377450921,LowVol,1
2014-11-17,0.0026377961758633,0.0141410764788585,LowVol,1
2014-11-18,0.002334765044775,0.0075893159304878,LowVol,1
2014-11-19,0.002747079122431,0.0117921127715652,LowVol,1
2014-11-20,0.002747079122431,0.0078797741500653,LowVol,1
2014-11-21,0.0037567736057996,-0.004450919235026,LowVol,1
2014-11-24,0.0017054702090727,-0.0008207457422357,LowVol,1
2014-11-25,0.0017230380054894,0.0037661657100356,LowVol,1
2014-11-26,0.0017054702090727,9.634480167464154e-05,LowVol,1
2014-11-28,0.0017230380054894,0.0038609889775931,LowVol,1
2014-12-01,0.005200287458793,0.00413084670667,LowVol,1
2014-12-02,0.0032823117252509,-0.0029932764295087,LowVol,1
2014-12-03,0.0028963279107054,-0.0227523798121167,LowVol,1
2014-12-04,0.0027982780433261,-0.0167099639819647,LowVol,1
2014-12-05,0.0021633759811336,-0.0341829416958393,LowVol,1
2014-12-08,0.0038843344351393,-0.0343640096882635,LowVol,1
2014-12-09,0.0073021119780929,-0.0414588846411106,LowVol,1
2014-12-10,0.0007235486579141,-0.0067431844492674,LowVol,1
2014-12-11,0.0034318306848718,0.0126844093873617,LowVol,1
2014-12-12,0.0002593550133755,0.0336991362991521,LowVol,1
2014-12-15,-0.0003192907289345,0.0456369956632178,LowVol,1
2014-12-16,0.0096840322449285,0.0555130498309959,LowVol,1
2014-12-17,0.0015167217091792,0.0353172839248205,LowVol,1
2014-12-18,0.0014171288773598,0.0135914374590773,HighVol,1
2014-12-19,-0.0002944997497339,0.0106529121710792,HighVol,1
2014-12-22,0.0031409657570196,0.0006266529998497,HighVol,1
2014-12-23,-0.0003672997378331,-0.0106375874702445,HighVol,1
2014-12-24,0.004950687216594,-0.0112627559094882,HighVol,1
2014-12-26,0.0077594382550281,-0.0322399566025296,HighVol,1
2014-12-29,0.0044191151358865,-0.0426407778126488,HighVol,1
2014-12-30,0.0057859228594364,-0.0254818104144335,HighVol,1
2014-12-31,0.0044791295914153,0.0017511157925766,HighVol,1
2015-01-02,0.0068843487214062,-0.0057439036891695,HighVol,1
2015-01-05,0.001184330504208,0.0046104222925205,HighVol,1
2015-01-06,0.0001958602486882,0.0113099097769857,HighVol,1
2015-01-07,0.0033590977693861,-0.0071671545940626,HighVol,1
2015-01-08,0.0065800173078629,-0.0334143661318788,HighVol,1
2015-01-09,0.0051656332306938,-0.0128271475684068,HighVol,1
2015-01-12,0.005473479885497,-0.0029110763927155,HighVol,1
2015-01-13,-0.0045730081691854,0.0049484825966676,HighVol,1
2015-01-14,-0.0034377331198994,0.0260877290582146,HighVol,1
2015-01-15,-0.0037838821242688,0.029896792771707,HighVol,1
2015-01-16,-0.0012083633197564,0.0189456541148078,HighVol,1
2015-01-20,0.0004416309247763,0.0033656255662477,HighVol,1
2015-01-21,0.0010470204751414,-0.014476898326512,HighVol,1
2015-01-22,-0.0044656160458993,-0.0199415932623771,HighVol,1
2015-01-23,-0.0016588872131696,-0.0269311832752,HighVol,1
2015-01-26,-0.0026093639402132,-0.0171821012308497,HighVol,1
2015-01-27,0.0021706078041098,0.0103574945640327,HighVol,1
2015-01-28,1.697640795205888e-05,0.0195865074746441,HighVol,1
2015-01-29,0.0042151136701812,0.0204464881390871,HighVol,1
2015-01-30,-0.0059110495212615,0.0305845915602012,HighVol,1
2015-02-02,0.0039497332990718,0.0134214305403346,HighVol,1
2015-02-03,0.0007491796532651,0.009617519494131,HighVol,1
2015-02-04,-0.0021499159209043,0.0140640914258731,HighVol,1
2015-02-05,-0.0030239293339693,0.0135844938741798,HighVol,1
2015-02-06,-0.0022761894130085,0.0205787460591921,HighVol,1
2015-02-09,0.0007072320072536,0.0267797610224387,HighVol,1
2015-02-10,0.0006028390043481,0.0160533356295211,HighVol,1
2015-02-11,-0.0003803459237951,0.014739605744046,HighVol,1
2015-02-12,0.0002648267513804,0.0111045562032652,HighVol,1
2015-02-13,-0.0024613217897502,0.0068168391327936,HighVol,1
2015-02-17,-0.0014009815239547,0.0080911678707424,HighVol,1
2015-02-18,0.0002478641578165,0.0071384044312261,HighVol,1
2015-02-19,-0.0007214888059684,0.0066672115201138,HighVol,1
2015-02-20,8.679802364155721e-05,-0.002745912176284,LowVol,1
2015-02-23,0.0042750767034578,0.0036932516882761,LowVol,1
2015-02-24,0.0018690997618994,-0.0032577082437208,LowVol,1
2015-02-25,0.0034518084079388,-0.0066153172959729,LowVol,1
2015-02-26,0.0030680022837029,-0.004352622361901,LowVol,1
2015-02-27,0.0044429006490672,-0.0150002893777326,LowVol,1
2015-03-02,0.0030501102535193,-0.0171237117327854,LowVol,1
2015-03-03,0.0049785586646171,-0.0290829660775436,LowVol,1
2015-03-04,0.005144708671909,-0.0272556470258259,LowVol,1
2015-03-05,0.0052624413655132,-0.0159646082915655,LowVol,1
2015-03-06,0.0076890262032488,-0.0080480952075722,LowVol,1
2015-03-09,0.0096363458691695,0.0010556529564178,LowVol,1
2015-03-10,0.0030031272027676,0.0145378149821611,LowVol,1
2015-03-11,0.001005200936888,0.0291436896906602,LowVol,1
2015-03-12,0.003698427878626,0.0115883706698032,LowVol,1
2015-03-13,0.0013007520094645,0.0268145281798635,LowVol,1
2015-03-16,0.000897661847506,0.0113023596643824,LowVol,1
2015-03-17,-0.0014830175882604,0.0086178080817977,LowVol,1
2015-03-18,-0.0016675138461501,-0.0179674256476658,LowVol,1
2015-03-19,-0.0025944060440915,-0.0158171446307353,LowVol,1
2015-03-20,-0.0032025432565943,-0.022194905487185,LowVol,1
2015-03-23,-0.0004587241837414,-0.008333363254752,LowVol,1
2015-03-24,-0.0019686128360178,-0.0114454581763305,LowVol,1
2015-03-25,-0.0013980133784664,-0.0002918240378811,HighVol,1
2015-03-26,0.0003068678214354,0.0056997189382206,HighVol,1
2015-03-27,0.000574727134574,0.010158252854165,HighVol,1
2015-03-30,0.002162899912499,-0.0046579536866319,HighVol,1
2015-03-31,0.0042533560726499,0.0075087245279952,HighVol,1
2015-04-01,0.004463169608188,0.0155568394197076,HighVol,1
2015-04-02,0.004230142830985,0.0174383203680354,HighVol,1
2015-04-06,-0.0011223028534476,0.0060627555460222,HighVol,1
2015-04-07,0.0042646757565534,0.0106619730443815,HighVol,1
2015-04-08,0.000380534755449,0.0117801293646921,LowVol,1
2015-04-09,0.0010784314021206,0.0070369831394296,LowVol,1
2015-04-10,-5.2824926765187177e-05,-0.0099500305140456,LowVol,1
2015-04-13,0.0030467831692642,0.0036347833062253,LowVol,1
2015-04-14,0.0005782508516201,0.0005249727703295,LowVol,1
2015-04-15,0.0008102769191125,0.0009502559826886,LowVol,1
2015-04-16,0.0016019709193762,0.0037552496214676,LowVol,1
2015-04-17,0.0047090922857828,0.0177926161354964,LowVol,1
2015-04-20,0.003056361913241,0.0043845039029797,LowVol,1
2015-04-21,0.003257072384603,0.0087786774942666,LowVol,1
2015-04-22,0.0022629504006848,-0.000284640261422,LowVol,1
2015-04-23,0.0019983388137737,-0.0127867606304057,LowVol,1
2015-04-24,-0.0007390565572442,-0.0043942234786442,LowVol,1
2015-04-27,0.0027196028218497,0.0026093585619899,LowVol,1
2015-04-28,0.0002934512035179,-0.0120126835484919,LowVol,1
2015-04-29,0.0042000325774778,-0.0120154137284402,LowVol,1
2015-04-30,0.0043551057051354,0.001966729774699,LowVol,1
2015-05-01,0.0033282636626793,0.0042710094574534,LowVol,1
2015-05-04,0.0028739148498034,-0.0033601448700222,LowVol,1
2015-05-05,0.0046744238090896,0.0051699152398008,LowVol,1
2015-05-06,0.001738836925695,0.0095175844809936,LowVol,1
2015-05-07,0.0048755917131999,0.0159909619785525,LowVol,1
2015-05-08,0.0010727630377997,0.0038749847482602,LowVol,1
2015-05-11,0.0021650625706889,0.0118230354508561,LowVol,1
2015-05-12,0.0016176565972516,0.0145247138831317,LowVol,1
2015-05-13,-0.0015682495141325,0.013617826590883,LowVol,1
2015-05-14,-0.0011349588538093,0.0060787931815047,LowVol,1
2015-05-15,0.0014885721251041,0.0025890204651821,LowVol,1
2015-05-18,-0.0005929762662456,-0.0112623553780096,LowVol,1
2015-05-19,0.0003285838843999,-0.0015486615460147,LowVol,1
2015-05-20,0.000310096368612,-0.0019728911265081,LowVol,1
2015-05-21,0.0021086383727311,-0.0110537318490623,LowVol,1
2015-05-22,0.0039742542645277,-0.0066671674705431,LowVol,1
2015-05-26,0.0055672382192609,0.0031325331491294,LowVol,1
2015-05-27,0.0034928332549709,-0.0036673372753642,LowVol,1
2015-05-28,0.0033270313566272,-0.0109667458150621,LowVol,1
2015-05-29,0.004426800652027,-0.0064886666741574,LowVol,1
2015-06-01,0.0057652223295845,-0.0146050582549884,LowVol,1
2015-06-02,0.0060253556467756,-0.0137681569886966,LowVol,1
2015-06-03,0.0044466814700267,-0.0045768548433217,LowVol,1
2015-06-04,0.0050320040289332,0.0071383642046594,LowVol,1
2015-06-05,0.0037628115922226,0.0011443683889558,LowVol,1
2015-06-08,0.0023518528469729,0.0030219264995352,LowVol,1
2015-06-09,0.0027470860479715,0.0086350393228047,LowVol,1
2015-06-10,0.0040111675973487,-0.0017068195277659,LowVol,1
2015-06-11,0.0018817409946945,0.0054342286187469,LowVol,1
2015-06-12,0.0040853696370233,0.0086919170933184,LowVol,1
2015-06-15,0.0006573677869402,0.0182235405376571,LowVol,1
2015-06-16,-0.0006465402601542,0.0134192401222106,LowVol,1
2015-06-17,0.0017454975820942,0.0044345940604211,LowVol,1
2015-06-18,0.0015047982544293,-0.0089259576716018,LowVol,1
2015-06-19,-0.0017450250617982,-0.0046962300369637,LowVol,1
2015-06-22,-0.0017016480568242,-0.0305347942218136,LowVol,1
2015-06-23,0.0001183409762084,-0.0291927923868906,LowVol,1
2015-06-24,0.0024680443431423,-0.0142515092822695,LowVol,1
2015-06-25,0.006573570811484,-0.0121507601583369,LowVol,1
2015-06-26,0.005816648901193,-0.0147747303918084,LowVol,1
2015-06-29,0.0001184833948522,0.012656970381212,LowVol,1
2015-06-30,-0.0016873166401089,-0.0064121331667434,LowVol,1
2015-07-01,0.0011390429560805,-0.0125300952755764,LowVol,1
2015-07-02,0.0024664188692957,0.0008199615073625,LowVol,1
2015-07-06,0.0018064393782299,0.0147543337734643,LowVol,1
2015-07-07,-0.0010979670168911,0.0127869978897876,LowVol,1
2015-07-08,-0.005023842807842,0.0297265562712307,LowVol,1
2015-07-09,-0.0004262098075422,0.0361150015005788,LowVol,1
2015-07-10,0.0005882923382603,0.0240987438175073,HighVol,1
2015-07-13,-0.002283889488522,0.0134433814521208,HighVol,1
2015-07-14,-0.0007062352368206,0.005078923726147,HighVol,1
2015-07-15,-0.0017936646600281,0.0036088104716245,HighVol,1
2015-07-16,-0.0018210616603792,-0.0099857655319667,HighVol,1
2015-07-17,-0.0020251974185515,-0.0210844276341947,LowVol,1
2015-07-20,0.0010183065091129,-0.0272827003151466,LowVol,1
2015-07-21,0.0016995616326828,-0.0114284751200522,LowVol,1
2015-07-22,0.002982896107504,-0.002838378661585,LowVol,1
2015-07-23,0.0062230567052888,0.0030448851493667,LowVol,1
2015-07-24,0.0085950473882521,0.0120191171873165,HighVol,1
2015-07-27,0.0016214962355609,0.0145074580843684,HighVol,1
2015-07-28,0.0040752967291388,0.0002387710921385,LowVol,1
2015-07-29,0.0027509970354082,-0.0033214320633377,LowVol,1
2015-07-30,0.0022718091293567,-0.0117162341475864,LowVol,1
2015-07-31,-0.0001040265563624,-0.0121134698916043,LowVol,1
2015-08-03,-0.0014895784799462,0.003718441792829,LowVol,1
2015-08-04,0.0036459841914772,-0.0033906841540692,LowVol,1
2015-08-05,0.0029018707529157,-0.0054741318888286,LowVol,1
2015-08-06,0.0013614233295562,0.0014882928807193,LowVol,1
2015-08-07,0.0029564110275083,0.0070686181201855,LowVol,1
2015-08-10,0.0016282164807988,9.456355183479204e-05,LowVol,1
2015-08-11,0.0023416503258705,0.0062776752148565,LowVol,1
2015-08-12,0.0032101609465419,-0.0028721892850441,LowVol,1
2015-08-13,0.00523244797662,-0.0224769884591233,LowVol,1
2015-08-14,0.0025926792079514,-0.0553434737582639,LowVol,1
2015-08-17,0.0016248738290157,-0.1001471506124583,LowVol,1
2015-08-18,0.0018555764381706,-0.1081534097272708,LowVol,1
2015-08-19,0.0017541116930148,-0.0665320336476537,LowVol,1
2015-08-20,-0.0008623076535003,-0.0230429011964614,LowVol,1
2015-08-21,-0.0007897490753024,0.007329471623426,HighVol,1
2015-08-24,0.0225364202491896,0.0431134067275134,HighVol,1
2015-08-25,0.0199385519431353,0.0240297025774458,HighVol,1
2015-08-26,-0.0240119036650572,0.0048852529772731,HighVol,1
2015-08-27,-0.0238443204679272,-0.0186677986718287,HighVol,1
2015-08-28,-0.0393060563465916,-0.0335707038948346,HighVol,1
2015-08-31,-0.0047188277134567,-0.0012143732686779,HighVol,1
2015-09-01,-0.0030402592665746,0.015748417747643,HighVol,1
2015-09-02,0.0168851654246502,0.0022515371611337,HighVol,1
2015-09-03,0.0157962735864912,0.006085374753926,HighVol,1
2015-09-04,0.019478468715786,0.0177578524427726,HighVol,1
2015-09-08,-0.0026583683243428,0.0052173266563566,HighVol,1
2015-09-09,-0.0042018041371942,0.0276704303891424,HighVol,1
2015-09-10,0.000950704286943,0.019810974293513,HighVol,1
2015-09-11,-0.0016794500430881,-0.0013923955370783,HighVol,1
2015-09-14,-0.0067003068905498,0.0075067717529433,HighVol,1
2015-09-15,0.0051344210311028,-0.0178470663279538,HighVol,1
2015-09-16,-0.0072888294327393,-0.0278424897778607,HighVol,1
2015-09-17,-0.0116443565914198,-0.0291752430613557,HighVol,1
2015-09-18,-0.0038169365688188,-0.0133022805812581,HighVol,1
2015-09-21,0.0007257229492131,-0.0430117641476481,HighVol,1
2015-09-22,0.0097537989543177,-0.0298590580200368,HighVol,1
2015-09-23,0.0088431179986275,-0.0101757281221046,HighVol,1
2015-09-24,0.0060195963946937,-0.003991299124589,HighVol,1
2015-09-25,0.0047650468026494,0.011148452523793,HighVol,1
2015-09-28,0.0149512340979362,0.0556357720969618,HighVol,1
2015-09-29,0.0083584819007841,0.0514030712732604,HighVol,1
2015-09-30,0.0082309707682658,0.0405994540829903,HighVol,1
2015-10-01,0.0040381769596168,0.0472593768932108,HighVol,1
2015-10-02,0.0009281145666061,0.0324616732296072,HighVol,1
2015-10-05,-0.0064103943518452,0.0153675127787396,HighVol,1
2015-10-06,-0.0038257145486423,0.0124376666839725,HighVol,1
2015-10-07,-0.005929409623127,-0.0006021536557346,HighVol,1
2015-10-08,-0.0037504872598848,0.0056659838457566,HighVol,1
2015-10-09,-0.0066457097078898,0.0096359070112184,HighVol,1
2015-10-12,0.0046649286566215,0.009180050306101,HighVol,1
2015-10-13,-6.280584890337067e-05,0.0142824190272716,HighVol,1
2015-10-14,0.0028730261652874,0.0128458885308913,HighVol,1
2015-10-15,0.0008638139524599,0.0143810009690628,HighVol,1
2015-10-16,-0.0001918230029266,0.0208587882206223,HighVol,1
2015-10-19,0.0006496852748389,0.0178494835247071,HighVol,1
2015-10-20,0.0010456444598633,0.0171825344321205,HighVol,1
2015-10-21,0.0007480047344417,0.035174372271818,HighVol,1
2015-10-22,-0.0024183302300877,0.017392047904948,HighVol,1
2015-10-23,0.0009327123570392,0.0020239121176244,HighVol,1
2015-10-26,0.0031116096275304,0.0163766688365598,HighVol,1
2015-10-27,0.0040260533360571,0.0212972249759479,HighVol,1
2015-10-28,0.0011234304908177,0.0067480673034385,LowVol,1
2015-10-29,0.0026735057064879,0.0063212473179403,LowVol,1
2015-10-30,0.0006721544697285,0.0101477185233558,LowVol,1
2015-11-02,0.0001810327955445,-0.0109793566011011,LowVol,1
2015-11-03,-0.0015787282965439,-0.011564237489643,LowVol,1
2015-11-04,0.000689831577156,-0.0124545537792611,LowVol,1
2015-11-05,0.0004855334075881,-0.0252678142955526,LowVol,1
2015-11-06,0.0014181376665677,-0.0357076265467518,LowVol,1
2015-11-09,0.0024809361457423,-0.0118223304425009,LowVol,1
2015-11-10,0.0060478119146884,-0.0148154925127681,LowVol,1
2015-11-11,0.0077885989422086,0.0047651730269646,LowVol,1
2015-11-12,0.0031597709079159,0.0181122121105514,LowVol,1
2015-11-13,-0.0017193081582355,0.0334257709343568,LowVol,1
2015-11-16,0.0025370783684397,0.0167782507174525,HighVol,1
2015-11-17,0.0029545869476252,0.0188834198729999,HighVol,1
2015-11-18,0.0016753561783115,0.0028267031069397,HighVol,1
2015-11-19,-0.0039584421095457,0.0048429597850041,HighVol,1
2015-11-20,-0.0016878824632202,-0.0029621355002367,LowVol,1
2015-11-23,-0.0002793343440773,0.0077005714751499,LowVol,1
2015-11-24,-0.003299771986975,-0.0039168419245498,LowVol,1
2015-11-25,0.0060638739389226,-0.0177241273432379,LowVol,1
2015-11-27,0.0049117335543498,0.000285755691308,LowVol,1
2015-11-30,0.0017487335049831,-0.0016291159212863,LowVol,1
2015-12-01,-9.546524265580963e-06,-0.0177042605008806,LowVol,1
2015-12-02,0.0031126676664629,-0.0152978318743742,LowVol,1
2015-12-03,-0.0013781896318608,0.0012646024569291,LowVol,1
2015-12-04,0.0011573033207072,-0.0369238714680406,HighVol,1
2015-12-07,0.0042083882413003,-0.0261580240509528,HighVol,1
2015-12-08,0.0060058304991792,-0.0092777207924671,HighVol,1
2015-12-09,0.0008103074482459,0.0131003178121176,HighVol,1
2015-12-10,0.001085205727864,-0.0049059188878407,HighVol,1
2015-12-11,-0.0008848758228987,-0.0033164646647207,HighVol,1
2015-12-14,0.0043089599424453,-0.0001466255134136,HighVol,1
2015-12-15,0.0008116770623263,-0.0015553650459079,HighVol,1
2015-12-16,-0.0057373267892359,-0.0037678785183662,HighVol,1
2015-12-17,0.0004316949381898,0.0099779713013676,HighVol,1
2015-12-18,0.0025700547698354,0.0259473168574129,HighVol,1
2015-12-21,0.0029871081998181,0.0284129041475975,HighVol,1
2015-12-22,0.0030854700345587,0.0119412919830084,HighVol,1
2015-12-23,0.0049486238141376,-0.0104358861862985,HighVol,1
2015-12-24,0.0052570606181826,-0.022656372715309,HighVol,1
2015-12-28,0.0013944962328661,-0.0187614399696454,HighVol,1
2015-12-29,-0.0007264958788878,-0.0413696145995414,HighVol,1
2015-12-30,0.0047913972595579,-0.0576894292721182,HighVol,1
2015-12-31,0.0053195788012958,-0.0586160116257586,HighVol,1
2016-01-04,-0.0052167838648827,-0.0443239083026147,HighVol,1
2016-01-05,0.0021808482695378,-0.0382400538162123,HighVol,1
2016-01-06,0.0039584498394246,-0.0502463555545521,HighVol,1
2016-01-07,-0.0078132132568734,-0.0109255402656669,HighVol,1
2016-01-08,0.0020762708009349,-0.0214151563062156,HighVol,1
2016-01-11,0.0057254223329483,-0.0210821233354618,HighVol,1
2016-01-12,-0.0031964033718338,-0.041360988448333,HighVol,1
2016-01-13,0.0082237921501221,-0.0113333837503617,HighVol,1
2016-01-14,0.0134083691976184,-0.0073462963687689,HighVol,1
2016-01-15,0.0233826628154142,-0.0009051112476359,HighVol,1
2016-01-19,0.0177627479233637,0.0113795032277759,HighVol,1
2016-01-20,0.0268902936090591,0.0133585056864462,HighVol,1
2016-01-21,0.0165298230306299,0.0129630968956857,HighVol,1
2016-01-22,0.0104772835282414,0.0167965106243348,HighVol,1
2016-01-25,0.0290992566881083,0.0320296650031883,HighVol,1
2016-01-26,0.0021286618391709,-0.0002099218226772,HighVol,1
2016-01-27,0.0151496201004414,0.016849896775225,HighVol,1
2016-01-28,0.0108912488151527,0.013166829577546,HighVol,1
2016-01-29,0.0093386303970346,-0.0297852250910222,HighVol,1
2016-02-01,0.0036131450244717,-0.0424996345552584,HighVol,1
2016-02-02,0.0135885870697551,-0.0248737254041986,HighVol,1
2016-02-03,0.0034789830591237,-0.031520940067837,HighVol,1
2016-02-04,0.0053978486352064,-0.0456159846952954,HighVol,1
2016-02-05,0.0068440699876815,-0.0070230595752478,HighVol,1
2016-02-08,0.021132041128891,0.0235140038982579,HighVol,1
2016-02-09,0.0133497998648914,0.040176442804598,HighVol,1
2016-02-10,0.0133574109832771,0.0368107940659365,HighVol,1
2016-02-11,0.0331653077076175,0.0499836981277295,HighVol,1
2016-02-12,0.0049699154935813,0.0436692940738692,HighVol,1
2016-02-16,0.0030274701312194,0.0133843347177573,HighVol,1
2016-02-17,0.0014860794954584,0.0016592306882419,HighVol,1
2016-02-18,0.0037269839417168,0.0179603559639565,HighVol,1
2016-02-19,-0.00023862426449,0.0160938887792245,HighVol,1
2016-02-22,-0.0068929155692142,-0.0062638651086266,HighVol,1
2016-02-23,0.0024714391170596,0.0301063222674453,HighVol,1
2016-02-24,0.0062398837129132,0.0300209997200786,HighVol,1
2016-02-25,-0.0018970877907766,0.0216837509182028,HighVol,1
2016-02-26,-0.0011747134000042,0.0273717460820503,HighVol,1
2016-02-29,0.0041545895940146,0.0363196673821868,HighVol,1
2016-03-01,0.0016263749692481,0.0014634041166075,HighVol,1
2016-03-02,-0.0003759316997192,0.0019090695355157,HighVol,1
2016-03-03,-0.0028307703736644,-0.0012014882799629,HighVol,1
2016-03-04,-0.0022216712686772,0.0116251853007725,HighVol,1
2016-03-07,-0.0013372840855863,0.0095220221010527,HighVol,1
2016-03-08,0.0018506654963492,0.0190022925213446,HighVol,1
2016-03-09,0.0020688552853107,0.019861790370715,HighVol,1
2016-03-10,0.0036520853017056,0.0255087773244024,HighVol,1
2016-03-11,0.0055916368003704,0.0131885172616701,HighVol,1
2016-03-14,0.0055744360870942,0.0159290184532716,HighVol,1
2016-03-15,-0.001256219558772,0.0170399751907515,HighVol,1
2016-03-16,-0.0023120237019441,0.0045150413852832,HighVol,1
2016-03-17,-0.0022450957084986,-0.0022596082661665,HighVol,1
2016-03-18,0.0004615520518698,-0.0055777036343308,HighVol,1
2016-03-21,0.0019282982846798,0.0021985702167373,LowVol,1
2016-03-22,0.000920212144526,0.0071375347535047,LowVol,1
2016-03-23,0.0036962478955301,0.0113675241318536,LowVol,1
2016-03-24,0.0046433606775422,0.0187082987785445,LowVol,1
2016-03-28,0.0073646659071701,0.014809878319963,LowVol,1
2016-03-29,0.0024588300000818,-0.0045339195966666,LowVol,1
2016-03-30,0.0019309445671778,0.0019416245318557,LowVol,1
2016-03-31,0.0014021830451825,-0.0076390773809889,LowVol,1
2016-04-01,-0.0003681575769246,-0.0116954962619105,LowVol,1
2016-04-04,0.0027447700093455,-0.0108120840343485,LowVol,1
2016-04-05,0.0025809174041451,0.0084722685192533,LowVol,2
2016-04-06,0.0005204132289705,0.0076542711253337,LowVol,2
2016-04-07,0.0031497292887108,0.0199067813759106,LowVol,2
2016-04-08,0.001779694925632,0.0160390468145115,LowVol,2
2016-04-11,0.0031860419523047,0.0255859094538513,LowVol,2
2016-04-12,-0.0002475621760084,0.0193280910088884,LowVol,2
2016-04-13,5.5998264508010806e-05,0.0100960826344072,LowVol,2
2016-04-14,0.0004522169746122,0.0046151451623039,LowVol,2
2016-04-15,0.0001915136979068,0.0057274384077219,LowVol,2
2016-04-18,0.0002865224935757,-0.0030109442332474,LowVol,2
2016-04-19,-5.531059846647807e-05,-0.0046690689004855,LowVol,2
2016-04-20,-0.00105564409015,-0.0035695813391029,LowVol,2
2016-04-21,0.0008109578711101,-0.0072739304868129,LowVol,2
2016-04-22,0.0008109578711101,-0.012633473729199,LowVol,2
2016-04-25,0.0025458463085373,-0.0030682882521598,LowVol,2
2016-04-26,0.0024447766191009,-0.0132104276483148,LowVol,2
2016-04-27,0.0021761034787825,-0.0207307774514605,LowVol,2
2016-04-28,0.0042158787416914,-0.0119549193532707,LowVol,2
2016-04-29,0.0044317406558328,-0.0029567144165572,LowVol,2
2016-05-02,0.0035709284162951,-0.0100011775156843,LowVol,2
2016-05-03,0.0063132676706385,0.0111075621087781,LowVol,2
2016-05-04,0.0048380488365661,0.0072677537409662,LowVol,2
2016-05-05,0.0076204024082156,0.007757530374107,LowVol,2
2016-05-06,0.0047703261155604,-0.0046662584897658,LowVol,2
2016-05-09,0.0033217533039298,0.0043228100469214,LowVol,2
2016-05-10,-0.0010525898560021,-0.0172703949414325,LowVol,2
2016-05-11,-0.0005063293441461,-0.0076998758382704,LowVol,2
2016-05-12,-0.0013632417377087,-0.0114251587290102,LowVol,2
2016-05-13,0.0015979834546386,0.0035653249525962,LowVol,2
2016-05-16,-0.0030532390075436,-0.0075927032651706,LowVol,2
2016-05-17,0.0007020986125973,0.0147424451747821,LowVol,2
2016-05-18,0.0001660402457199,0.0213263778532564,LowVol,2
2016-05-19,0.0018778644082174,0.0251713898349921,LowVol,2
2016-05-20,-0.0014466926680628,0.0231152827760421,LowVol,2
2016-05-23,0.0044474880783094,0.0225621716909585,LowVol,2
2016-05-24,-0.0019503208137832,0.0115458098915228,LowVol,2
2016-05-25,-0.0013623389811425,0.0077889478798611,LowVol,2
2016-05-26,0.0002125374267177,0.0044900887919552,LowVol,2
2016-05-27,9.660446321151525e-05,0.0052796341563998,LowVol,2
2016-05-31,-0.0012354197564411,0.0087686253699932,LowVol,2
2016-06-01,-0.0001781981690227,0.0099870048961783,LowVol,2
2016-06-02,4.106190709111664e-05,0.0055469037407172,LowVol,2
2016-06-03,-0.0006210393691126,-0.0009981992680443,LowVol,2
2016-06-06,0.0001612633733297,-0.0137212903003743,LowVol,2
2016-06-07,0.0002613049288429,-0.0171956263216902,LowVol,2
2016-06-08,0.0001490799888432,-0.0217540162884859,LowVol,2
2016-06-09,0.0001294607908174,-0.0174930497490574,LowVol,2
2016-06-10,0.0018348477248214,-0.0117868691312089,LowVol,2
2016-06-13,0.0060941933976689,0.002307107563664,LowVol,2
2016-06-14,0.0059848365643534,0.0071329950616394,LowVol,2
2016-06-15,0.0056462062057523,0.0068937638206587,LowVol,2
2016-06-16,0.0016685148609829,0.0169711973573358,LowVol,2
2016-06-17,0.0053331332566248,-0.0158822267106675,LowVol,2
2016-06-20,0.0022689988039186,-0.0396920376850754,LowVol,2
2016-06-21,0.0022995281692576,-0.025138956160702,LowVol,2
2016-06-22,0.0018589397034709,-0.0069198195138083,LowVol,2
2016-06-23,-0.0008547782389815,-0.0063092112580958,LowVol,2
2016-06-24,0.0088261075318669,0.0328675263477327,HighVol,2
2016-06-27,0.0172021379710883,0.0441384324980342,HighVol,2
2016-06-28,-0.0038756083043838,0.031791085064732,HighVol,2
2016-06-29,-0.0009634235710989,0.0138877933491772,HighVol,2
2016-06-30,-0.0010931003402029,0.0151328447678744,HighVol,2
2016-07-01,0.0009724986938511,0.0165774855753619,HighVol,2
2016-07-05,0.0002322296191986,0.0313802928082411,HighVol,2
2016-07-06,0.0003117328144973,0.0250883682359135,HighVol,2
2016-07-07,0.001037114274684,0.0314509053127509,HighVol,2
2016-07-08,0.0020643985136859,0.0149540921560114,HighVol,2
2016-07-11,0.0027282510135896,0.0141052609135401,HighVol,2
2016-07-12,0.0041315954686113,0.0057687586326784,HighVol,2
2016-07-13,0.001757828445501,0.0100965286348224,HighVol,2
2016-07-14,0.0015583286361054,0.0006942524829516,HighVol,2
2016-07-15,0.0030091828964792,0.006533048774354,HighVol,2
2016-07-18,0.002565003633704,0.0011089345007673,HighVol,2
2016-07-19,0.0046250842058221,0.002590257562465,HighVol,2
2016-07-20,0.0027270829615822,-0.0026253157974516,HighVol,2
2016-07-21,0.0040898203866064,0.0023117411519162,HighVol,2
2016-07-22,0.0032749574615724,-0.0005524725206764,HighVol,2
2016-07-25,0.0027665959091409,0.0013387228413763,HighVol,2
2016-07-26,0.0088087102901282,-0.0055363888017673,LowVol,2
2016-07-27,0.0030885925311461,-0.0015703509532926,LowVol,2
2016-07-28,0.0026194224655942,-0.0016605981905221,LowVol,2
2016-07-29,0.0024108665916309,0.004882101546128,LowVol,2
2016-08-01,0.0013086041120222,0.005116528938313,LowVol,2
2016-08-02,0.0036684329748614,0.0122014085484405,LowVol,2
2016-08-03,0.0036119230849621,0.0067534926300902,LowVol,2
2016-08-04,0.0048666031191708,0.0103509106804868,LowVol,2
2016-08-05,0.0003664429251171,0.001283275042706,LowVol,2
2016-08-08,0.0004508197615655,0.0047695965616971,LowVol,2
2016-08-09,6.040729444464956e-05,-0.0010083930949785,LowVol,2
2016-08-10,0.0003909000541283,0.0033542590769033,LowVol,2
2016-08-11,-0.0001303033471887,0.0009601823363316,LowVol,2
2016-08-12,0.0008678044415426,0.0003664495247552,LowVol,2
2016-08-15,0.0004299164044334,-0.002556216485634,LowVol,2
2016-08-16,0.0013437196608281,0.0046339048342911,LowVol,2
2016-08-17,-0.0007590788573979,-0.0023814678146645,LowVol,2
2016-08-18,0.0008492824596513,-0.0053000822165483,LowVol,2
2016-08-19,-0.0001770656196153,-0.0057199775768154,LowVol,2
2016-08-22,0.0020788079656174,-0.0007778307497995,LowVol,2
2016-08-23,-4.689120866959358e-05,-0.0044296918939369,LowVol,2
2016-08-24,0.0012025693760374,-0.002157161828251,LowVol,2
2016-08-25,0.0013341431886806,-0.0014242597288894,LowVol,2
2016-08-26,0.0038493158242854,0.004970367078892,LowVol,2
2016-08-29,0.0011827433433888,0.0030682972180973,LowVol,2
2016-08-30,0.0016905341724877,0.0046330538063834,LowVol,2
2016-08-31,0.0018105853639786,0.0051980549670889,LowVol,2
2016-09-01,0.002089607384666,-0.0189060003357046,LowVol,2
2016-09-02,-0.0012112700099549,-0.0092962639969989,LowVol,2
2016-09-06,-0.0008408878220172,-0.0264803338451692,LowVol,2
2016-09-07,-0.0013583625053511,-0.0267565889722896,LowVol,2
2016-09-08,-0.0009948849323829,-0.0147816951606364,LowVol,2
2016-09-09,0.0028433776932851,0.0054756189068685,LowVol,2
2016-09-12,0.0019820675267529,-0.008560529983466,LowVol,2
2016-09-13,0.0040401674541899,0.0059465983122195,LowVol,2
2016-09-14,0.0023761468522058,0.0176407542797152,LowVol,2
2016-09-15,0.0024987832099244,0.0139215011626421,LowVol,2
2016-09-16,6.03043175127408e-05,0.0122791533307471,LowVol,2
2016-09-19,0.0021925471767738,0.0038893672533149,LowVol,2
2016-09-20,-0.0001740575392013,0.0100743855825706,LowVol,2
2016-09-21,-0.0015398588172116,0.0037998534630099,HighVol,2
2016-09-22,0.0022811781703039,-0.0115110209178485,HighVol,2
2016-09-23,0.0001839273857984,0.0014351697625443,HighVol,2
2016-09-26,-0.0008043461943455,0.0071882924134625,HighVol,2
2016-09-27,-0.0016766739580498,-0.0041285299493288,HighVol,2
2016-09-28,0.0007039930674888,-0.0046622349834223,HighVol,2
2016-09-29,0.0018728728621832,0.0051238994537783,HighVol,2
2016-09-30,0.0007949222392872,-0.0058253175990841,HighVol,2
2016-10-03,0.0007888499935723,0.0017607685696572,HighVol,2
2016-10-04,0.0012302082224191,-0.0058228658568983,HighVol,2
2016-10-05,0.0024105598309143,-0.0089042769971907,HighVol,2
2016-10-06,0.0023938995821631,-0.0128373302430194,HighVol,2
2016-10-07,0.0024486363663062,-0.008928627670963,LowVol,2
2016-10-10,0.0018155822545154,-0.0174868621784927,LowVol,2
2016-10-11,0.0049907569239402,0.0013121731049692,LowVol,2
2016-10-12,0.0037044801286374,0.0026670269517421,LowVol,2
2016-10-13,0.0046192386785419,0.0040844338339125,LowVol,2
2016-10-14,0.0047672394418474,0.0040353257426635,LowVol,2
2016-10-17,0.0106400127158563,0.0118184285477145,LowVol,2
2016-10-18,0.0007671398882524,0.0021522029305687,LowVol,2
2016-10-19,0.0006330143280864,-0.002520194661935,LowVol,2
2016-10-20,-0.0012223840500104,-0.0033196550478741,LowVol,2
2016-10-21,-0.0014007863062156,-0.0067292477517462,LowVol,2
2016-10-24,-8.794533377013695e-05,-0.010889206996702,LowVol,2
2016-10-25,0.0003227162255348,-0.0147547779014707,LowVol,2
2016-10-26,0.0009935299962032,-0.0187139374517654,LowVol,2
2016-10-27,0.0014936242481864,-0.0205937924480564,LowVol,2
2016-10-28,-0.0037273162824219,-0.0187731312949366,LowVol,2
2016-10-31,0.0026089847135261,0.0028230449893549,LowVol,2
2016-11-01,0.0026085057969197,0.0146916808014316,LowVol,2
2016-11-02,0.0038664453934078,0.0316580957945791,LowVol,2
2016-11-03,0.0034314419895718,0.0389882959560863,LowVol,2
2016-11-04,0.0034934659875516,0.0377367052972845,LowVol,2
2016-11-07,0.0002623794322901,0.0161385229491182,LowVol,2
2016-11-08,-0.0009788757351992,0.0194758189247135,LowVol,2
2016-11-09,0.0017119165952897,0.0068860685506439,LowVol,2
2016-11-10,-0.0022849062412051,0.0095425823120542,LowVol,2
2016-11-11,0.0011084892779926,0.0096107473947815,LowVol,2
2016-11-14,0.0003128864854321,0.0164366801461048,LowVol,2
2016-11-15,2.7433396533443776e-05,0.0105368619513004,LowVol,2
2016-11-16,0.000358372730746,0.0129892175235613,LowVol,2
2016-11-17,0.0004497649204903,0.0115531014563337,LowVol,2
2016-11-18,0.0005004999245551,0.0090619728725678,LowVol,2
2016-11-21,0.0006809446315784,0.0034522822490499,LowVol,2
2016-11-22,0.0006393634737901,-0.0009066775781487,LowVol,2
2016-11-23,0.0011600822183727,-0.0051199711338905,LowVol,2
2016-11-25,0.0018711213163266,-0.0083061824516718,LowVol,2
2016-11-28,0.0008255044919523,0.002358786465437,LowVol,2
2016-11-29,0.0009766403688447,0.0035758686272289,LowVol,2
2016-11-30,0.0013952529929543,0.019148735358863,LowVol,2
2016-12-01,0.0024456628452148,0.0254133193411829,LowVol,2
2016-12-02,0.003135119262938,0.0310906879816807,LowVol,2
2016-12-05,0.0016865805716687,0.0237553492985174,LowVol,2
2016-12-06,0.000524045136804,0.0273342459621481,LowVol,2
2016-12-07,-0.0004510873861079,0.0056989238266993,LowVol,2
2016-12-08,0.0003292819582442,0.0073728096139102,LowVol,2
2016-12-09,-4.019112673444462e-05,-0.0006339768469798,LowVol,2
2016-12-12,-0.0008059302257166,0.0026930667985496,LowVol,2
2016-12-13,-0.0003441830221488,-0.0001122171359322,LowVol,2
2016-12-14,-0.0017431154339537,0.0054043467862439,LowVol,2
2016-12-15,0.0001691002185233,-0.0004477624372734,LowVol,2
2016-12-16,-0.0018558624581121,0.0029772588070382,LowVol,2
2016-12-19,0.0007072375036073,0.0032812801494375,LowVol,2
2016-12-20,0.0012913843866953,-0.0088340606743347,LowVol,2
2016-12-21,0.001669630551552,-0.0062896882451847,LowVol,2
2016-12-22,0.0036110014990916,-0.0082086982499725,LowVol,2
2016-12-23,0.0034774119603719,-0.0020823615358321,LowVol,2
2016-12-27,0.0013871010497323,0.0013697697945711,LowVol,2
2016-12-28,0.0050590701239263,0.008912796862597,LowVol,2
2016-12-29,0.005355845219455,0.0127478485058758,LowVol,2
2016-12-30,0.0056289874809725,0.0131079609369098,LowVol,2
2017-01-03,0.0023793516998644,0.0054164225383845,LowVol,2
2017-01-04,0.0012302264505839,0.0022948935919637,LowVol,2
2017-01-05,0.0003031698124407,0.0005742969030464,LowVol,2
2017-01-06,0.0002512496217865,-0.0007040432969469,LowVol,2
2017-01-09,-0.0002790206690191,-0.0009272539504531,LowVol,2
2017-01-10,-0.0005995233043136,0.0012805196315177,LowVol,2
2017-01-11,0.0005010724452914,-0.0052398140668854,LowVol,2
2017-01-12,-3.924826966983545e-05,0.0009269673182032,LowVol,2
2017-01-13,0.0012724435183427,-0.0039640872239661,LowVol,2
2017-01-17,0.0011346815251206,0.0059668422443346,LowVol,2
2017-01-18,0.0012685055508199,0.0124367875103099,LowVol,2
2017-01-19,0.001317786576249,0.0151389337591942,LowVol,2
2017-01-20,-0.0003588012790487,0.0098352274894049,LowVol,2
2017-01-23,0.0008217539038282,0.0061910558681326,LowVol,2
2017-01-24,-9.658871512677077e-05,-0.0003072769917964,LowVol,2
2017-01-25,8.720171404898886e-05,-0.0084941885280254,LowVol,2
2017-01-26,0.0001429448810217,-0.0068025082196749,LowVol,2
2017-01-27,0.0003019846258512,0.0016158751824058,LowVol,2
2017-01-30,0.0002295892788855,0.0060643489090597,LowVol,2
2017-01-31,0.001310830203746,0.0061966456096074,LowVol,2
2017-02-01,0.0014595808689104,0.0071170368677409,LowVol,2
2017-02-02,0.0014598433133727,0.0124245770977005,LowVol,2
2017-02-03,0.0004642274602465,0.009461813804682,LowVol,2
2017-02-06,3.473731532974178e-05,0.0167738003640669,LowVol,2
2017-02-07,0.0007013097721629,0.020791499664144,LowVol,2
2017-02-08,-0.0002235270842208,0.0247776952279719,LowVol,2
2017-02-09,-0.0008268071108931,0.0178666748832081,LowVol,2
2017-02-10,-0.0001305876106447,0.0154638571649541,LowVol,2
2017-02-13,0.0004471298437051,0.0159815097493931,LowVol,2
2017-02-14,0.0001199316566589,0.0110398128672561,LowVol,2
2017-02-15,0.0003292819582442,0.006470104672509,LowVol,2
2017-02-16,1.7343295728300815e-05,0.0086059243502698,LowVol,2
2017-02-17,0.0006469606774389,0.0085923035944757,LowVol,2
2017-02-21,0.0003406093234809,-8.481423584472125e-05,LowVol,2
2017-02-22,0.0007537690319572,0.0148128656084658,LowVol,2
2017-02-23,0.0007671621436775,0.0077398883137735,LowVol,2
2017-02-24,0.0006469606774389,0.0070965157122753,LowVol,2
2017-02-27,0.0007537690319572,0.0025305255905312,LowVol,2
2017-02-28,0.0013907433935869,0.0022413987922986,LowVol,2
2017-03-01,0.00141440750076,-0.0134290870764294,LowVol,2
2017-03-02,0.000720243997162,-0.0059177802010698,LowVol,2
2017-03-03,0.0006339176514525,-0.0030620391789704,LowVol,2
2017-03-06,0.0026194224655942,0.0004207021223243,LowVol,2
2017-03-07,0.001813947045304,-0.0004220372369173,LowVol,2
2017-03-08,0.002909811559621,0.0101032435451997,LowVol,2
2017-03-09,0.0025828168007868,0.0068396987543251,LowVol,2
2017-03-10,0.0023793516998644,0.0015616640365596,LowVol,2
2017-03-13,0.0022461295256919,-4.179919221025674e-05,LowVol,2
2017-03-14,0.0014936351732345,-0.0090888882772354,LowVol,2
2017-03-15,-0.0001152081162056,-0.0152783166222343,LowVol,2
2017-03-16,0.0003738430539798,-0.0143906086019708,LowVol,2
2017-03-17,0.0010807254428093,-0.0133736137271104,LowVol,2
2017-03-20,0.0017730111746377,-0.0133041735145819,LowVol,2
2017-03-21,6.724863689270896e-05,0.0068027662741121,LowVol,2
2017-03-22,0.0039885227983761,0.0053781699914379,LowVol,2
2017-03-23,0.0052047013599729,0.0096568225403756,LowVol,2
2017-03-24,0.004354146524184,0.0080390440263717,LowVol,2
2017-03-27,0.003197929085585,0.0073194791892192,LowVol,2
2017-03-28,-0.0001667793361423,0.0006797585346545,LowVol,2
2017-03-29,-0.002365402012054,-0.0032267922399993,LowVol,2
2017-03-30,-0.0016435573980014,-0.0035974053764121,LowVol,2
2017-03-31,-0.0030886494535797,-0.0022908363030536,LowVol,2
2017-04-03,-0.0015897275426843,4.250653622328571e-05,LowVol,2
2017-04-04,0.0001479456694087,-0.0017834630829884,LowVol,2
2017-04-05,0.0017766746931971,-0.0031942563050099,LowVol,2
2017-04-06,0.0018459298122083,-0.0124447748131185,LowVol,2
2017-04-07,0.0018851051290403,-0.0026788665080779,LowVol,2
2017-04-10,0.0006659187710867,-0.0062461712009542,LowVol,2
2017-04-11,0.0027182548481273,-0.0068918663128342,LowVol,2
2017-04-12,0.0017471908377759,0.0055974019708355,LowVol,2
2017-04-13,0.0034092990039884,0.0089459363485713,LowVol,2
2017-04-17,0.0009204632932317,0.0110842743901871,LowVol,2
2017-04-18,0.0006071160054427,0.0200112097052209,LowVol,2
2017-04-19,0.0043797386976046,0.0212475880434062,LowVol,2
2017-04-20,-0.0001679627525641,0.0138524187814832,LowVol,2
2017-04-21,0.0001695690617861,0.0148771382445647,LowVol,2
2017-04-24,-0.0009390445777313,0.0063666830042738,LowVol,2
2017-04-25,-0.0010900134317482,0.0009222250013052,LowVol,2
2017-04-26,-0.0017386546164333,0.0003353771705534,LowVol,2
2017-04-27,-0.0003495192220925,0.0006705618752484,LowVol,2
2017-04-28,-0.0002172608604991,0.0068042953670635,LowVol,2
2017-05-01,-6.254769868081864e-05,0.0041061390222834,LowVol,2
2017-05-02,3.57110051729374e-05,0.0028060199868245,LowVol,2
2017-05-03,-0.0003678968021021,0.0058286646314056,LowVol,2
2017-05-04,0.0006914362113679,0.0025967322094693,LowVol,2
2017-05-05,9.649204614870668e-05,-0.0030036441910029,LowVol,2
2017-05-08,-0.0001241819281258,0.002670310410427,LowVol,2
2017-05-09,0.0013489720836663,0.0026728375645526,LowVol,2
2017-05-10,6.46894636363601e-05,-0.0168843139092172,LowVol,2
2017-05-11,0.0011369243723378,-0.0109030414208711,LowVol,2
2017-05-12,0.0039290086816107,-0.0028037019584868,LowVol,2
2017-05-15,0.0006729910202886,-0.0032455418675416,LowVol,2
2017-05-16,0.0014137434108474,-0.0001250700947337,LowVol,2
2017-05-17,0.0042634338974638,0.0203123402069544,LowVol,2
2017-05-18,0.0040661394335825,0.0210751246334874,LowVol,2
2017-05-19,0.003034085411624,0.0142671327594527,LowVol,2
2017-05-22,0.0029304290881079,0.0082663364718389,LowVol,2
2017-05-23,0.0003048421425388,0.0057906906959654,LowVol,2
2017-05-24,-0.00065717771131,0.0114291898499621,LowVol,2
2017-05-25,-0.0008796909354558,0.0099686250213903,LowVol,2
2017-05-26,-0.0007130864576392,0.0094329066830665,LowVol,2
2017-05-30,-2.118665512350609e-05,0.0070805750077069,LowVol,2
2017-05-31,-0.0007861801800956,0.0091948688019891,LowVol,2
2017-06-01,-7.343323530254736e-05,0.0017257142956563,LowVol,2
2017-06-02,-0.0003774251307169,-0.0031125993040129,LowVol,2
2017-06-05,0.0003616033103952,-0.0025821404614706,LowVol,2
2017-06-06,-0.0002180186544716,0.0055098784726439,LowVol,2
2017-06-07,-0.0005416902041585,0.0023804429635307,LowVol,2
2017-06-08,0.0003753403384284,-4.0816051824266175e-05,LowVol,2
2017-06-09,0.0020712280824376,0.0016978178492585,LowVol,2
2017-06-12,0.0019060185566842,0.0102448201748432,LowVol,2
2017-06-13,0.0002692814550819,-0.0014516211994406,LowVol,2
2017-06-14,0.0008978576562262,-0.0004310116921402,LowVol,2
2017-06-15,0.001454550020496,0.0010427334728226,LowVol,2
2017-06-16,0.0010821917972145,0.0020193846162528,LowVol,2
2017-06-19,9.350772482182654e-05,-0.0055999709521107,LowVol,2
2017-06-20,0.0020189189772919,-0.0069132798824644,LowVol,2
2017-06-21,0.0014176385582644,0.0022224703276183,LowVol,2
2017-06-22,0.0015559800903468,-0.0061356554761634,LowVol,2
2017-06-23,0.000588261339695,-0.005470068287757,LowVol,2
2017-06-26,0.0020128269112025,-0.0044388738024684,LowVol,2
2017-06-27,0.0059132040023425,0.0059670025964047,LowVol,2
2017-06-28,0.0004218214660028,-0.0120743732767273,LowVol,2
2017-06-29,0.0041139267428437,0.003148962153314,LowVol,2
2017-06-30,0.0019609778728495,0.0023569808804428,LowVol,2
2017-07-03,0.0063052876169114,-8.270479021654786e-05,LowVol,2
2017-07-05,-0.0005923088762018,0.0051074808474891,LowVol,2
2017-07-06,0.0047148916700659,0.0160882373398358,LowVol,2
2017-07-07,0.0006351933211163,0.0142497388392675,LowVol,2
2017-07-10,0.0029039626573054,0.013038162670409,LowVol,2
2017-07-11,0.0022551883691689,0.0143277421913985,LowVol,2
2017-07-12,-0.0013537142277948,0.012212976032512,LowVol,2
2017-07-13,-0.0017153755590911,0.010964784059456,LowVol,2
2017-07-14,-0.000622767450303,0.0053755426429664,LowVol,2
2017-07-17,-0.0007167061789561,0.0052539978091061,LowVol,2
2017-07-18,-0.0018026042078044,0.0071643757120747,LowVol,2
2017-07-19,-0.0001827491649194,0.0017812360124567,LowVol,2
2017-07-20,-0.0002145517474318,0.0004046300477065,LowVol,2
2017-07-21,-0.0005051505311259,0.0001215327433672,LowVol,2
2017-07-24,-9.435028119316516e-05,-0.0002027934711741,LowVol,2
2017-07-25,-0.0002737618214444,-0.000404248576615,LowVol,2
2017-07-26,0.0006411884377762,4.0515476060543065e-05,LowVol,2
2017-07-27,0.0003862003518803,-0.0009708613749158,LowVol,2
2017-07-28,0.0008978576562262,0.0020249914621002,LowVol,2
2017-07-31,0.0010052502985938,0.0044578080188608,LowVol,2
2017-08-01,0.000843914607223,-0.0002426330383995,LowVol,2
2017-08-02,0.0010046660107445,-0.000768130952066,LowVol,2
2017-08-03,0.0024179478508085,-0.0129577062277265,LowVol,2
2017-08-04,0.0006647634979475,-0.0132976711583578,LowVol,2
2017-08-07,0.0001826702158524,-0.0053658883821835,LowVol,2
2017-08-08,0.0010958098267121,-0.0030333650271849,LowVol,2
2017-08-09,0.0011456245634365,-0.0012534859983135,LowVol,2
2017-08-10,0.0069589815718677,-0.0027484203605226,LowVol,2
2017-08-11,0.00486484606787,-0.0057758991684051,LowVol,2
2017-08-14,0.0027775210695216,-0.01476433961677,LowVol,2
2017-08-15,0.0025839097945199,-0.0043404383939636,LowVol,2
2017-08-16,0.0027791918197674,-0.0096382830238471,LowVol,2
2017-08-17,0.0033099732308884,0.0037023932739854,LowVol,2
2017-08-18,0.0045193640533114,0.007621956181528,LowVol,2
2017-08-21,0.003481805481307,0.0068752838741554,LowVol,2
2017-08-22,0.0013567895186528,-0.0024037137534859,LowVol,2
2017-08-23,0.0010919359915241,0.0059292579525846,LowVol,2
2017-08-24,-0.0009755821121605,0.0143447251411643,LowVol,2
2017-08-25,-0.001929076665342,0.0134118646178849,LowVol,2
2017-08-28,0.0009857909490612,0.0060921814743184,LowVol,2
2017-08-29,-5.97863583562437e-05,0.0083721783997767,LowVol,2
2017-08-30,-0.0006018546518237,0.0034955934698015,LowVol,2
2017-08-31,-0.0004320234235691,-0.0036767924176823,LowVol,2
2017-09-01,-0.0012239081584372,0.005528050368035,LowVol,2
2017-09-05,5.258177954177848e-06,0.0162157264055931,LowVol,2
2017-09-06,9.448169599110276e-05,0.0132441482701792,LowVol,2
2017-09-07,0.0008617869738355,0.0130435762776339,LowVol,2
2017-09-08,0.0025626919546956,0.015599965453817,LowVol,2
2017-09-11,-0.0002705647716043,0.0070194168006536,LowVol,2
2017-09-12,-0.0004356243987949,0.0046410722076721,LowVol,2
2017-09-13,-0.0001320141608547,0.0045208771961466,LowVol,2
2017-09-14,-0.0005428144107875,0.0021496124962117,LowVol,2
2017-09-15,-0.0001494953210897,0.0010034304379367,LowVol,2
2017-09-18,-0.0001279132481188,-0.0031638246228873,LowVol,2
2017-09-19,0.0003815063950816,-0.003560207887291,LowVol,2
2017-09-20,-4.211889088196204e-05,-3.989138644366896e-05,LowVol,2
2017-09-21,0.001216713722073,0.0038498788905254,LowVol,2
2017-09-22,0.0017536654225776,0.0071758135603749,LowVol,2
2017-09-25,0.0023395972411731,0.0136186053614439,LowVol,2
2017-09-26,0.0021450852727959,0.0151754414942641,LowVol,2
2017-09-27,0.0007012132424193,0.0124375266186067,LowVol,2
2017-09-28,0.0006080706823835,0.0172156215639218,LowVol,2
2017-09-29,-0.000636219033267,0.0124985744921715,LowVol,2
2017-10-02,-0.000623051713759,0.0064597707563753,LowVol,2
2017-10-03,-0.0003091376309522,0.0069607585002799,LowVol,2
2017-10-04,0.0004340943377761,0.0073472268015926,LowVol,2
2017-10-05,0.0002893879467404,-7.847882248290805e-05,LowVol,2
2017-10-06,0.000514477886982,0.0022800602723243,LowVol,2
2017-10-09,0.0003992671900568,0.0052767037981602,LowVol,2
2017-10-10,0.0006002552506451,0.0033384123875497,LowVol,2
2017-10-11,0.0004369521005119,0.0027448677330519,LowVol,2
2017-10-12,0.0013735279737151,0.004516042323438,LowVol,2
2017-10-13,0.0011038733432,0.008472377168381,LowVol,2
2017-10-16,0.0005571535667506,0.0032120182502966,LowVol,2
2017-10-17,0.0008241750781195,0.0042664745746741,LowVol,2
2017-10-18,0.0012106816977183,-0.0016816668121798,LowVol,2
2017-10-19,0.0005273743690601,-0.0006646012191208,LowVol,2
2017-10-20,7.020890645164384e-06,0.0023336965989224,LowVol,2
2017-10-23,0.0012893686938896,0.0024990825487818,LowVol,2
2017-10-24,0.0008441913005054,0.002299682553517,LowVol,2
2017-10-25,-0.0003111468707268,0.0086175264872778,LowVol,2
2017-10-26,0.0014836196126792,0.0077066007879098,LowVol,2
2017-10-27,0.0006389500038426,0.0028713844420962,LowVol,2
2017-10-30,0.001455478187878,0.0081789138423644,LowVol,2
2017-10-31,0.001061540766479,0.0059110527494661,LowVol,2
2017-11-01,-0.0004699504446745,0.006291533879922,LowVol,2
2017-11-02,0.0001131656833312,0.0022518300569904,LowVol,2
2017-11-03,0.0005862669265909,-0.0013929852028443,LowVol,2
2017-11-06,0.0002194470392741,-0.0020086358789664,LowVol,2
2017-11-07,0.0002913054674027,-0.0036342277514227,LowVol,2
2017-11-08,0.000398113821921,-0.0103044760807513,LowVol,2
2017-11-09,0.0003745212666367,0.0017432553402165,LowVol,2
2017-11-10,0.0018967732519256,-0.0008910537834619,LowVol,2
2017-11-13,0.0026177988005236,-0.0001162487246622,LowVol,2
2017-11-14,0.0021005305250614,0.0087690490371699,LowVol,2
2017-11-15,0.0038762161054476,0.0129467338834636,LowVol,2
2017-11-16,0.0004218214660028,0.0067277718968044,LowVol,2
2017-11-17,0.0006179466540651,0.0091911068534598,LowVol,2
2017-11-20,0.0016002217657045,0.0176927592769691,LowVol,2
2017-11-21,-0.0004499780413698,0.0104619722246859,LowVol,2
2017-11-22,-0.000190479477263,0.0202107522875438,LowVol,2
2017-11-24,0.0010969410187052,0.0157472178604456,LowVol,2
2017-11-27,-0.0004320568086696,0.0150249539826714,LowVol,2
2017-11-28,-0.0042823083421508,0.0012172415257467,LowVol,2
2017-11-29,0.0002801985421137,0.0020174254810056,LowVol,2
2017-11-30,0.0010476173131022,-0.003546757333781,LowVol,2
2017-12-01,0.0016815952406268,0.0039706315423302,LowVol,2
2017-12-04,0.0001086894371562,0.0082153034647014,LowVol,2
2017-12-05,0.0010273711849476,0.0136404793138313,LowVol,2
2017-12-06,0.000933049882677,0.0133338722123959,LowVol,2
2017-12-07,0.0019511027997151,0.0060212381352844,LowVol,2
2017-12-08,0.0004312142522982,0.0088973378126198,LowVol,2
2017-12-11,0.0003110127860595,0.01224484708619,LowVol,2
2017-12-12,0.0006469606774389,0.0065807287862125,LowVol,2
2017-12-13,0.0003429687820244,0.0061662552184178,LowVol,2
2017-12-14,0.0011513150970318,0.0123754804086897,LowVol,2
2017-12-15,-0.0037022057890291,0.0037520515567308,LowVol,2
2017-12-18,0.0003110127860595,-0.0037659326799435,LowVol,2
2017-12-19,0.0007671621436775,0.0005614956093593,LowVol,2
2017-12-20,0.0008739704981959,0.0031456601144448,LowVol,2
2017-12-21,0.0002330502873745,-0.0026909972799024,LowVol,2
2017-12-22,0.0008739704981959,0.0047096974142697,LowVol,2
2017-12-26,0.0048666031191708,0.0122761316485604,LowVol,2
2017-12-27,0.0023580405099922,0.0160479030080342,LowVol,2
2017-12-28,0.0010218539997204,0.020719171004762,LowVol,2
2017-12-29,0.001760393250254,0.0264561267944316,LowVol,2
2018-01-02,0.0003664429251171,0.0214684298124803,LowVol,2
2018-01-03,0.0003110127860595,0.0134951354676993,LowVol,2
2018-01-04,0.0003110127860595,0.0166049610876017,LowVol,2
2018-01-05,-0.0002748088682184,0.016458166929258,LowVol,2
2018-01-08,-0.0001181536254194,0.011134465178979,LowVol,2
2018-01-09,8.576488540649136e-05,0.0184673786934155,LowVol,2
2018-01-10,0.0007975647593898,0.0183130599208829,LowVol,2
2018-01-11,0.000717776226197,0.0155363902915579,LowVol,2
2018-01-12,0.0003627802115943,0.0171633550321861,LowVol,2
2018-01-16,0.0005488438373352,0.0228182971597239,LowVol,2
2018-01-17,-0.0004167214357546,0.0127675617378439,LowVol,2
2018-01-18,-0.0002428528722535,0.0149024908509478,LowVol,2
2018-01-19,-0.0005664872266501,0.0220040082570118,LowVol,2
2018-01-22,0.0004952630020512,0.0070393706984219,LowVol,2
2018-01-23,-0.0005456880536279,-0.0054007945813269,LowVol,2
2018-01-24,0.000386764509457,-0.0045201588527874,LowVol,2
2018-01-25,0.0008528357327497,-0.0060713630565901,LowVol,2
2018-01-26,-0.0002452123307971,-0.0388377937374819,LowVol,2
2018-01-29,0.0008955402922155,-0.0728888456353309,LowVol,2
2018-01-30,0.0025303725611339,-0.0448253520739262,LowVol,2
2018-01-31,0.0015332942551558,-0.0504788110481312,LowVol,2
2018-02-01,0.0020041867309213,-0.085055593928833,LowVol,2
2018-02-02,0.0012236759224082,-0.0506443564786516,LowVol,2
2018-02-05,0.0089230965432066,0.0053423653842328,HighVol,2
2018-02-06,0.0066635019657866,-0.0116301035125259,HighVol,2
2018-02-07,0.0010080900994727,0.0071729532035014,HighVol,2
2018-02-08,0.0086550443241358,0.0597761548169186,HighVol,2
2018-02-09,-0.0093073325625335,0.0443976772961307,HighVol,2
2018-02-12,-0.0064179987617703,0.0228384902082108,HighVol,2
2018-02-13,0.0033797270085231,0.0152253672701421,HighVol,2
2018-02-14,-0.0114320635285761,0.0030046399651026,HighVol,2
2018-02-15,-0.0026500724145318,0.0061529345514006,HighVol,2
2018-02-16,0.0009446578875679,0.0175386969309936,HighVol,2
2018-02-20,-0.0013755802711274,0.0111641419487928,HighVol,2
2018-02-21,-4.440258528711738e-05,0.0059250926537899,HighVol,2
2018-02-22,-9.44218247803704e-05,-0.009985099581347,HighVol,2
2018-02-23,-0.0024418961004768,-0.0204944481759739,HighVol,2
2018-02-26,-0.0044207854640021,-0.0205467757214337,HighVol,2
2018-02-27,-0.0055341841851785,-0.0056474893502749,HighVol,2
2018-02-28,-0.0031973225435721,0.0041596498861105,HighVol,2
2018-03-01,-0.0023120324935058,0.0239075077555164,HighVol,2
2018-03-02,0.0012437913313709,0.0363832294577159,HighVol,2
2018-03-05,0.0010435737625042,0.0232559877008489,HighVol,2
2018-03-06,0.0071336336446838,0.0140718731263898,HighVol,2
2018-03-07,0.0038997661882062,0.0092384377119412,HighVol,2
2018-03-08,0.0032912823840197,0.0032831622148206,HighVol,2
2018-03-09,0.0049591148861368,-0.0128079253096852,HighVol,2
2018-03-12,0.0001242208426375,-0.0249411789961385,HighVol,2
2018-03-13,0.0012712234738747,-0.0169296344383568,HighVol,2
2018-03-14,0.0011509191325176,-0.0137557435027344,HighVol,2
2018-03-15,0.0029542545101786,-0.0373598354386168,HighVol,2
2018-03-16,0.0025586543241029,-0.058898867921717,HighVol,2
2018-03-19,0.0040127734260342,-0.0198903742346937,HighVol,2
2018-03-20,0.0100830443916778,-0.0381989710289788,HighVol,2
2018-03-21,0.0071923233360569,-0.0391966825855073,HighVol,2
2018-03-22,0.002357730900764,-0.0019720523493365,HighVol,2
2018-03-23,-0.0029104269054043,-0.0022476562427672,HighVol,2
2018-03-26,0.002499555258616,-0.0163703682856176,HighVol,2
2018-03-27,-0.0028121383960973,0.0113582238493672,HighVol,2
2018-03-28,-0.001006396400561,0.0223606900864532,HighVol,2
2018-03-29,0.0059416886727844,-0.0130345796999986,HighVol,2
2018-04-02,0.0014446849363152,0.0137102971957325,HighVol,2
2018-04-03,0.0042189888731081,0.0167965683516544,HighVol,2
2018-04-04,-0.0026327673950664,0.000758909385339,HighVol,2
2018-04-05,0.0010410735765776,0.0010916522588033,HighVol,2
2018-04-06,-0.0021712014019602,0.0209073577014105,HighVol,2
2018-04-09,0.0011586251130309,0.0242529498861114,HighVol,2
2018-04-10,0.0013385816483299,0.0190082126086756,HighVol,2
2018-04-11,0.0030106032518561,0.0251365299615722,HighVol,2
2018-04-12,0.003837973922051,0.0111310304718046,HighVol,2
2018-04-13,0.0016396426476322,0.0055060851077415,HighVol,2
2018-04-16,-0.0004130214111679,-0.0028429145465903,HighVol,2
2018-04-17,0.0015470658592023,-0.0266851185231065,HighVol,2
2018-04-18,0.0019220982210382,-0.0250012580819763,HighVol,2
2018-04-19,0.001428867280747,-0.0095953167221305,HighVol,2
2018-04-20,0.0031391645509746,-0.0001873945662068,HighVol,2
2018-04-23,0.0081758278737473,-0.0077276461439049,HighVol,2
2018-04-24,0.00332517901377,0.007605172965845,HighVol,2
2018-04-25,0.0032866244227157,-0.0016307560833722,HighVol,2
2018-04-26,0.0046487400299656,-0.0138560367712298,HighVol,2
2018-04-27,0.0045037732510269,-0.0020258772469319,HighVol,2
2018-04-30,0.0064531135482264,0.0091111163905654,HighVol,2
2018-05-01,0.0029023792460218,0.0073212658721721,HighVol,2
2018-05-02,0.0063183032589274,0.023936039190499,HighVol,2
2018-05-03,0.0035186499739377,0.0357933152931155,HighVol,2
2018-05-04,0.0020512084503667,0.025674938730674,HighVol,2
2018-05-07,0.0002636628931861,0.0227032093574961,HighVol,2
2018-05-08,-0.0009442417480724,0.0156602730123658,LowVol,2
2018-05-09,0.0008178088960502,0.0101666274720169,LowVol,2
2018-05-10,-0.0005381421068696,-3.691171164066365e-05,LowVol,2
2018-05-11,0.0002719584878784,-0.005570988754857,LowVol,2
2018-05-14,0.0001688936231271,0.0014289138808596,LowVol,2
2018-05-15,0.0004946047653025,0.0055698495558245,LowVol,2
2018-05-16,0.000543529726068,0.0041143031123682,LowVol,2
2018-05-17,0.0015191405661933,0.0029042952180384,LowVol,2
2018-05-18,0.002431974053595,0.0030219524132455,LowVol,2
2018-05-21,0.001093232184662,-0.0159125819319578,LowVol,2
2018-05-22,0.0013303246192807,0.0,LowVol,2
2018-05-23,-0.0004380789203392,-0.0088530041850289,LowVol,2
2018-05-24,0.0007827600149666,0.0029325005152864,LowVol,2
2018-05-25,0.0014540092114661,0.0101048460069304,LowVol,2
2018-05-29,0.0022227247871897,0.0226005693482456,LowVol,2
2018-05-30,0.0009001763363603,0.0175709387263252,LowVol,2
2018-05-31,0.0028735165989761,0.0237324304261423,LowVol,2
2018-06-01,0.0003384783406841,0.0167764934336469,LowVol,2
2018-06-04,-0.0001555787089497,0.013313870120841,LowVol,2
2018-06-05,4.637259233465089e-05,0.0138858368629855,LowVol,2
2018-06-06,-0.0001788785923252,0.0022709137936434,LowVol,2
2018-06-07,-0.0006562049856791,0.0049033188869276,LowVol,2
2018-06-08,7.034996418243612e-05,0.0006629918968623,LowVol,2
2018-06-11,-0.0001637522426388,-0.0027214679955462,LowVol,2
2018-06-12,4.578538609803009e-05,-0.0078264024163737,LowVol,2
2018-06-13,0.0004479237081414,-0.0029521800136796,LowVol,2
2018-06-14,0.0003664429251171,-0.0116907444991298,LowVol,2
2018-06-15,-0.0033391280310103,-0.008624253679922,LowVol,2
2018-06-18,0.0031319854630819,-0.0201041218703099,LowVol,2
2018-06-19,0.0028297972346712,-0.0141558227730274,LowVol,2
2018-06-20,0.0023768814756199,-0.0239880641396991,LowVol,2
2018-06-21,0.0049503019519007,-0.0122153966484673,LowVol,2
2018-06-22,0.0039897827114725,-0.0125936922578178,LowVol,2
2018-06-25,0.0066302655878959,0.0031733195680154,LowVol,2
2018-06-26,0.0059738180828705,-0.0025773892565927,LowVol,2
2018-06-27,0.0062184114359178,0.0139592904203857,LowVol,2
2018-06-28,0.0061092169650417,0.0167224376029184,LowVol,2
2018-06-29,0.0055080908347001,0.0244025251847286,LowVol,2
2018-07-02,0.0011844201881173,0.0258956861992327,LowVol,2
2018-07-03,0.0054683865917131,0.0220010636984897,LowVol,2
2018-07-05,-0.0021465510244087,0.0229214796267047,LowVol,2
2018-07-06,-0.0016449252908682,0.0151404707925513,LowVol,2
2018-07-09,-0.0008354145271393,0.0051818603075093,LowVol,2
2018-07-10,-0.0004636428105246,0.0056292642149147,LowVol,2
2018-07-11,-0.0031022136062052,0.015169905896635,LowVol,2
2018-07-12,0.0001361695430651,0.0022546289664671,LowVol,2
2018-07-13,0.0003779856765304,0.000322012573654,LowVol,2
2018-07-16,0.0001609767143171,0.0030788857745347,LowVol,2
2018-07-17,0.0004299164044334,0.0040646354959403,LowVol,2
2018-07-18,0.0003303582880716,0.0104959650219118,LowVol,2
2018-07-19,-0.0003908418795629,0.0119286597187351,LowVol,2
2018-07-20,0.0003189371779954,0.0062212718322982,LowVol,2
2018-07-23,0.000923194762851,-0.0008923406504895,LowVol,2
2018-07-24,0.0004312142522982,-0.0009941140176074,LowVol,2
2018-07-25,0.0001785299956026,-0.0110914583373533,LowVol,2
2018-07-26,0.0006469606774389,-0.0033526238407022,LowVol,2
2018-07-27,0.0016134190609669,0.0077466357256863,LowVol,2
2018-07-30,0.0019104398845965,0.0167532255424309,LowVol,2
2018-07-31,0.00160054276041,0.0151066525997962,LowVol,2
2018-08-01,0.0028974487509274,0.0163784511142375,LowVol,2
2018-08-02,0.0016004391806098,0.00949025650033,LowVol,2
2018-08-03,0.0003160209489676,-0.0015518075282232,LowVol,2
2018-08-06,0.0003914130999546,-0.0089239557728101,LowVol,2
2018-08-07,0.0004687546830242,-0.0058828520553412,LowVol,2
2018-08-08,0.0005146391314003,-0.0128915437377604,LowVol,2
2018-08-09,3.0575647512004794e-05,-0.003543329674331,LowVol,2
2018-08-10,0.0016081187273591,0.0067102399113141,LowVol,2
2018-08-13,0.0031587545079411,0.0126558730780128,LowVol,2
2018-08-14,0.0024768119741028,0.0085943394096006,LowVol,2
2018-08-15,-0.0002736643434929,0.0155794716355757,LowVol,2
2018-08-16,0.0018221162695691,0.0060909474625825,LowVol,2
2018-08-17,-2.0746205843255822e-05,0.0085945514013205,LowVol,2
2018-08-20,-0.0005577721869875,0.0143867266457988,LowVol,2
2018-08-21,-0.0001303033471887,0.0125027784252995,LowVol,2
2018-08-22,-0.0007057050875102,0.0185553954810324,LowVol,2
2018-08-23,-0.0005407879689669,0.0157807626516321,LowVol,2
2018-08-24,2.873639764074349e-05,0.0097388164378042,LowVol,2
2018-08-27,0.0003110127860595,0.0001036026852483,LowVol,2
2018-08-28,0.0007537690319572,-0.0030696057080232,LowVol,2
2018-08-29,-0.0001565252677727,-0.0113898442098014,LowVol,2
2018-08-30,0.0006469606774389,-0.0093007116307428,LowVol,2
2018-08-31,0.0002801985421137,-0.007612709489612,LowVol,2
2018-09-04,0.0010268441863722,-0.002622565276905,LowVol,2
2018-09-05,0.0017104480463742,0.0003114356821216,LowVol,2
2018-09-06,0.0016487446193489,0.009265357989201,LowVol,2
2018-09-07,0.0032803028364081,0.0114044767582439,LowVol,2
2018-09-10,0.003056023050536,0.0043043050468176,LowVol,2
2018-09-11,0.0022174189026481,0.0064348790537875,LowVol,2
2018-09-12,0.0008375529068807,0.0072631991254619,LowVol,2
2018-09-13,0.0003160209489676,0.009455911464651,LowVol,2
2018-09-14,0.0001126386847558,0.0083600840380944,LowVol,2
2018-09-17,-0.0001321821482912,0.0103592260177765,LowVol,2
2018-09-18,4.676823093612569e-05,0.0039744542027211,LowVol,2
2018-09-19,-4.522924553848762e-05,-9.480530824512724e-05,LowVol,2
2018-09-20,-0.0036526909604402,-0.0053615179532071,LowVol,2
2018-09-21,-0.003486251086748,-0.0043493328284905,LowVol,2
2018-09-24,-0.0001767298131593,0.0024400705928515,LowVol,2
2018-09-25,0.0007365019986138,0.0027858798871061,LowVol,2
2018-09-26,0.0002815591768785,0.0063471128928149,LowVol,2
2018-09-27,0.0009991119567343,-0.004300200502898,LowVol,2
2018-09-28,0.0014598433133727,-0.0099752495405762,LowVol,2
2018-10-01,0.0004026367896726,-0.0134030705926259,LowVol,2
2018-10-02,0.0012778087463028,-0.0142682443591311,LowVol,2
2018-10-03,0.0001623189372567,-0.0460032529911026,LowVol,2
2018-10-04,3.1449967946545985e-05,-0.0596673988307188,LowVol,2
2018-10-05,0.0055330506586409,-0.0412412700252049,LowVol,2
2018-10-08,0.0058082163929864,-0.0466263688812684,LowVol,2
2018-10-09,0.0065476375816817,-0.0243559640120906,LowVol,2
2018-10-10,0.0108685296821812,0.0077255618645089,HighVol,2
2018-10-11,0.0012864566235518,0.0155421911930315,HighVol,2
2018-10-12,0.0178849992562388,0.0010873998398432,HighVol,2
2018-10-15,0.0090837084458394,0.0022233477903041,HighVol,2
2018-10-16,-0.0016289222210818,-0.0242158654653337,HighVol,2
2018-10-17,-0.0027015262349776,-0.0539488709930111,HighVol,2
2018-10-18,-0.0025347055682096,-0.0228656821105522,HighVol,2
2018-10-19,-0.0001768393433186,-0.0395297275510145,HighVol,2
2018-10-22,0.0028493368186142,-0.0405443502491257,HighVol,2
2018-10-23,-0.0009909184266088,-0.0213440069566748,HighVol,2
2018-10-24,0.0198581934373396,0.0200132482739998,HighVol,2
2018-10-25,0.0173465488195516,0.0127000225764062,HighVol,2
2018-10-26,0.0239332256360051,0.0247244254257272,HighVol,2
2018-10-29,0.027005164450756,0.0361176249897998,HighVol,2
2018-10-30,0.0175577989948748,0.0274486722950013,HighVol,2
2018-10-31,0.0013506020826029,0.03835521068198,HighVol,3
2018-11-01,-0.0019144132014842,0.0255566059589802,HighVol,3
2018-11-02,-0.0016126327078498,0.0215893231038992,HighVol,3
2018-11-05,-0.0001875865759123,-0.0029990534061188,HighVol,3
2018-11-06,0.0043273941373002,-0.0111222583481946,HighVol,3
2018-11-07,-0.0003225382755573,-0.0384682378691234,HighVol,3
2018-11-08,-0.0020103873355978,-0.0266668346641938,HighVol,3
2018-11-09,0.001184715730478,-0.0145089411868911,HighVol,3
2018-11-12,0.0076636388242025,-0.0127309101808634,HighVol,3
2018-11-13,0.010142571953507,-0.0291845370145509,HighVol,3
2018-11-14,-0.000969242693982,-0.0191713213779812,HighVol,3
2018-11-15,0.0043288478976631,-0.0357845519317956,HighVol,3
2018-11-16,0.0042996915915267,-0.0227593561704924,HighVol,3
2018-11-19,0.0104076587945248,-0.0026012148310813,HighVol,3
2018-11-20,0.0120370259495915,0.0396026869744177,HighVol,3
2018-11-21,0.0075967256015174,0.0338091142414085,HighVol,3
2018-11-23,0.0091695062088592,0.0471032233244479,HighVol,3
2018-11-26,0.0053657266797913,0.0441121228231158,HighVol,3
2018-11-27,-0.0017744864853655,0.0068925317205843,HighVol,3
2018-11-28,0.0025551394601643,-0.0172623940251375,HighVol,3
2018-11-29,0.0031247362723879,-0.0379954915084271,HighVol,3
2018-11-30,0.0032440747032423,-0.0420094163382711,HighVol,3
2018-12-03,0.0038405367030178,-0.0543142983383957,HighVol,3
2018-12-04,-0.0024560714111573,-0.0177241541347715,HighVol,3
2018-12-06,0.0034884131754312,-0.0165653078109633,HighVol,3
2018-12-07,0.0126315897048746,-0.0117615737644307,HighVol,3
2018-12-10,0.0052234002932517,-0.0329839914759807,HighVol,3
2018-12-11,0.0104889595969155,-0.0342636455795558,HighVol,3
2018-12-12,0.0099563575494199,-0.0534921374363918,HighVol,3
2018-12-13,0.0101605598455196,-0.0685833650663937,HighVol,3
2018-12-14,0.0114117414082941,-0.0705051638239737,HighVol,3
2018-12-17,0.0165187924750036,-0.0769561943110229,HighVol,3
2018-12-18,0.0264278347128634,-0.029255509121122,HighVol,3
2018-12-19,0.0268197978705108,-0.0069304210228892,HighVol,3
2018-12-20,0.0089930260729791,0.0081996275079907,HighVol,3
2018-12-21,0.0095742649192357,0.0383050519081555,HighVol,3
2018-12-24,0.015179364683105,0.0675939892967978,HighVol,3
2018-12-26,-0.0125755798047233,-0.0080020325877807,HighVol,3
2018-12-27,-0.0103211228573457,0.0174145477285783,HighVol,3
2018-12-28,-0.0098186078282722,0.0267607681769808,HighVol,3
2018-12-31,-0.0112732160852305,0.0274089664807843,HighVol,3
2019-01-02,0.0042782058277419,0.0311377416976281,HighVol,3
2019-01-03,0.0363659131954957,0.0600716292222138,HighVol,3
2019-01-04,-0.0007080531817193,0.0261101705247228,HighVol,3
2019-01-07,-0.0149553276314617,0.0118720663899658,HighVol,3
2019-01-08,-0.0115653534657155,0.0139423511904246,HighVol,3
2019-01-09,-0.0066292076968553,0.0116679040995162,HighVol,3
2019-01-10,-0.0166453534313167,0.015759938440077,HighVol,3
2019-01-11,-0.0071228323517552,0.0288827186456457,HighVol,3
2019-01-14,-0.0062334757995735,0.0212120312506418,HighVol,3
2019-01-15,-0.0068488038600851,0.0117532668928519,HighVol,3
2019-01-16,-0.005474170390878,0.0098475744515593,HighVol,3
2019-01-17,-0.0019952805535911,0.0107236341704872,HighVol,3
2019-01-18,-0.0102382102649214,-0.0101331472685606,HighVol,3
2019-01-22,-0.0053793511900285,0.0020924372403472,HighVol,3
2019-01-23,0.0024932259539917,0.0158310735691415,HighVol,3
2019-01-24,0.0065248794400009,0.0242080352117817,HighVol,3
2019-01-25,0.0047043464510556,0.0161043013686885,HighVol,3
2019-01-28,0.0018024501672192,0.0310890120491464,HighVol,3
2019-01-29,0.0010828538611795,0.0367864809538416,HighVol,3
2019-01-30,0.0001190527671823,0.0192839989030728,HighVol,3
2019-01-31,0.0038044533993776,0.00077806111568,HighVol,3
2019-02-01,0.0044409862899633,0.0015180453815673,HighVol,3
2019-02-04,0.0035193218835221,-0.0049271690284276,LowVol,3
2019-02-05,0.0002585211160083,0.0036620274614898,LowVol,3
2019-02-06,0.0004737013116997,0.0082494167128051,LowVol,3
2019-02-07,0.0011893483762671,0.0156952326206052,LowVol,3
2019-02-08,0.0011849930837708,0.0255110474024073,LowVol,3
2019-02-11,0.0018898722083639,0.0267163974683226,LowVol,3
2019-02-12,0.0008774694473619,0.015724117966293,HighVol,3
2019-02-13,0.0008476457253026,0.0088368687858932,LowVol,3
2019-02-14,0.0006119551275892,0.0173484323940846,LowVol,3
2019-02-15,-0.0001713970834452,0.0077512906159922,HighVol,3
2019-02-19,0.0004693339605974,0.0052909344825191,LowVol,3
2019-02-20,0.000635223336877,0.0028376357360879,LowVol,3
2019-02-21,0.0010559945236897,0.0045415883102397,LowVol,3
2019-02-22,0.0002870171567582,0.0045855865660229,LowVol,3
2019-02-25,0.0009601656422686,-0.0004294135006092,LowVol,3
2019-02-26,0.0009636641978611,-0.0010744547363576,LowVol,3
2019-02-27,0.0010756636249763,-0.0066978407825468,LowVol,3
2019-02-28,0.0008484993084263,-0.0131688764137096,LowVol,3
2019-03-01,0.0008079406687446,-0.021253771615795,LowVol,3
2019-03-04,0.0013973175712853,-0.0034356849340532,LowVol,3
2019-03-05,0.0021297435610979,0.0016847256533178,LowVol,3
2019-03-06,0.0031409371616599,0.0144593114256883,LowVol,3
2019-03-07,0.0036469085356021,0.0223624988401707,LowVol,3
2019-03-08,0.0048549515849732,0.0294727092183877,LowVol,3
2019-03-11,0.0020936772117079,0.0184366686590109,LowVol,3
2019-03-12,0.0010617741130524,0.0148623386032904,LowVol,3
2019-03-13,0.000238761422842,0.0051543672890927,LowVol,3
2019-03-14,-0.0001249339040028,0.017158067744359,LowVol,3
2019-03-15,0.0002781125595535,-0.0073231859496054,LowVol,3
2019-03-18,0.0005541664797044,-0.0116527307238036,LowVol,3
2019-03-19,0.0009574083619125,-0.0045327983079443,LowVol,3
2019-03-20,0.0005903415724189,-0.0067481001026288,LowVol,3
2019-03-21,0.0002414098398518,-0.0141184388364304,LowVol,3
2019-03-22,0.0007528001116708,0.0115668270052042,LowVol,3
2019-03-25,0.0034171565144457,0.0243335499106953,LowVol,3
2019-03-26,0.0015604181221649,0.0172525872356696,LowVol,3
2019-03-27,0.0023925376380529,0.024208754959144,LowVol,3
2019-03-28,0.0021992063137012,0.0230487170175284,LowVol,3
2019-03-29,-3.1814811394318085e-05,0.0215592194542353,LowVol,3
2019-04-01,0.0004546146163584,0.0103556354969354,HighVol,3
2019-04-02,0.0005694307633937,0.004685779153752,HighVol,3
2019-04-03,0.0008028251310377,0.0065292458893535,LowVol,3
2019-04-04,0.0002228523406294,0.0035863650007486,LowVol,3
2019-04-05,7.312898922153176e-05,0.0055100565741512,LowVol,3
2019-04-08,0.0015170610170453,0.0040858497711331,LowVol,3
2019-04-09,0.0007967818698048,0.0099198693396431,LowVol,3
2019-04-10,0.001140166254666,0.0040234254287885,LowVol,3
2019-04-11,0.0013348851491286,0.0062803437602305,LowVol,3
2019-04-12,0.0007562232301231,0.0003787853071566,LowVol,3
2019-04-15,0.001140166254666,0.0100356064379962,LowVol,3
2019-04-16,0.001140166254666,0.0071340630764156,LowVol,3
2019-04-17,0.0009601656422686,0.0089823134705249,LowVol,3
2019-04-18,0.0007562232301231,0.0116888736645792,LowVol,3
2019-04-22,0.0014016056947957,0.0124022768124905,LowVol,3
2019-04-23,0.0011918836932875,0.0038918357264954,LowVol,3
2019-04-24,0.0011918836932875,-0.0014375796500366,LowVol,3
2019-04-25,0.0006636725662107,-0.0029789244727803,LowVol,3
2019-04-26,0.0010118830808901,0.0021130283815342,LowVol,3
2019-04-29,0.0006636725662107,-0.0035730268200651,LowVol,3
2019-04-30,0.0007802057036602,-0.0207126470241684,LowVol,3
2019-05-01,0.0021063638885098,-0.0146672197601492,LowVol,3
2019-05-02,0.0016759582889078,-0.0155228092996649,LowVol,3
2019-05-03,0.0007463141551657,-0.0201682099193257,LowVol,3
2019-05-06,0.000933125603339,-0.0408441168518431,LowVol,3
2019-05-07,0.0041754236979851,-0.015732705030153,LowVol,3
2019-05-08,0.0037706885422134,-0.0085899977083889,LowVol,3
2019-05-09,0.0042378159368724,0.0036280603650666,LowVol,3
2019-05-10,0.0040008326640217,-0.0078439666497022,LowVol,3
2019-05-13,0.0031008740423379,0.0110018660635344,HighVol,3
2019-05-14,0.0057714779098271,0.0109739104318842,HighVol,3
2019-05-15,0.0052852928002799,0.0019991802634118,HighVol,3
2019-05-16,0.0029775092876984,-0.0193256305169793,HighVol,3
2019-05-17,0.0027476066612727,-0.0107061544287503,HighVol,3
2019-05-20,0.0048640803639872,-0.013382783171784,HighVol,3
2019-05-21,0.0006696014834241,-0.0287600926071911,HighVol,3
2019-05-22,0.0017177062509879,-0.0231065389937524,HighVol,3
2019-05-23,0.0036203855018062,-0.0243498619893397,HighVol,3
2019-05-24,0.0054196381113309,-0.0290325079676979,HighVol,3
2019-05-28,0.0044200830580679,0.0013567524165067,HighVol,3
2019-05-29,0.0013399480099106,0.0168542846926844,HighVol,3
2019-05-30,0.0035232747752635,0.0206786048566476,HighVol,3
2019-05-31,-0.0012151210547566,0.0449738784076165,HighVol,3
2019-06-03,0.0045471723044084,0.0524451372734036,HighVol,3
2019-06-04,0.0021080489957204,0.0298359574427899,HighVol,3
2019-06-05,0.0016029424182871,0.0191902445629081,HighVol,3
2019-06-06,0.0006870134923548,0.0167837517698419,HighVol,3
2019-06-07,0.0018537603764972,0.0055973455794431,HighVol,3
2019-06-10,-0.0034057496128209,0.0013844524078765,HighVol,3
2019-06-11,0.0008782050265511,0.0121149833599734,HighVol,3
2019-06-12,0.0006115534083854,0.0161928228813055,HighVol,3
2019-06-13,0.0020312543175878,0.021686440060713,HighVol,3
2019-06-14,0.0007115337946203,0.0213297610149028,HighVol,3
2019-06-17,0.0013087576739032,0.0196914588496774,HighVol,3
2019-06-18,0.0007397159054121,-0.0007723271544838,HighVol,3
2019-06-19,0.0007703154865067,-0.0040166995867289,HighVol,3
2019-06-20,-0.0018833193188535,-0.0099446464769844,HighVol,3
2019-06-21,2.9661915599329914e-05,-0.0034010269875969,HighVol,3
2019-06-24,0.0004282604131417,0.0068792269997572,HighVol,3
2019-06-25,0.0015009093609628,0.0195006112831108,HighVol,3
2019-06-26,0.001988159417431,0.0286774715641555,HighVol,3
2019-06-27,0.0039312691968308,0.0238769772494922,HighVol,3
2019-06-28,0.0021778489426842,0.0130376371374991,LowVol,3
2019-07-01,0.0040995598506227,0.0051746994067243,LowVol,3
2019-07-02,-7.674635631859973e-06,0.0073540369724618,LowVol,3
2019-07-03,0.0006052231301952,0.0017070749438818,LowVol,3
2019-07-05,0.0006052231301952,0.0073371956033223,LowVol,3
2019-07-08,0.0011918836932875,0.013240388439994,LowVol,3
2019-07-09,0.0011918836932875,0.0087151368651461,LowVol,3
2019-07-10,0.0003100460131192,-0.0029133032510078,LowVol,3
2019-07-11,0.0014016056947957,-0.0016037746182848,LowVol,3
2019-07-12,0.0011918836932875,-0.0115749271332372,LowVol,3
2019-07-15,0.0011918836932875,-0.0094764375311026,LowVol,3
2019-07-16,0.0011918836932875,0.0008341167506382,LowVol,3
2019-07-17,0.0037267379395943,0.0124270809079944,LowVol,3
2019-07-18,0.0020661826088419,0.0039153246571688,LowVol,3
2019-07-19,0.0032132580108295,0.016286999506258,LowVol,3
2019-07-22,0.0028930886942644,0.0119501096198246,LowVol,3
2019-07-23,0.0014016056947957,0.0022995135557744,LowVol,3
2019-07-24,0.0003100460131192,-0.013303094644137,LowVol,3
2019-07-25,0.0008079406687446,-0.0172001920283449,LowVol,3
2019-07-26,0.0007042312058924,-0.0310916137777623,LowVol,3
2019-07-29,0.0011918836932875,-0.0585151845499596,LowVol,3
2019-07-30,0.0010999407082572,-0.0429634603384124,LowVol,3
2019-07-31,0.0053027992979132,-0.0318055068482752,LowVol,3
2019-08-01,0.0039706373090374,-0.0041379746759985,LowVol,3
2019-08-02,0.0009916725006016,-0.0034171811766727,LowVol,3
2019-08-05,0.0106825386476258,0.0149742672207646,HighVol,3
2019-08-06,0.0134234164183516,0.0165046296323481,HighVol,3
2019-08-07,0.0060536700985693,-0.0141335755284069,HighVol,3
2019-08-08,0.0026068565493056,-0.0305493994943255,HighVol,3
2019-08-09,0.001510578216826,-0.0094987809237162,HighVol,3
2019-08-12,-0.0021270704286709,0.0147880769867974,HighVol,3
2019-08-13,-0.0012543918283707,-0.0084090118986426,HighVol,3
2019-08-14,0.0057813375833264,0.0301166578049627,HighVol,3
2019-08-15,0.005832562681234,0.0270854961670716,HighVol,3
2019-08-16,0.0031890556625119,-0.0138480602956508,HighVol,3
2019-08-19,0.0006333689319081,-0.0148116835906931,HighVol,3
2019-08-20,0.0057671731878584,-0.0110995838777504,HighVol,3
2019-08-21,0.0022829994026298,-0.012172921712713,HighVol,3
2019-08-22,0.0028320814975607,0.0007528556083753,HighVol,3
2019-08-23,0.0027516287972438,0.0266809578968776,HighVol,3
2019-08-26,0.0064016460633197,0.0095133711328494,HighVol,3
2019-08-27,0.0080456738623385,0.0249935462480401,HighVol,3
2019-08-28,0.0076035413845314,0.030911273048233,HighVol,3
2019-08-29,0.0041608698919736,0.0186959819182566,HighVol,3
2019-08-30,0.003362438125003,0.0196613633602973,HighVol,3
2019-09-03,0.0017709411700903,0.025418153515454,HighVol,3
2019-09-04,0.0028160438253793,0.0211198676144519,HighVol,3
2019-09-05,0.0031223786389793,0.0116513190993767,HighVol,3
2019-09-06,0.002909359379758,0.0101990432840157,HighVol,3
2019-09-09,0.0016883920713396,0.0065728393444095,HighVol,3
2019-09-10,0.0024189155225471,0.0093585959985929,HighVol,3
2019-09-11,0.0005678159760479,0.0028309713762091,HighVol,3
2019-09-12,0.0006958556367304,-0.0006974469202171,HighVol,3
2019-09-13,0.0008234506233986,-0.0047576239742668,HighVol,3
2019-09-16,0.001147320714964,-0.0019088998061822,HighVol,3
2019-09-17,0.0013273213273614,-0.0122419491690098,HighVol,3
2019-09-18,0.0009674998282086,-0.0069931270976182,HighVol,3
2019-09-19,0.0012926116563211,-0.0089953403355717,HighVol,3
2019-09-20,0.0019127107027753,-0.0096553693772934,HighVol,3
2019-09-23,0.0020778802342745,-0.0048284232648837,LowVol,3
2019-09-24,0.0039421938585085,-0.0088888974806015,LowVol,3
2019-09-25,0.003163248346977,-0.0321216736880909,LowVol,3
2019-09-26,0.0033148365693141,-0.0221551849626087,LowVol,3
2019-09-27,0.0047351099795922,-0.0035543134447284,LowVol,3
2019-09-30,0.002431071572136,-0.0124339640160217,LowVol,3
2019-10-01,0.0050107429252503,-0.016061800160283,LowVol,3
2019-10-02,0.0060976683810076,0.0111434742308691,LowVol,3
2019-10-03,0.0038906473279459,0.0097100121895019,LowVol,3
2019-10-04,0.0025469964289547,0.0065568774975486,LowVol,3
2019-10-07,0.0030662907845183,0.0097921245604162,LowVol,3
2019-10-08,0.0044229368226666,0.0358716921473492,HighVol,3
2019-10-09,0.0006422433578482,0.0244788173099614,HighVol,3
2019-10-10,0.0009573080426818,0.0205975675308218,HighVol,3
2019-10-11,-0.0005565486006476,0.00570371263681,HighVol,3
2019-10-14,0.0001084878370245,0.0136511806786017,HighVol,3
2019-10-15,0.0009960669645311,0.0004349650187489,HighVol,3
2019-10-16,0.0004092060544403,0.0049599732828244,HighVol,3
2019-10-17,-7.11706479118531e-05,0.0036422359522267,HighVol,3
2019-10-18,0.0006916258538652,0.0121825721493398,HighVol,3
2019-10-21,0.0006407351936124,0.0110337473502666,HighVol,3
2019-10-22,0.0009175183443274,0.0140460522651497,HighVol,3
2019-10-23,0.0007885197842462,0.0142057974292486,HighVol,3
2019-10-24,0.0006945634996942,0.00985454468473,HighVol,3
2019-10-25,0.001140166254666,0.0150533515329001,HighVol,3
2019-10-28,0.001140166254666,0.0134191991099126,HighVol,3
2019-10-29,0.001140166254666,0.0125982990332293,HighVol,3
2019-10-30,0.0009601656422686,0.0097325043631997,LowVol,3
2019-10-31,0.0005842201625048,0.0159889295806954,LowVol,3
2019-11-01,0.0007425805214223,0.0091460194725745,LowVol,3
2019-11-04,0.0009888498899686,0.0031881111453961,LowVol,3
2019-11-05,0.0011918836932875,0.006416489155306,LowVol,3
2019-11-06,0.0009810708486984,0.0065124190507868,LowVol,3
2019-11-07,0.0006636725662107,0.0044453590599886,LowVol,3
2019-11-08,0.0006636725662107,0.0092251756360834,LowVol,3
2019-11-11,0.0013038831204027,0.0119022016830874,LowVol,3
2019-11-12,0.0004543141156531,0.0094823078871224,LowVol,3
2019-11-13,0.0008079406687446,0.0054029313498566,LowVol,3
2019-11-14,0.0008079406687446,0.0023262590552428,LowVol,3
2019-11-15,0.0006359376011263,-0.0026624033107767,LowVol,3
2019-11-18,0.0006636725662107,0.0043262764197555,LowVol,3
2019-11-19,0.0006359376011263,0.006892739460812,LowVol,3
2019-11-20,0.0007802057036602,0.0151557783678524,LowVol,3
2019-11-21,0.0010999407082572,0.0130208028356502,LowVol,3
2019-11-22,0.0022295663813057,0.002186849947168,LowVol,3
2019-11-25,0.0009810708486984,-0.0121899501704288,LowVol,3
2019-11-26,0.0011918836932875,-0.0083421395559093,LowVol,3
2019-11-27,0.0011918836932875,-0.0109673115694851,LowVol,3
2019-11-29,0.0011918836932875,0.0017817212208404,LowVol,3
2019-12-02,0.0014508475884795,0.0071878377109124,LowVol,3
2019-12-03,0.0044615432630312,0.0128574097649405,LowVol,3
2019-12-04,0.0025707153318389,0.0095040939773558,LowVol,3
2019-12-05,0.0025792691725831,0.0163770297818877,LowVol,3
2019-12-06,0.0012382219223319,0.0077808592721131,LowVol,3
2019-12-09,0.0006817640675984,0.017905077428564,LowVol,3
2019-12-10,0.000402584081556,0.0192648170573688,LowVol,3
2019-12-11,0.0006636725662107,0.0164429157479399,LowVol,3
2019-12-12,-0.0002021993679602,0.011887768466207,LowVol,3
2019-12-13,0.0006359376011263,0.0157157558552916,LowVol,3
2019-12-16,8.239211851956978e-05,0.0103261768651981,LowVol,3
2019-12-17,0.0001101270836039,0.0101364098832312,LowVol,3
2019-12-18,0.0011918836932875,0.0154503192800694,LowVol,3
2019-12-19,0.0006359376011263,0.0110543554386892,LowVol,3
2019-12-20,0.0015508153505315,0.0010911526342258,LowVol,3
2019-12-23,0.001350244052205,0.0019925139758434,LowVol,3
2019-12-24,0.0044878488887972,0.0113313458496722,LowVol,3
2019-12-26,0.0011918836932875,-0.0016415451715203,LowVol,3
2019-12-27,0.0011918836932875,0.0024161612776245,LowVol,3
2019-12-30,0.0014016056947957,0.0051388751741225,LowVol,3
2019-12-31,0.0012382219223319,0.0080468889208114,LowVol,3
2020-01-02,0.0006636725662107,0.0054792978938484,LowVol,3
2020-01-03,0.0022686045790221,0.0102355607855322,LowVol,3
2020-01-06,0.0012730708882109,0.0133171664858395,LowVol,3
2020-01-07,0.0008993631639241,0.0146254261366289,LowVol,3
2020-01-08,0.0005511526492447,0.0115270138298988,LowVol,3
2020-01-09,0.0011918836932875,0.0130720729483557,LowVol,3
2020-01-10,0.0011918836932875,0.0191580963360937,LowVol,3
2020-01-13,0.0011918836932875,0.0102150707232935,LowVol,3
2020-01-14,0.0006636725662107,0.0118795611183726,LowVol,3
2020-01-15,0.0006359376011263,0.0107564374535518,LowVol,3
2020-01-16,0.0011098736976548,-0.0064973786287931,LowVol,3
2020-01-17,-0.0001552507862218,-0.0254556171194395,LowVol,3
2020-01-21,0.0006359376011263,-0.0133112155133298,LowVol,3
2020-01-22,0.0011918836932875,-0.0142448723228911,LowVol,3
2020-01-23,0.0007042312058924,-0.0121790029830332,LowVol,3
2020-01-24,0.0016626763814346,-0.0214128039141666,LowVol,3
2020-01-27,0.0025093274296948,0.0019164784651282,LowVol,3
2020-01-28,0.0042978190964958,0.006638215222011,LowVol,3
2020-01-29,0.0047721290387094,0.0191046123053921,LowVol,3
2020-01-30,0.003822755992775,0.0192259081759076,LowVol,3
2020-01-31,0.0003858207912972,0.0325429227525215,LowVol,3
2020-02-03,0.0033918434611816,0.0325807207330788,LowVol,3
2020-02-04,0.0009258626472984,0.0188413731664065,HighVol,3
2020-02-05,0.0005057174932187,0.0136993383481092,HighVol,3
2020-02-06,0.0012075545609896,0.009222059925195,HighVol,3
2020-02-07,0.0009715012656692,0.0162548817707215,HighVol,3
2020-02-10,0.0009533807152309,0.0061248761685026,HighVol,3
2020-02-11,0.0005024490410829,0.0091870521852566,HighVol,3
2020-02-12,0.0014616370154521,-0.0013928955776805,HighVol,3
2020-02-13,0.0014616370154521,-0.0106211730938625,HighVol,3
2020-02-14,0.00016654218456,-0.0449643284283682,HighVol,3
2020-02-18,0.000316395703285,-0.0715110670717702,HighVol,3
2020-02-19,0.001140166254666,-0.0793283912032776,HighVol,3
2020-02-20,0.001532271784249,-0.117050076667427,HighVol,3
2020-02-21,-0.0002859491155925,-0.1116112147025637,HighVol,3
2020-02-24,0.0093533726262478,-0.041343557361669,HighVol,3
2020-02-25,0.0135446123158695,-0.0396928223228743,HighVol,3
2020-02-26,0.0148734859843178,0.0043659293923425,HighVol,3
2020-02-27,0.0206575998249798,0.0166379949555643,HighVol,3
2020-02-28,0.0204799122729453,0.0040505654495797,HighVol,3
2020-03-02,0.0011929238411231,-0.1127827171828399,HighVol,3
2020-03-03,-0.0104646158276335,-0.0393686501772458,HighVol,3
2020-03-04,-0.024166333073888,-0.1230583267904165,HighVol,3
2020-03-05,-0.0183902788685002,-0.1796930311412036,HighVol,3
2020-03-06,-0.0216000255774682,-0.094600781948266,HighVol,3
2020-03-09,0.0351080621447095,-0.1253691298765799,HighVol,3
2020-03-10,-0.0150916079805909,-0.1235003431916135,HighVol,3
2020-03-11,0.0126079522299921,-0.1252368813681267,HighVol,3
2020-03-12,0.0213256662699998,-0.0306316576314392,HighVol,3
2020-03-13,0.0144478216956687,-0.1454574543724113,HighVol,3
2020-03-16,0.0323394229766345,-0.0649949050809601,HighVol,3
2020-03-17,0.0147327149181373,-0.0325166207554166,HighVol,3
2020-03-18,0.0323394229766345,0.0343384535032846,HighVol,3
2020-03-19,0.0136200148947113,0.0924116122122362,HighVol,3
2020-03-20,0.0323394229766345,0.1076049490150434,HighVol,3
2020-03-23,0.0303535464944115,0.173581688040378,HighVol,3
2020-03-24,-0.0030418553065737,0.0600449798354572,HighVol,3
2020-03-25,0.0109215470655533,-0.0025933849196063,HighVol,3
2020-03-26,-0.0282486978917396,-0.0358728811836883,HighVol,3
2020-03-27,-0.0003826354631293,-0.020637651777329,HighVol,3
2020-03-30,0.0030365597436271,0.0122683337124154,HighVol,3
2020-03-31,0.0254503616150846,0.0286322744744795,HighVol,3
2020-04-01,0.0442292804384209,0.1132639794575145,HighVol,3
2020-04-02,0.0442538453465202,0.1047135981604154,HighVol,3
2020-04-03,0.04612536996603,0.1106814748357012,HighVol,3
2020-04-06,-0.0536378029577076,0.0714715720051228,HighVol,3
2020-04-07,-0.061577857482425,0.0476370744388603,HighVol,3
2020-04-08,-0.0560353345735939,0.0185019187327935,HighVol,3
2020-04-09,-0.0496321327694018,0.030338074294905,HighVol,3
2020-04-13,-0.0275886145159983,0.0215120406113829,HighVol,3
2020-04-14,-0.0080205113766369,-0.0378800371369809,HighVol,3
2020-04-15,0.0014671339086644,0.0048244452780672,HighVol,3
2020-04-16,0.0083502321263227,-7.161286360235497e-05,HighVol,3
2020-04-17,0.0074701534485428,-0.0128037932623702,HighVol,3
2020-04-20,0.0207348079951212,0.0193900221461114,HighVol,3
2020-04-21,0.0205764299297578,0.0464767426119487,HighVol,3
2020-04-22,0.0131390089856803,0.0505551040413863,HighVol,3
2020-04-23,0.015895596658689,0.0408483148214837,HighVol,3
2020-04-24,0.0268546093791227,-0.0006358776122619,HighVol,3
2020-04-27,0.0204424200732757,-0.0121233006722115,HighVol,3
2020-04-28,0.0226630544043278,0.0016097507163734,HighVol,3
2020-04-29,0.0095773359226653,-0.0305582017525138,HighVol,3
2020-04-30,-0.0029034828429249,-0.0096393281379694,HighVol,3
2020-05-01,-0.0048636351579942,0.034124311606442,HighVol,3
2020-05-04,-0.0052649119931175,0.0314912616869325,HighVol,3
2020-05-05,-0.0004145417616824,0.0016772930894641,HighVol,3
2020-05-06,0.0004856396683156,-0.0093226161966405,HighVol,3
2020-05-07,-0.0022328940036879,-0.0094198372050537,HighVol,3
2020-05-08,-0.0059991918504285,-0.0210644971328765,HighVol,3
2020-05-11,-0.0033662199200445,0.0085468072226091,HighVol,3
2020-05-12,-0.0042700623087475,0.0184882964889467,HighVol,3
2020-05-13,0.0023598352747993,0.0544386627891859,HighVol,3
2020-05-14,-0.0010968150286479,0.0347756982645788,HighVol,3
2020-05-15,0.0057449120374058,0.0319970208399362,HighVol,3
2020-05-18,-0.0097565429990272,0.0138305365782438,HighVol,3
2020-05-19,0.0018977252970997,0.0395929747666334,HighVol,3
2020-05-20,-0.0008273952356288,0.02034154488265,HighVol,3
2020-05-21,0.0050897213524826,0.0320127646519552,HighVol,3
2020-05-22,0.0038468679440731,0.034219698295155,HighVol,3
2020-05-26,0.0036688768071401,0.0300920912788724,HighVol,3
2020-05-27,-0.0014947125137991,0.028498202777019,HighVol,3
2020-05-28,0.007068733779052,0.0276925480314738,HighVol,3
2020-05-29,0.0030623749514181,0.0493558955284443,HighVol,3
2020-06-01,0.0073353405025464,0.0577649213755719,HighVol,3
2020-06-02,0.0033845266316674,0.0412555165288162,HighVol,3
2020-06-03,0.0022763730459157,0.0218464582174744,HighVol,3
2020-06-04,0.0033845266316674,-0.034525927531,HighVol,3
2020-06-05,0.0041891313849212,-0.0473790451815011,HighVol,3
2020-06-08,0.0008198067437398,-0.0499692131638517,HighVol,3
2020-06-09,0.0044833813419094,-0.0244086114105651,HighVol,3
2020-06-10,0.005087772428396,-0.0230093795632052,HighVol,3
2020-06-11,-0.0115155784816122,0.0371581301554306,HighVol,3
2020-06-12,-0.0057089993842497,0.0190273809773893,HighVol,3
2020-06-15,-0.009476766778729,0.0160787382079894,HighVol,3
2020-06-16,-0.0099837992180715,0.0014805381709988,HighVol,3
2020-06-17,-0.016789060536518,-0.0199958135804459,HighVol,3
2020-06-18,0.0038359659950439,-0.0098710235646347,HighVol,3
2020-06-19,0.0034421498729997,-0.0278319573290133,HighVol,3
2020-06-22,0.0015109683173111,-0.0198312677429713,HighVol,3
2020-06-23,0.0050629071533983,-0.0118253086071666,HighVol,3
2020-06-24,-0.000589982638502,0.0211448374451048,HighVol,3
2020-06-25,0.0002547361215844,0.0158777308415072,HighVol,3
2020-06-26,0.0027335406721261,0.056657136192711,HighVol,3
2020-06-29,0.0020179525719597,0.0306112308807697,HighVol,3
2020-06-30,-0.0043365282636992,0.0253596123212014,HighVol,3
2020-07-01,-0.0057751673494931,0.0124310462402392,HighVol,3
2020-07-02,-0.0048597359826624,0.0171668198717196,HighVol,3
2020-07-06,-0.0126945667456254,-0.006970603704388,HighVol,3
2020-07-07,-0.004803882563121,0.0163810879642953,HighVol,3
2020-07-08,-0.00424553540799,0.0179333723640386,HighVol,3
2020-07-09,-0.0051179221846344,0.0203889702994468,HighVol,3
2020-07-10,0.0030573528338245,0.0130040832621103,HighVol,3
2020-07-13,0.0033454847297177,0.0301107078339835,HighVol,3
2020-07-14,0.0021247909555443,0.0190955968550776,HighVol,3
2020-07-15,0.0008089226121735,0.0155663244755728,HighVol,3
2020-07-16,0.0015531107218101,0.0067648576152734,HighVol,3
2020-07-17,0.0022650165633344,-0.0026105263418114,HighVol,3
2020-07-20,0.0015115823383936,-0.0033916946497993,HighVol,3
2020-07-21,0.0015159496894959,-0.0118148371254002,HighVol,3
2020-07-22,0.0027579106733284,-0.005323466920505,HighVol,3
2020-07-23,0.0007174062635768,0.0030962030033836,HighVol,3
2020-07-24,0.0018591872388631,0.0175764994537357,HighVol,3
2020-07-27,0.0056408133753647,0.0172327211935137,HighVol,3
2020-07-28,0.0023235911243676,0.0276797108315984,HighVol,3
2020-07-29,0.0021200163301722,0.0214992596566971,HighVol,3
2020-07-30,0.000923886736914,0.0320102847969354,HighVol,3
2020-07-31,-6.702208580282163e-05,0.0246540299396025,HighVol,3
2020-08-03,0.0005694307633937,0.0206209881012757,HighVol,3
2020-08-04,0.0004693339605974,0.0083020600884051,LowVol,3
2020-08-05,-0.0005481603637315,0.0160491235310447,LowVol,3
2020-08-06,1.2642638974712177e-06,0.0074776128057378,LowVol,3
2020-08-07,-0.0005289752791031,0.0067844612985987,LowVol,3
2020-08-10,2.075542069930944e-05,0.0069734035976698,LowVol,3
2020-08-11,0.0007925178671466,0.0175478880429826,LowVol,3
2020-08-12,0.0003797709907074,-0.0006219334814987,LowVol,3
2020-08-13,0.0003105281033258,0.0043047488694807,LowVol,3
2020-08-14,0.0008476457253026,0.0078376484162376,LowVol,3
2020-08-17,0.0008476457253026,0.0148262023917551,LowVol,3
2020-08-18,0.0006856156543006,0.0161822476146338,LowVol,3
2020-08-19,0.0013456001326638,0.030661249703727,LowVol,3
2020-08-20,0.001140166254666,0.0297092184832237,LowVol,3
2020-08-21,0.0004354530707843,0.0326971338174324,LowVol,3
2020-08-24,0.0002316171198922,0.0186342864492701,LowVol,3
2020-08-25,0.0008034413382636,0.0246425820721236,LowVol,3
2020-08-26,-0.0001773326093949,0.0291452979229533,LowVol,3
2020-08-27,-0.0001773326093949,-0.0084402760967963,LowVol,3
2020-08-28,-0.0003910576935814,-0.0228478621849892,LowVol,3
2020-08-31,-0.000200700223377,-0.0460908727564541,LowVol,3
2020-09-01,-0.0004274793582501,-0.0363301049910627,LowVol,3
2020-09-02,-0.0015153174349037,-0.0665641789493354,LowVol,3
2020-09-03,0.0090817243445715,-0.0328035041319079,HighVol,3
2020-09-04,0.0049462469243736,-0.0119975015402556,HighVol,3
2020-09-08,0.0032571750196907,0.0208875739586122,HighVol,3
2020-09-09,0.0031525973518538,-0.0028548780252315,HighVol,3
2020-09-10,0.0016266633329266,0.0058404253587565,HighVol,3
2020-09-11,0.0089490878651612,-0.0062455565137057,HighVol,3
2020-09-14,0.0085335630728847,-0.0300809395837526,HighVol,3
2020-09-15,0.0066900870436221,-0.0251279475475453,HighVol,3
2020-09-16,0.0030650950134832,-0.043942019119939,HighVol,3
2020-09-17,-0.0003208303378104,-0.0328880153914131,HighVol,3
2020-09-18,0.0072035157233033,-0.0058069595471343,HighVol,3
2020-09-21,0.0117233169536235,0.0220815801159484,HighVol,3
2020-09-22,0.011026027946009,0.0062669865163109,HighVol,3
2020-09-23,0.0212505911733094,0.0379682140093569,HighVol,3
2020-09-24,0.0177476605800963,0.0418547605344215,HighVol,3
2020-09-25,0.0075957554028029,0.0155449487400842,HighVol,3
2020-09-28,0.0012032639564367,0.0166673613128931,HighVol,3
2020-09-29,0.0030109021015202,0.0077022481913207,HighVol,3
2020-09-30,-0.0010676877728794,0.0175279225819779,HighVol,3
2020-10-01,-0.0007164944943064,0.0199977378235414,HighVol,3
2020-10-02,0.0007467954281829,0.0389706574431685,HighVol,3
2020-10-05,0.0023030697855268,0.0372908355851706,HighVol,3
2020-10-06,0.0033871438042577,0.0453824093040655,HighVol,3
2020-10-07,0.002784220881815,0.0210412305718139,HighVol,3
2020-10-08,0.0024138695421177,0.0108207776596858,HighVol,3
2020-10-09,0.0012440912771914,0.0012685772436598,HighVol,3
2020-10-12,-0.0006568733631892,-0.029566157670378,HighVol,3
2020-10-13,0.0030496172299754,-0.0192784781667034,HighVol,3
2020-10-14,0.0031988656937183,-0.014945628844446,HighVol,3
2020-10-15,0.0032801437941402,-0.0083165254838974,HighVol,3
2020-10-16,0.0018330308961218,-0.0043480517021838,HighVol,3
2020-10-19,0.0068487023925333,-0.0076605993273681,HighVol,3
2020-10-20,0.0067452161702174,-0.0150268818470419,HighVol,3
2020-10-21,0.0031259993897039,-0.04688805519677,HighVol,3
2020-10-22,0.0035572018435036,-0.0424539180879238,HighVol,3
2020-10-23,0.0028659586843291,-0.0556422918072233,HighVol,3
2020-10-26,0.0044982401081101,-0.0270780631054157,HighVol,3
2020-10-27,0.005575832253542,-0.0064754546065801,HighVol,3
2020-10-28,0.016639856725691,0.0516744603371555,HighVol,3
2020-10-29,0.0154657977363639,0.0613977187308234,HighVol,3
2020-10-30,0.011167797939517,0.0723341208035672,HighVol,3
2020-11-02,0.008657601495618,0.0737735290610286,HighVol,3
2020-11-03,0.001792362875953,0.0535965634141593,HighVol,3
2020-11-04,-0.0004255331390521,0.0382199348253293,HighVol,3
2020-11-05,0.003998308006552,0.0084800876497184,HighVol,3
2020-11-06,0.0032492251744127,0.0226754766231316,HighVol,3
2020-11-09,-0.0031136861043802,0.0225912460876314,HighVol,3
2020-11-10,-0.0003076904637107,0.018585725129395,HighVol,3
2020-11-11,0.0037362287275231,-0.0010938221811591,HighVol,3
2020-11-12,0.00493039862381,0.0129384111147472,HighVol,3
2020-11-13,0.0040386319461581,-0.0077354944961356,HighVol,3
2020-11-16,0.0037592312476383,-0.0140937181551319,HighVol,3
2020-11-17,0.0051919389735021,0.0072098040814705,HighVol,3
2020-11-18,0.0048373466600283,0.0179074669242835,HighVol,3
2020-11-19,0.0022172850011563,0.0164624311286252,HighVol,3
2020-11-20,0.0048717417644236,0.0189401518288627,HighVol,3
2020-11-23,0.0051770299719901,0.0239467386932463,HighVol,3
2020-11-24,0.0031865003431494,0.0098285351839551,HighVol,3
2020-11-25,0.0050614791801776,0.0111121395410089,HighVol,3
2020-11-27,0.0086186947097694,0.0169935781829027,HighVol,3
2020-11-30,0.0044047255037038,0.0194167561652855,HighVol,3
2020-12-01,0.0036279175750893,0.0113381032246859,HighVol,3
2020-12-02,0.0051869895404265,0.0001635958843306,HighVol,3
2020-12-03,0.0010631489839877,0.0001093637021782,HighVol,3
2020-12-04,0.0002960859413972,-0.0095981780310669,HighVol,3
2020-12-07,-0.0001930289398113,-0.0120024853265398,HighVol,3
2020-12-08,0.0005188769017129,-0.001566630293262,LowVol,3
2020-12-09,0.001245785142159,0.0090500151737804,HighVol,3
2020-12-10,0.0007115958495101,0.015024479490203,HighVol,3
2020-12-11,0.0022114918282137,0.0121584176044711,LowVol,3
2020-12-14,0.0040609264534293,0.0130755034952698,LowVol,3
2020-12-15,0.0018090113581353,-0.0021228686473796,LowVol,3
2020-12-16,6.163692655540986e-05,-0.0027909558798746,LowVol,3
2020-12-17,0.0004152634796469,-0.0044784165804357,LowVol,3
2020-12-18,0.0009809355031815,0.0080990196513954,LowVol,3
2020-12-21,0.0004717002455388,0.0097863085134763,LowVol,3
2020-12-22,0.0022402668129887,0.0129340807833457,LowVol,3
2020-12-23,0.0015101142794162,0.0171668923044678,LowVol,3
2020-12-24,0.0065067830635172,-0.0005692342894765,LowVol,3
2020-12-28,0.0009636641978611,-0.0022571896258293,LowVol,3
2020-12-29,0.0007836635854637,0.0056265971982654,LowVol,3
2020-12-30,0.0011918836932875,0.0191134986627008,LowVol,3
2020-12-31,0.0002835340112763,0.0197389292839345,LowVol,3
2021-01-04,-0.0001782797185608,0.0268445549993352,LowVol,3
2021-01-05,0.0013301365915551,0.0200360126377026,LowVol,3
2021-01-06,-0.0016432858663099,0.0167044906450102,LowVol,3
2021-01-07,-0.0001382820029598,-0.0016881281985637,LowVol,3
2021-01-08,-0.0007041473543197,-0.0145832140844895,LowVol,3
2021-01-11,0.0016081981808775,-0.0001053618781283,LowVol,3
2021-01-12,5.156815280202604e-05,0.013517486204327,LowVol,3
2021-01-13,0.0007634739943263,0.0117170226276874,LowVol,3
2021-01-14,0.0027258901008271,0.0116790880781283,LowVol,3
2021-01-15,0.0022555718206132,0.0231301625609372,LowVol,3
2021-01-19,0.0013415501305309,0.013574366069553,LowVol,3
2021-01-20,0.0002199972854728,-0.0246945056390134,LowVol,3
2021-01-21,0.0007634739943263,-0.0172029680104394,LowVol,3
2021-01-22,0.0007634739943263,-0.0334570448434481,LowVol,3
2021-01-25,-6.274727949318054e-05,-0.021228703685574,LowVol,3
2021-01-26,0.0008476457253026,-0.0058366738400855,LowVol,3
2021-01-27,0.0004301495337153,0.0198711899697769,HighVol,3
2021-01-28,0.0038362517819174,0.0226677364717997,HighVol,3
2021-01-29,0.0012644727933416,0.0476665908816402,HighVol,3
2021-02-01,0.0050839328286711,0.0379557039606741,HighVol,3
2021-02-02,0.0037956346924392,0.0228018040499387,HighVol,3
2021-02-03,0.0029086592959087,0.021552903159504,HighVol,3
2021-02-04,0.0033009147372104,0.0117039479697447,HighVol,3
2021-02-05,0.0034547060391115,0.0127158220110432,HighVol,3
2021-02-08,0.002573951890375,0.0045836350543806,HighVol,3
2021-02-09,0.0027577070085656,0.0054836968806604,HighVol,3
2021-02-10,0.000513358150489,0.0016405264547212,HighVol,3
2021-02-11,0.0023561762072107,-0.0017402539720994,HighVol,3
2021-02-12,0.0017611193303706,-0.0142878595381497,HighVol,3
2021-02-16,0.0016218463818769,-0.0122352843402536,HighVol,3
2021-02-17,0.0018719931307321,-0.0015800269318203,HighVol,3
2021-02-18,0.0007529200761034,-0.0214730175799207,HighVol,3
2021-02-19,0.0011345965146935,-0.0247931446861408,HighVol,3
2021-02-22,0.003057723645178,0.0065885107907182,HighVol,3
2021-02-23,0.0001667475039065,-0.0024776395826586,HighVol,3
2021-02-24,0.0024791791190756,-0.0264184924161755,HighVol,3
2021-02-25,0.0019574051023649,-0.0147253326887273,HighVol,3
2021-02-26,0.0039343321679045,0.0085972477677795,HighVol,3
2021-03-01,0.0028678122836949,-0.0201755762413591,HighVol,3
2021-03-02,0.0045665113468328,0.0016298725912211,HighVol,3
2021-03-03,0.0023525284959685,0.0213937473180265,HighVol,3
2021-03-04,0.0063995614402772,0.0446771742315916,HighVol,3
2021-03-05,-0.0015569957770993,0.0271874873099187,HighVol,3
2021-03-08,0.002054259341199,0.0384837324187894,HighVol,3
2021-03-09,0.0012505556494117,0.0225742136537283,HighVol,3
2021-03-10,-0.0006548724051622,0.0197135201804692,HighVol,3
2021-03-11,0.0014148660689896,-0.0052089905886401,HighVol,3
2021-03-12,0.0006718281290484,-0.0083850937893458,HighVol,3
2021-03-15,0.0006828423458313,-0.0063928151344214,HighVol,3
2021-03-16,-7.95786673273603e-06,-0.0129684695678449,HighVol,3
2021-03-17,-0.0010543002647775,-0.0213229432917342,HighVol,3
2021-03-18,0.0029092529560923,-0.0012865040486591,HighVol,3
2021-03-19,0.0031448155935406,0.0166888546620695,HighVol,3
2021-03-22,0.0042853572981055,0.0081251663120762,HighVol,3
2021-03-23,0.0043802803460282,0.0134277606577672,HighVol,3
2021-03-24,0.0067103051616375,0.0227340508627598,HighVol,3
2021-03-25,0.0014452949022727,0.0279958197804879,HighVol,3
2021-03-26,0.0010012595096109,0.0262132736077598,HighVol,3
2021-03-29,0.0004565877062402,0.0261258816180378,HighVol,3
2021-03-30,0.0009506290670217,0.0300456240157847,HighVol,3
2021-03-31,0.0001244077932022,0.0307572597130929,HighVol,3
2021-04-01,-0.0001713970834452,0.0271585767186617,HighVol,3
2021-04-05,-0.0015071915816886,0.0129936579927267,HighVol,3
2021-04-06,-0.0002534233069246,0.0165960005368925,LowVol,3
2021-04-07,0.0001897421835381,0.011953000142125,LowVol,3
2021-04-08,-4.718233152643175e-05,0.0179919435635673,LowVol,3
2021-04-09,-4.718233152643175e-05,0.0140223986757941,LowVol,3
2021-04-12,0.0015170610170453,0.0086725279332242,LowVol,3
2021-04-13,0.0012669142681901,-0.0016711088597969,LowVol,3
2021-04-14,0.0008900195058108,0.0112286114104749,LowVol,3
2021-04-15,0.0007373345577421,-0.0086567868422702,LowVol,3
2021-04-16,0.0006311937830579,-0.0012464153585756,LowVol,3
2021-04-19,0.0002583285744977,0.005780075469745,LowVol,3
2021-04-20,0.0022446221054849,0.0129801045116384,LowVol,3
2021-04-21,0.0008476457253026,0.0031966776786613,LowVol,3
2021-04-22,0.0017250683864753,0.0188955135312696,LowVol,3
2021-04-23,0.0016873293073047,0.0013437146438719,LowVol,3
2021-04-26,0.0007634739943263,0.0014128480769035,LowVol,3
2021-04-27,0.0007634739943263,-0.0045507103305754,LowVol,3
2021-04-28,0.0011679939508049,-0.0039529572424185,LowVol,3
2021-04-29,-0.0001841224449113,-0.0023566619391492,LowVol,3
2021-04-30,0.0012423368526098,0.0115505342250625,LowVol,3
2021-05-03,0.0008852720562475,-0.0006218069531459,LowVol,3
2021-05-04,0.0021175601178678,-0.0033928515551383,LowVol,3
2021-05-05,0.0022251115214323,-0.0248709483152662,LowVol,3
2021-05-06,0.0019739065305387,-0.0209751294090112,LowVol,3
2021-05-07,0.0002583285744977,-0.0131243344356939,LowVol,3
2021-05-10,0.0011087033351746,-0.0057902120397094,LowVol,3
2021-05-11,0.0031394765559412,-0.0054800546368352,LowVol,3
2021-05-12,0.0023750618346699,0.0134432378577507,HighVol,3
2021-05-13,0.004109607600566,0.0121869943061672,HighVol,3
2021-05-14,0.0035796789025876,-0.0039366759862684,HighVol,3
2021-05-17,0.0025866525333108,0.0087842285802584,HighVol,3
2021-05-18,0.0084866670003141,0.0152934498381938,HighVol,3
2021-05-19,0.0004514365671316,0.0199826055867833,HighVol,3
2021-05-20,0.0013303706257712,0.0096556835803369,HighVol,3
2021-05-21,0.0020357068883612,0.0122908410804716,HighVol,3
2021-05-24,0.0011375233693769,0.0011929071727685,HighVol,3
2021-05-25,0.0005687634778347,0.0049971646181947,HighVol,3
2021-05-26,-0.0004374827444169,-0.0007160401354566,HighVol,3
2021-05-27,0.0002744230971073,0.0078945785274024,HighVol,3
2021-05-28,0.0005805680466587,0.0051187055687145,HighVol,3
2021-06-01,0.0007095666067398,0.0062189253756275,HighVol,3
2021-06-02,0.0005805680466587,0.0031403533930218,HighVol,3
2021-06-03,0.0017019328156592,0.0115576278928195,HighVol,4
2021-06-04,0.001319272769034,0.0040463290294396,HighVol,4
2021-06-07,0.0015246612435065,0.007271594420158,HighVol,4
2021-06-08,0.0015246612435065,0.0052100121290261,HighVol,4
2021-06-09,0.0016214407591417,0.0010910291038987,HighVol,4
2021-06-10,0.001319272769034,-0.003871422257778,LowVol,4
2021-06-11,0.0011152777363158,-0.0189308902798478,LowVol,4
2021-06-14,0.0013206662107883,-0.0071089435879501,LowVol,4
2021-06-15,0.0011152777363158,3.341635973908019e-05,LowVol,4
2021-06-16,0.0015028849506787,0.0044362691134298,LowVol,4
2021-06-17,0.0013747559865361,0.0107134458904645,LowVol,4
2021-06-18,0.0017310262894529,0.0281741303504252,LowVol,4
2021-06-21,0.0028826472585787,0.0157058013460829,LowVol,4
2021-06-22,0.0018474162665125,0.0108484554672045,LowVol,4
2021-06-23,0.0012026855695079,0.0129198750786168,LowVol,4
2021-06-24,0.0014336009091903,0.012538190032125,LowVol,4
2021-06-25,0.0011023635277179,0.0166663745453718,LowVol,4
2021-06-28,0.001229605876472,0.0127729155740523,LowVol,4
2021-06-29,0.001353821879985,0.0158051152118976,LowVol,4
2021-06-30,0.0011326322230264,0.0066814363287921,LowVol,4
2021-07-01,0.0011685211223232,0.0118254422204251,LowVol,4
2021-07-02,0.0004363393600559,0.0077469861894448,LowVol,4
2021-07-06,0.000888560091422,0.006144021697116,LowVol,4
2021-07-07,0.0010183040828702,0.0040971726457434,LowVol,4
2021-07-08,0.0010898236326481,0.0088879220279711,LowVol,4
2021-07-09,0.0012222991155884,-0.0095978273574141,LowVol,4
2021-07-12,0.001319272769034,-0.0277066234473989,LowVol,4
2021-07-13,0.001319272769034,-0.0103993383091081,LowVol,4
2021-07-14,0.0012222991155884,-0.0038738717767603,LowVol,4
2021-07-15,0.001319272769034,0.0016331640836084,LowVol,4
2021-07-16,0.0030858197583118,0.0199379131700339,LowVol,4
2021-07-19,0.0053865716448279,0.0377672928817274,LowVol,4
2021-07-20,0.0031662537989986,0.0184428643205383,LowVol,4
2021-07-21,0.0028175009942132,0.0098492537224834,LowVol,4
2021-07-22,0.002399263362487,0.0119185926626321,LowVol,4
2021-07-23,0.0011023635277179,-0.0032503579408996,LowVol,4
2021-07-26,0.0017292241802018,-0.0077772685643463,LowVol,4
2021-07-27,0.0011023635277179,0.004874559254355,LowVol,4
2021-07-28,0.0014336009091903,0.0003419000565492,LowVol,4
2021-07-29,0.0016389893836628,0.0025187951901326,LowVol,4
2021-07-30,0.0019232823350881,0.00907623412681,LowVol,4
2021-08-02,0.0025628445170608,0.0103749358753137,LowVol,4
2021-08-03,0.001319272769034,0.0034682264038772,LowVol,4
2021-08-04,0.0020354502542744,0.0109341615470468,LowVol,4
2021-08-05,0.0017703004004596,0.0075833745832112,LowVol,4
2021-08-06,0.0015246612435065,0.0077514311682578,LowVol,4
2021-08-09,0.0016735208848244,0.0109468027643542,LowVol,4
2021-08-10,0.0016214407591417,0.0030720980475029,LowVol,4
2021-08-11,0.0013206662107883,-0.0103654601110895,LowVol,4
2021-08-12,0.0012394937398288,-0.0117948073534116,LowVol,4
2021-08-13,0.0013206662107883,-0.0057409032436447,LowVol,4
2021-08-16,0.0003990663133545,0.0006489202596586,LowVol,4
2021-08-17,0.0001581160295783,0.0088504731174572,LowVol,4
2021-08-18,0.0021181404418364,0.0221550168668887,LowVol,4
2021-08-19,0.0019106885053674,0.0145502108395387,LowVol,4
2021-08-20,0.002166192234383,0.015540345376686,LowVol,4
2021-08-23,0.0025020618922017,0.0111122418705051,LowVol,4
2021-08-24,0.0015246612435065,0.0080140564694723,LowVol,4
2021-08-25,0.0012620413660095,0.0064378099153867,LowVol,4
2021-08-26,0.0013166508233748,0.0155289108126615,LowVol,4
2021-08-27,0.0012602664439232,0.0062854322460252,LowVol,4
2021-08-30,0.0014336009091903,-0.0017028172368945,LowVol,4
2021-08-31,0.0008319146184567,-0.0014394624579918,LowVol,4
2021-09-01,0.0011895287775858,-0.0062416807101169,LowVol,4
2021-09-02,0.0015246612435065,-0.0171010409752186,LowVol,4
2021-09-03,0.0011152777363158,-0.0143462627390653,LowVol,4
2021-09-07,0.0017019328156592,-0.0161477260357989,LowVol,4
2021-09-08,0.0016049591622136,-0.0067196922480011,LowVol,4
2021-09-09,0.0022425970709298,-0.0040314308190427,LowVol,4
2021-09-10,0.0022463939187279,-0.0058950140657146,LowVol,4
2021-09-13,0.0021520422109416,-0.0249663137590115,LowVol,4
2021-09-14,0.0036256842853532,-0.0206019345533458,LowVol,4
2021-09-15,0.002540019781919,-0.0192403237935475,LowVol,4
2021-09-16,0.0020452612070064,-0.0057476371518725,LowVol,4
2021-09-17,0.0030554814107621,0.0056865637777558,LowVol,4
2021-09-20,0.0054909128483866,0.0198140510214626,LowVol,4
2021-09-21,0.0062207133941751,0.000207612628162,LowVol,4
2021-09-22,0.0041190282291067,-0.0077875691767915,LowVol,4
2021-09-23,0.0028214407655582,-0.0316801070481308,LowVol,4
2021-09-24,0.0013900617307437,-0.0217839101805328,LowVol,4
2021-09-27,0.0010879563884513,-0.0316283075323043,LowVol,4
2021-09-28,0.0010186251874945,-0.0014295732554985,HighVol,4
2021-09-29,0.0026929803356593,0.001035579260995,HighVol,4
2021-09-30,0.0050078461337478,0.0221838720679707,HighVol,4
2021-10-01,0.0026742775284656,0.0083362371512147,HighVol,4
2021-10-04,0.0015726584592532,0.014114041601934,HighVol,4
2021-10-05,0.0032981627393465,0.00120053161569,HighVol,4
2021-10-06,0.0012173689183976,0.0006436206565709,HighVol,4
2021-10-07,0.0011630221956953,0.008754041571124,HighVol,4
2021-10-08,0.0011473320622272,0.0182935957808196,HighVol,4
2021-10-11,0.0019641663586025,0.0287561128575468,HighVol,4
2021-10-12,0.0015371704432223,0.0392511810775391,HighVol,4
2021-10-13,0.0016991164782065,0.0395931104487579,HighVol,4
2021-10-14,0.0018191401137058,0.0250620540132138,HighVol,4
2021-10-15,0.0018094461197657,0.0162604421316638,HighVol,4
2021-10-18,0.0013957271085801,0.0186944116699383,HighVol,4
2021-10-19,0.001544586749898,0.0118055626276452,HighVol,4
2021-10-20,0.001544586749898,0.0033818977534207,HighVol,4
2021-10-21,0.0007663145241505,0.0104277776139354,HighVol,4
2021-10-22,0.0011007384497595,0.0135285182803082,HighVol,4
2021-10-25,0.0009962314647461,0.0098563490690686,HighVol,4
2021-10-26,0.0010919330119956,0.0130273044517719,LowVol,4
2021-10-27,0.0007673826037179,0.0237475062551553,LowVol,4
2021-10-28,0.0015246612435065,0.0187425087700383,LowVol,4
2021-10-29,0.0010925551241402,0.02020688528071,LowVol,4
2021-11-01,0.0015246612435065,0.0193246052584661,LowVol,4
2021-11-02,0.001319272769034,0.0118640365402855,LowVol,4
2021-11-03,0.0009269089000888,-0.0023669816011934,LowVol,4
2021-11-04,0.0009269089000888,-0.0067250185216322,LowVol,4
2021-11-05,0.0005230374227169,-0.0026895147133462,LowVol,4
2021-11-08,0.0021507001452979,-0.003198900124741,LowVol,4
2021-11-09,0.0029118897845117,0.0040650904732286,LowVol,4
2021-11-10,0.0020275459774948,0.0097493706958233,LowVol,4
2021-11-11,0.0062110619810968,0.0128510837491837,LowVol,4
2021-11-12,0.0022330211490172,0.0034672230160583,LowVol,4
2021-11-15,0.002030167923154,0.0002995537192707,LowVol,4
2021-11-16,0.0012581880148852,-0.0023226196997379,LowVol,4
2021-11-17,0.0011152777363158,0.0027770637877848,LowVol,4
2021-11-18,0.0010183040828702,-0.0229067582943465,LowVol,4
2021-11-19,0.0011150835985053,-0.0091493099891623,LowVol,4
2021-11-22,0.0012988899179605,-0.0256860350226714,LowVol,4
2021-11-23,0.0013747559865361,-0.0377837195789921,LowVol,4
2021-11-24,0.0011150835985053,-0.0256476407323796,LowVol,4
2021-11-26,0.0031002657423494,-0.0120923837696553,LowVol,4
2021-11-29,0.00348295674533,-0.0125053802551361,LowVol,4
2021-11-30,0.0069742524536921,0.0279217148022861,HighVol,4
2021-12-01,0.0106980849004707,0.0422197314309173,HighVol,4
2021-12-02,0.0024258448994912,0.0195673569317054,HighVol,4
2021-12-03,0.0041511073260461,0.038198774840251,HighVol,4
2021-12-06,0.0044988181536039,0.0169575442066205,HighVol,4
2021-12-07,0.0031613095127609,-0.0105065654304993,HighVol,4
2021-12-08,0.0023699651318431,0.0023002197901531,HighVol,4
2021-12-09,0.0029838641017198,0.0002144025918147,HighVol,4
2021-12-10,0.0018083723633416,-0.0196591150615269,HighVol,4
2021-12-13,0.0022807056052022,-0.0214149468770049,HighVol,4
2021-12-14,0.0039741427344662,0.0028635917562105,HighVol,4
2021-12-15,0.0006081460944558,-0.0026920012504529,HighVol,4
2021-12-16,0.0021649802620165,0.0124412673640561,HighVol,4
2021-12-17,0.0033043666584798,0.0378148086736394,HighVol,4
2021-12-20,0.0067388739788649,0.0481119883512632,HighVol,4
2021-12-21,0.0048764956310924,0.0311407427455074,HighVol,4
2021-12-22,0.0070648544208322,0.01811019084335,HighVol,4
2021-12-23,0.0038519490953046,0.0092646528949611,HighVol,4
2021-12-27,0.0030624688916272,0.0009428540342484,HighVol,4
2021-12-28,0.0022039282604847,0.0014259799037901,HighVol,4
2021-12-29,0.0017625437532373,-0.0190584867232912,HighVol,4
2021-12-30,0.0019583057610835,-0.0172630810893248,HighVol,4
2021-12-31,0.001662682490072,-0.0186752483033646,HighVol,4
2022-01-03,0.0020347178498771,-0.0255383833450869,HighVol,4
2022-01-04,0.0017348909705684,-0.0163332413736148,HighVol,4
2022-01-05,0.00220153483947,0.0056363395888543,HighVol,4
2022-01-06,0.0037889432763482,-0.0072871030578731,HighVol,4
2022-01-07,0.0045553990032473,-0.0029391457584431,HighVol,4
2022-01-10,0.0034273698168713,-0.0193766685975566,HighVol,4
2022-01-11,0.0046570193260781,-0.0383182758132613,HighVol,4
2022-01-12,0.0012455051946832,-0.0515263723441651,HighVol,4
2022-01-13,0.0034901849270239,-0.0571547007210867,HighVol,4
2022-01-14,0.0032530891566624,-0.0535376753570652,HighVol,4
2022-01-18,0.0036007887210186,-0.0482375379728865,HighVol,4
2022-01-19,0.0056921317520623,-0.0406641177688161,HighVol,4
2022-01-20,0.0017882546997401,-0.0347174099892313,HighVol,4
2022-01-21,0.0019674670400683,0.0090643267058734,HighVol,4
2022-01-24,0.0013871033759577,0.0228945703255687,HighVol,4
2022-01-25,-0.0166740571221185,0.0425345762891027,HighVol,4
2022-01-26,-0.0098908733010709,0.0553092848160017,HighVol,4
2022-01-27,1.5770191224214218e-06,0.0356182848265433,HighVol,4
2022-01-28,-0.0077718475973419,0.0152732757340829,HighVol,4
2022-01-31,-0.0021935893916595,-0.005890002912417,HighVol,4
2022-02-01,0.0024369820550055,-0.0044375473850607,HighVol,4
2022-02-02,-0.0014570501832023,0.000415714313068,HighVol,4
2022-02-03,0.0009106032217389,0.0060903778609513,HighVol,4
2022-02-04,0.0048345208250728,-0.0183641629059754,HighVol,4
2022-02-07,0.0065732873100789,-0.0184232182078292,HighVol,4
2022-02-08,0.0060838688511843,-0.010733201950602,HighVol,4
2022-02-09,0.0040236077417217,-0.0239105112593192,HighVol,4
2022-02-10,0.0017101337906709,-0.0272858365760271,HighVol,4
2022-02-11,0.0028211323009813,-0.0141442591758048,HighVol,4
2022-02-14,0.0063230553961154,-0.0215250858071225,HighVol,4
2022-02-15,0.0101179572357103,-0.0541357923981175,HighVol,4
2022-02-16,0.0108965594316652,-0.0409763864411639,HighVol,4
2022-02-17,0.0091886311815716,0.0015787972318248,HighVol,4
2022-02-18,0.0098685020379752,0.0055268831195118,HighVol,4
2022-02-22,0.0216947308630721,0.0009542814688641,HighVol,4
2022-02-23,0.0124398398201872,0.0377770103090961,HighVol,4
2022-02-24,0.0096791915138471,0.0173010037362855,HighVol,4
2022-02-25,0.0039483021532309,-0.0127469460549793,HighVol,4
2022-02-28,0.0025385774310894,-0.0393926932553034,HighVol,4
2022-03-01,0.0074638874520434,-0.0319316529280518,HighVol,4
2022-03-02,0.000214974369099,-0.0239331897493542,HighVol,4
2022-03-03,-0.0019504049944251,-0.0234790130913551,HighVol,4
2022-03-04,0.0045040808159153,-0.0279981937278648,HighVol,4
2022-03-07,0.0297977295791195,-0.0057934345199615,HighVol,4
2022-03-08,0.0288846858907084,0.0238316899171846,HighVol,4
2022-03-09,0.0074055948105902,0.0192088750886996,HighVol,4
2022-03-10,0.0144770984027239,0.0366410909123617,HighVol,4
2022-03-11,0.0182567858546879,0.061491949960831,HighVol,4
2022-03-14,0.0093649548805651,0.0689939923590023,HighVol,4
2022-03-15,0.0055960990838088,0.0582319762843681,HighVol,4
2022-03-16,0.0024915200329596,0.0219427338975382,HighVol,4
2022-03-17,-0.0022829585658907,0.0245300291115131,HighVol,4
2022-03-18,-0.0008661261473614,0.0183793551863489,HighVol,4
2022-03-21,0.0001837977275175,0.0259232874706971,HighVol,4
2022-03-22,0.0045448249712622,0.0266020359244747,HighVol,4
2022-03-23,0.0038619388404808,0.0335736453615778,HighVol,4
2022-03-24,0.0004888907378907,0.0025529200319278,HighVol,4
2022-03-25,0.0083450505385266,0.0005081883681072,HighVol,4
2022-03-28,0.0050560278613467,0.0019522275514218,HighVol,4
2022-03-29,-0.0023335978508353,-0.0227927873967537,HighVol,4
2022-03-30,-0.0025266848178761,-0.026553245001089,HighVol,4
2022-03-31,0.0034187262694257,-0.0063548440813095,HighVol,4
2022-04-01,0.0034632851976788,-0.0118122515630366,HighVol,4
2022-04-04,0.0096103999893694,-0.0369529503115481,HighVol,4
2022-04-05,0.0109674498656635,-0.0282462854605518,HighVol,4
2022-04-06,0.0052405949275037,-0.0071889783336435,HighVol,4
2022-04-07,0.004260381252787,-0.0244667017688564,HighVol,4
2022-04-08,0.0044531615657011,-0.0214490804136432,HighVol,4
2022-04-11,0.0074188296038986,0.0116386693434729,HighVol,4
2022-04-12,0.0019328988909167,0.0146476418620062,HighVol,4
2022-04-13,0.0039587196598053,-0.0118427982531194,HighVol,4
2022-04-14,0.0050071610627832,-0.0268392854861238,HighVol,4
2022-04-18,0.0049026850335811,-0.0215996371920655,HighVol,4
2022-04-19,0.0013973557671873,-0.0650279226028137,HighVol,4
2022-04-20,0.0016065781537942,-0.06170303571857,HighVol,4
2022-04-21,0.0038618338709024,-0.02339853910165,HighVol,4
2022-04-22,0.0056146922642117,-0.0329546791292675,HighVol,4
2022-04-25,0.0093577200326142,-0.0327414067370402,HighVol,4
2022-04-26,0.00273600060088,0.0006728538030653,HighVol,4
2022-04-27,0.0030765535783934,0.0282549306282433,HighVol,4
2022-04-28,0.0110690946808077,-0.032724697552684,HighVol,4
2022-04-29,-0.0009735705792523,-0.0016019917341212,HighVol,4
2022-05-02,0.0101522546610232,-0.0393503718397212,HighVol,4
2022-05-03,0.015017915360078,-0.0415244928743236,HighVol,4
2022-05-04,-0.010941446971886,-0.0846266310140197,HighVol,4
2022-05-05,-0.0110623014296733,-0.0518836884003287,HighVol,4
2022-05-06,0.0181929687570211,-0.0233870073927928,HighVol,4
2022-05-09,-0.0109521456801792,0.0048218637280033,HighVol,4
2022-05-10,0.0032292051337415,0.0231274706343296,HighVol,4
2022-05-11,-0.0053252343979043,-0.0022660920236211,HighVol,4
2022-05-12,0.0270453277311408,-0.0073406436770317,HighVol,4
2022-05-13,0.0168084572291054,-0.0300957219080892,HighVol,4
2022-05-16,0.010244723742853,-0.0079232016519916,HighVol,4
2022-05-17,0.0015910198484313,-0.0353395025801274,HighVol,4
2022-05-18,0.0289685900102603,0.0140609537932518,HighVol,4
2022-05-19,0.0241007204889954,0.0406974625220493,HighVol,4
2022-05-20,0.0238446927597709,0.0657805277084049,HighVol,4
2022-05-23,0.0044812290648805,0.0403355493064403,HighVol,4
2022-05-24,0.012964226937672,0.0398583568451678,HighVol,4
2022-05-25,-0.0021683215452335,0.0503815078324791,HighVol,4
2022-05-26,-0.0063009256245921,0.0129036622494007,HighVol,4
2022-05-27,-0.0125910314500555,-0.0083562464382589,HighVol,4
2022-05-31,-0.0121805580732611,0.0068050919953566,HighVol,4
2022-06-01,-0.0086672556866521,0.0039797204296527,HighVol,4
2022-06-02,-0.0060784175191166,-0.0382138304658816,HighVol,4
2022-06-03,0.0031906304274335,-0.0505190630811362,HighVol,4
2022-06-06,0.005691980362262,-0.0893418511817937,HighVol,4
2022-06-07,0.0065258745996374,-0.1007119884665754,HighVol,4
2022-06-08,0.0024150116108392,-0.0778658794235447,HighVol,4
2022-06-09,0.0008526782021456,-0.0866630250303165,HighVol,4
2022-06-10,0.0270248812657404,-0.0573615949086827,HighVol,4
2022-06-13,0.0059739791914451,0.0045074422763371,HighVol,4
2022-06-14,-0.0043239743821818,0.0057166034549036,HighVol,4
2022-06-15,0.0035123100022576,0.0013002406498252,HighVol,4
2022-06-16,-0.008353859734275,0.0684986399534024,HighVol,4
2022-06-17,0.0112937387287015,0.0621276771737036,HighVol,4
2022-06-21,0.0157677607457743,0.0148771605517394,HighVol,4
2022-06-22,0.0134068750364815,0.0158924785662433,HighVol,4
2022-06-23,0.0201937369534023,-0.0021422833093673,HighVol,4
2022-06-24,-0.0114463760923779,-0.0226621883428115,HighVol,4
2022-06-27,-0.0045008128304889,-0.0170617499010161,HighVol,4
2022-06-28,0.0155803207158812,0.0068303634219528,HighVol,4
2022-06-29,0.0088227101780775,0.022742784115086,HighVol,4
2022-06-30,0.0112325224601616,0.0302716667914044,HighVol,4
2022-07-01,0.0136272661383301,0.0078429448499317,HighVol,4
2022-07-05,0.0067978894984085,-0.0029583068215446,HighVol,4
2022-07-06,0.0066185778346517,-0.0115328190984627,HighVol,4
2022-07-07,0.0024612490602469,-0.0284839780106601,HighVol,4
2022-07-08,-0.0007452602556508,-0.0091080311997986,HighVol,4
2022-07-11,-0.0033589434944113,-0.0059337757844168,HighVol,4
2022-07-12,0.0006504424335392,0.0300395946579632,HighVol,4
2022-07-13,0.0055108055892448,0.042076832170788,HighVol,4
2022-07-14,0.0049207223902788,0.0552512935725091,HighVol,4
2022-07-15,0.0054453115913557,0.0258614203969611,HighVol,4
2022-07-18,0.002925554329553,0.0356592388175569,HighVol,4
2022-07-19,0.0021307987315118,-0.0035181689993231,HighVol,4
2022-07-20,0.0027600557644413,0.0158825768733552,HighVol,4
2022-07-21,0.0002279283573114,0.0182552089955707,HighVol,4
2022-07-22,0.0033396476660608,0.0427749840776476,HighVol,4
2022-07-25,0.0038522941733151,0.0384253462693156,HighVol,4
2022-07-26,0.0032846733418751,0.0439256914824048,HighVol,4
2022-07-27,0.0026687429483561,0.0334381750792938,HighVol,4
2022-07-28,-0.0010799934706327,0.0199473373422829,HighVol,4
2022-07-29,-0.0010717868855806,0.0035924845782129,HighVol,4
2022-08-01,0.0012901995764433,0.0054046136016343,HighVol,4
2022-08-02,0.0037792453511548,0.0080624546545604,HighVol,4
2022-08-03,-0.0065642149572473,0.0133671705349127,HighVol,4
2022-08-04,-0.0012927441564801,0.0140520851227894,HighVol,4
2022-08-05,0.0031805839070153,0.032964970864207,HighVol,4
2022-08-08,0.0026454685245334,0.038427019773922,HighVol,4
2022-08-09,0.0044695121400117,0.0446093660423341,HighVol,4
2022-08-10,0.0016266867270986,0.0158575157721223,HighVol,4
2022-08-11,0.007358104568044,0.0188100313012484,HighVol,4
2022-08-12,-0.0106177217043445,-0.0116133062834088,HighVol,4
2022-08-15,-0.012091673957539,-0.0361657506068801,HighVol,4
2022-08-16,-0.0069854077292487,-0.0403770288873367,HighVol,4
2022-08-17,0.0028669256973089,-0.0304230455643542,HighVol,4
2022-08-18,-0.0016474596248905,-0.0195845690184962,HighVol,4
2022-08-19,0.003140961291546,-0.039868312636685,HighVol,4
2022-08-22,0.005362582186665,-0.0259344071614224,HighVol,4
2022-08-23,0.0036772254336338,-0.0342914503530479,HighVol,4
2022-08-24,0.0050196216880115,-0.0446975674241575,HighVol,4
2022-08-25,0.0059952080930399,-0.0550403911538522,HighVol,4
2022-08-26,0.0006294781264753,-0.0322470210105177,HighVol,4
2022-08-29,0.012927572482873,-0.0294809982745438,HighVol,4
2022-08-30,0.0026312403888571,-0.0010797182982216,HighVol,4
2022-08-31,0.0050953286750664,0.0131586933315932,HighVol,4
2022-09-01,0.0211591028121054,0.0256800576414186,HighVol,4
2022-09-02,-0.0023757108811734,0.0477515137238548,HighVol,4
2022-09-06,0.0033795120924681,0.0059882701320082,HighVol,4
2022-09-07,0.012500862233965,-0.0079944239103656,HighVol,4
2022-09-08,0.0026083539168313,-0.0256256406611188,HighVol,4
2022-09-09,0.0005484672016951,-0.0478510125755609,HighVol,4
2022-09-12,-0.0017922566295893,-0.0506702068856601,HighVol,4
2022-09-13,0.0163773519232336,-0.0189066640349968,HighVol,4
2022-09-14,0.0166864859488669,-0.0396851193897022,HighVol,4
2022-09-15,0.0203072699928109,-0.0368163647139774,HighVol,4
2022-09-16,0.0202580542982361,-0.0456739400916637,HighVol,4
2022-09-19,0.0119820701035024,-0.0623857376302049,HighVol,4
2022-09-20,0.016201344677556,-0.0539197738783026,HighVol,4
2022-09-21,-0.0011889131996105,-0.0181773431742718,HighVol,4
2022-09-22,0.0015045873213,-0.0305435789050523,HighVol,4
2022-09-23,0.0145995223633438,-0.0292703083426818,HighVol,4
2022-09-26,0.0103203362895799,0.0063132399909526,HighVol,4
2022-09-27,0.0144252605240877,0.0401507429679046,HighVol,4
2022-09-28,0.0075572051548769,0.0177041997350919,HighVol,4
2022-09-29,0.0231807438802607,0.0286945842629939,HighVol,4
2022-09-30,-0.0078716865798993,0.0157063334844991,HighVol,4
2022-10-03,0.0071687682093302,-0.0179754532978421,HighVol,4
2022-10-04,0.0001471169702513,-0.0535227901131872,HighVol,4
2022-10-05,0.0069156895337614,-0.0544431137826378,HighVol,4
2022-10-06,0.0120803858579993,-0.0193731940645081,HighVol,4
2022-10-07,0.0500650014305223,-0.0142229887914003,HighVol,4
2022-10-10,0.0644385720227498,0.018888080145563,HighVol,4
2022-10-11,0.0416811776116154,0.0374295197416423,HighVol,4
2022-10-12,0.0492124300480121,0.0334865723157671,HighVol,4
2022-10-13,0.0061814667865095,-0.0015301933268642,HighVol,4
2022-10-14,0.0361439246802188,0.0465845469946193,HighVol,4
2022-10-17,0.0084482363464588,0.0328496619585572,HighVol,4
2022-10-18,0.0079550628066754,0.0371568336005863,HighVol,4
2022-10-19,0.0072622841439141,0.0366891519402163,HighVol,4
2022-10-20,0.0059775374393651,0.0398728482734331,HighVol,4
2022-10-21,-0.0003618258260199,0.0393542325517328,HighVol,4
2022-10-24,-0.0072458064357483,0.0193732840850258,HighVol,4
2022-10-25,-0.0037766741285002,-0.0010392097607752,HighVol,4
2022-10-26,0.0027761494967598,-0.0187162615719274,HighVol,4
2022-10-27,0.0008235746057114,-0.0236064702308627,HighVol,4
2022-10-28,-0.0011525964025437,-0.0325688739172328,HighVol,4
2022-10-31,0.0006881619840606,-0.0162088639184001,HighVol,4
2022-11-01,0.007284501605977,-0.0065535988259622,HighVol,4
2022-11-02,0.0043053806733155,-0.0019740288620467,HighVol,4
2022-11-03,0.0082367815791916,0.0638259645411307,HighVol,4
2022-11-04,0.0056431921591099,0.0588813958374119,HighVol,4
2022-11-07,0.0098281225335526,0.0399266210440543,HighVol,4
2022-11-08,0.0088470491769431,0.0431675502618555,HighVol,4
2022-11-09,0.0065062810612955,0.0569855627147564,HighVol,4
2022-11-10,-0.0293256752280292,-0.001140211858772,HighVol,4
2022-11-11,-0.0156662306344531,-0.0062232005686637,HighVol,4
2022-11-14,-0.0131422277928847,-0.0013414312034699,HighVol,4
2022-11-15,-0.0138840243755459,0.0035382355939499,HighVol,4
2022-11-16,0.003867814940527,0.0176253750396779,HighVol,4
2022-11-17,0.0048970788144802,0.0205204849041029,HighVol,4
2022-11-18,0.002296974812269,-0.0003028711799251,HighVol,4
2022-11-21,0.0042100465537755,0.0016220203440775,HighVol,4
2022-11-22,0.0029495929827481,0.0194549827516343,HighVol,4
2022-11-23,0.0063103566328795,0.0123253925299342,HighVol,4
2022-11-25,0.0032185045444303,0.0113837151812727,HighVol,4
2022-11-28,0.002341297222535,0.0092948316919803,HighVol,4
2022-11-29,0.0042887826929102,-0.0035425148837868,HighVol,4
2022-11-30,0.0021089941243422,-0.0356162866655478,HighVol,4
2022-12-01,0.0106327733474733,-0.027345354216011,HighVol,4
2022-12-02,0.011961954196612,-0.0334963291661682,HighVol,4
2022-12-05,0.0042479612668424,-0.001601644186732,HighVol,4
2022-12-06,0.0074564836095253,0.0206689349197211,HighVol,4
2022-12-07,0.0065692344949049,0.0158713654370088,HighVol,4
2022-12-08,0.0063996643866229,-0.0166816983583709,HighVol,4
2022-12-09,0.0023955772701305,-0.0209776344658282,HighVol,4
2022-12-12,0.0036726906239884,-0.0430753965909919,HighVol,4
2022-12-13,-0.0018914818674455,-0.0489651949964616,HighVol,4
2022-12-14,0.0004150222808339,-0.0285336846890607,HighVol,4
2022-12-15,0.0086546100488645,-0.0183808233192146,HighVol,4
2022-12-16,0.0139218351262644,-0.000939068862052,HighVol,4
2022-12-19,0.0210627546883204,0.0036313471308511,HighVol,4
2022-12-20,0.0218236933709628,-0.0101961986783882,HighVol,4
2022-12-21,0.0058524035919283,-0.0072236798069654,HighVol,4
2022-12-22,0.0134390886628664,0.004491311747887,HighVol,4
2022-12-23,0.0064679216361196,-0.005458253673892,HighVol,4
2022-12-27,0.0010589433082767,0.0061878070786605,HighVol,4
2022-12-28,0.0132561116001154,0.0072216491359899,HighVol,4
2022-12-29,0.0045177905134812,0.0121008490654219,HighVol,4
2022-12-30,-5.478713394472352e-05,0.0141987592620334,HighVol,4
2023-01-03,0.0031470780805927,0.0256289378543745,HighVol,4
2023-01-04,0.0011214377586076,0.0306441443775351,HighVol,4
2023-01-05,-0.0006772749341234,0.0463385302635481,HighVol,4
2023-01-06,0.0057157958259977,0.0268502270627701,HighVol,4
2023-01-09,0.0047284743539807,0.0255505853929884,HighVol,4
2023-01-10,0.002759902647797,0.0023298409960332,HighVol,4
2023-01-11,5.073132726798885e-05,-0.0173948394378998,HighVol,4
2023-01-12,0.0001100138907203,-0.0027206923369644,HighVol,4
2023-01-13,0.0012609470272733,0.0053449908600873,HighVol,4
2023-01-17,0.0010605946426594,0.0061089507650791,HighVol,4
2023-01-18,0.000462502450543,0.0226315166884241,HighVol,4
2023-01-19,0.0032529903177837,0.0414522179591623,HighVol,4
2023-01-20,0.0027356622153527,0.0247549058337264,HighVol,4
2023-01-23,0.0030018856439857,-9.974003063739634e-05,HighVol,4
2023-01-24,0.0030988592974313,0.0156921197273181,HighVol,4
2023-01-25,0.0004486738937993,0.0261020908952993,HighVol,4
2023-01-26,0.000667004860841,0.0297221465665309,HighVol,4
2023-01-27,0.0026320868826561,0.016441611066569,HighVol,4
2023-01-30,0.0021418741176511,0.0230658283737861,HighVol,4
2023-01-31,0.0018986475355154,0.0214279668396315,HighVol,4
2023-02-01,0.0011046792721685,-0.0003651539916538,HighVol,4
2023-02-02,-0.0035107493315902,-0.0232497999410353,HighVol,4
2023-02-03,0.0063043089152322,-0.010452136968196,HighVol,4
2023-02-06,0.001627892238513,0.0073200539308453,HighVol,4
2023-02-07,0.0004441747956308,-0.0061418278091244,HighVol,4
2023-02-08,0.0034615129198861,0.0081090689042357,HighVol,4
2023-02-09,0.0033338918343539,0.0029232368478058,HighVol,4
2023-02-10,0.0038008043632029,-0.001911644181382,HighVol,4
2023-02-13,0.0015329384986238,-0.0332823987225243,HighVol,4
2023-02-14,0.0023128146839822,-0.0341701824891504,HighVol,4
2023-02-15,0.001662682490072,-0.0321754404738352,HighVol,4
2023-02-16,0.0023773113688479,-0.0291466953818011,HighVol,4
2023-02-17,0.003241871879239,-0.0234002692399259,HighVol,4
2023-02-21,0.0057189323790073,-0.0070911147061177,HighVol,4
2023-02-22,0.0032062483847256,-0.0095347624986296,HighVol,4
2023-02-23,0.0017555277513102,-0.0071132736472715,HighVol,4
2023-02-24,0.0047192707424427,0.0197032546716362,HighVol,4
2023-02-27,0.0045575140402448,0.0169461480993469,HighVol,4
2023-02-28,0.0026781090874252,0.0050722830130307,HighVol,4
2023-03-01,0.003657958116335,0.0105892689791071,HighVol,4
2023-03-02,0.0016322053570415,-0.0157109004967476,HighVol,4
2023-03-03,-0.0002914082430378,-0.0452261596195567,HighVol,4
2023-03-06,0.0008639755084559,-0.0472469351845414,HighVol,4
2023-03-07,0.0005578259225376,-0.0164207981176224,HighVol,4
2023-03-08,0.0012647903916391,-0.0241652649608098,HighVol,4
2023-03-09,0.0043370207270121,0.0116201303652758,HighVol,4
2023-03-10,0.0127768484472218,0.0144291536240193,HighVol,4
2023-03-13,0.0093976339680505,0.025645279257219,HighVol,4
2023-03-14,0.004591248598595,0.0222153294784481,HighVol,4
2023-03-15,-0.0002777784314913,0.011114032591422,HighVol,4
2023-03-16,0.0021814579753882,-0.003634191957916,HighVol,4
2023-03-17,0.0006100662422078,0.0147696555619436,HighVol,4
2023-03-20,0.0024909270263907,0.0069842650545222,HighVol,4
2023-03-21,0.0025213481865332,-0.0082974911694094,HighVol,4
2023-03-22,0.0048701824050335,0.0235649160260256,HighVol,4
2023-03-23,0.0051258076944693,0.0267824247115537,HighVol,4
2023-03-24,0.0009569182732254,0.0344661448029273,HighVol,4
2023-03-27,0.0014126391406299,0.0364700883192417,HighVol,4
2023-03-28,0.0037334802680103,0.0330383218139289,HighVol,4
2023-03-29,0.0012316969033544,0.0155723748685652,HighVol,4
2023-03-30,0.0020615722956657,0.0135994078016417,HighVol,4
2023-03-31,-0.0020939119632888,0.0005374316065858,HighVol,4
2023-04-03,-0.001588427405093,-0.0029930082676971,HighVol,4
2023-04-04,0.0017625437532373,-0.0015171067793433,HighVol,4
2023-04-05,0.0012942609652351,0.0144012836433755,HighVol,4
2023-04-06,0.0012942609652351,0.0079912073020729,HighVol,4
2023-04-10,0.0019181654732372,0.0105710815132247,HighVol,4
2023-04-11,0.0024739569520615,0.0109585752090688,HighVol,4
2023-04-12,0.0017137833856983,0.0149247544377151,HighVol,4
2023-04-13,0.0009312522078902,-0.0038453964091025,HighVol,4
2023-04-14,0.0008679490158323,-0.0006302507243142,HighVol,4
2023-04-17,0.001319272769034,-0.0031647961420564,LowVol,4
2023-04-18,0.001319272769034,-0.019627630605815,LowVol,4
2023-04-19,0.0015246612435065,-0.0236152960786939,LowVol,4
2023-04-20,0.0017291992369902,0.0012866696607649,LowVol,4
2023-04-21,0.0017291992369902,0.0090489839166971,LowVol,4
2023-04-24,0.0018261728904358,0.0069797559108091,LowVol,4
2023-04-25,0.0040226808480846,0.0117219347737969,LowVol,4
2023-04-26,0.0050865279011809,0.0090512897771448,LowVol,4
2023-04-27,0.003733582167157,-0.0176522441296541,LowVol,4
2023-04-28,0.0029025480545521,-0.0079341806916719,LowVol,4
2023-05-01,0.0029995217079977,-0.006666542194754,LowVol,4
2023-05-02,0.0008317704099181,0.00021885724479,LowVol,4
2023-05-03,0.0013434887740982,0.0118377126914277,LowVol,4
2023-05-04,0.0035534667077022,0.0172784273580579,LowVol,4
2023-05-05,0.0036805814144465,-0.0025202726375892,HighVol,4
2023-05-08,0.0055961382471885,0.0006542426553886,HighVol,4
2023-05-09,0.0028633632669147,-0.0016546103587971,HighVol,4
2023-05-10,0.0015657088366264,0.0057646268945685,HighVol,4
2023-05-11,0.0006107990879716,0.0172275819366671,HighVol,4
2023-05-12,0.0012016782116187,0.0170800833324771,HighVol,4
2023-05-15,0.001412521724955,0.0139947797964807,HighVol,4
2023-05-16,0.0023019838575559,0.0093601479581508,HighVol,4
2023-05-17,0.0015657088366264,-0.0099701104195453,HighVol,4
2023-05-18,0.0005146919101974,-0.0109249181584835,HighVol,4
2023-05-19,3.559254986463156e-05,0.0033442806777483,HighVol,4
2023-05-22,0.0015483543499157,0.0033190841034562,HighVol,4
2023-05-23,0.001242883249024,0.0090800877127044,HighVol,4
2023-05-24,0.003602397558541,0.0261012621651772,HighVol,4
2023-05-25,0.0030143152743167,0.0320030051771678,LowVol,4
2023-05-26,0.0014334067713798,0.0168564276409382,HighVol,4
2023-05-30,0.0015303804248254,0.0186822609702117,HighVol,4
2023-05-31,0.0009954719248617,0.0208208084207892,LowVol,4
2023-06-01,0.0013716629261703,0.0173296836776648,LowVol,4
2023-06-02,0.0008893798783298,0.0046269888662942,LowVol,4
2023-06-05,0.0013749760644114,0.0156871053536455,LowVol,4
2023-06-06,0.0013749760644114,0.0201623524269742,LowVol,4
2023-06-07,0.0002856103293157,0.024920968015927,LowVol,4
2023-06-08,0.0010272750696239,0.03138909193936,LowVol,4
2023-06-09,0.0010028882315783,0.0260350185099105,LowVol,4
2023-06-12,0.0010925551241402,0.0115351320457202,LowVol,4
2023-06-13,-4.6674814179871845e-05,-0.0002390461454444,LowVol,4
2023-06-14,0.0007056387585084,0.0021762742902691,LowVol,4
2023-06-15,0.0007496375032648,-0.0175798785308709,LowVol,4
2023-06-16,0.0009007636038392,-0.0182497020505351,LowVol,4
2023-06-20,0.0011895287775858,-0.0023100923254388,LowVol,4
2023-06-21,0.002030167923154,0.0033337540522111,LowVol,4
2023-06-22,0.0014160522846692,0.0036654494703893,LowVol,4
2023-06-23,0.0028725177552723,0.0232451331002996,LowVol,4
2023-06-26,0.004125385863692,0.0286251584712662,LowVol,4
2023-06-27,0.0021122017538673,0.0159569500202549,LowVol,4
2023-06-28,0.0015303804248254,0.007493408397835,LowVol,4
2023-06-29,0.0015303804248254,0.0010042992539913,LowVol,4
2023-06-30,0.000500771561063,-0.0081662891052283,LowVol,4
2023-07-03,0.0026106885768316,-0.0029969626372186,LowVol,4
2023-07-05,0.0011342767463748,0.0065219035451677,LowVol,4
2023-07-06,0.001430978963531,0.0225172830782034,LowVol,4
2023-07-07,0.0019716563412891,0.0244670256895391,LowVol,4
2023-07-10,0.0030208236160038,0.0254285609711955,LowVol,4
2023-07-11,0.0023299948024628,0.0265107821782915,LowVol,4
2023-07-12,0.0012222991155884,0.0205820223775872,LowVol,4
2023-07-13,0.0008941802954103,0.0058279312288611,LowVol,4
2023-07-14,0.0010566528915369,0.006454767029719,LowVol,4
2023-07-17,0.0012620413660095,0.0074528503857429,LowVol,4
2023-07-18,0.0015746883480834,0.0027521656714322,LowVol,4
2023-07-19,0.0014482574948763,0.0006808605871837,LowVol,4
2023-07-20,0.0011869068319266,0.0006855480776843,LowVol,4
2023-07-21,0.0010925551241402,0.0104825947427305,LowVol,4
2023-07-24,0.0011895287775858,0.0079040461683557,LowVol,4
2023-07-25,0.001286308293221,0.0022834092754129,LowVol,4
2023-07-26,0.0018573282011329,-0.0118109160238507,LowVol,4
2023-07-27,0.0015972366584651,-0.0080665079117948,LowVol,4
2023-07-28,0.0012222991155884,-0.0221264797724626,LowVol,4
2023-07-31,0.001319272769034,-0.0154657433590849,LowVol,4
2023-08-01,0.0014160522846692,-0.0169338870239618,LowVol,4
2023-08-02,0.0030534606336306,-0.0097305459805262,LowVol,4
2023-08-03,0.0027403395146708,-0.0065279298086633,LowVol,4
2023-08-04,0.0033635586515189,-0.002596137335587,LowVol,4
2023-08-07,0.0045706302322556,-0.0057685726822095,LowVol,4
2023-08-08,0.0037889432763482,-0.0130584778986998,LowVol,4
2023-08-09,0.0043465280383437,-0.0137072055781655,LowVol,4
2023-08-10,0.0025487667208871,-0.0215737639888228,LowVol,4
2023-08-11,0.0026423852574277,-0.020531870801056,LowVol,4
2023-08-14,0.0029397397073952,-0.0195710856026193,LowVol,4
2023-08-15,0.002634018112005,-0.010702476433574,LowVol,4
2023-08-16,0.0033591109842948,0.0077109475799812,LowVol,4
2023-08-17,0.0058915133529116,0.0013752910114182,LowVol,4
2023-08-18,0.0057583418904861,0.00794973015766,LowVol,4
2023-08-21,0.0037236811413092,0.0077845646763021,LowVol,4
2023-08-22,0.0036989519121921,0.0251283979577208,LowVol,4
2023-08-23,0.0006862868635889,0.0180121948900096,LowVol,4
2023-08-24,0.0012879012369917,0.0308085243742635,LowVol,4
2023-08-25,0.0004085199263156,0.0255015062719692,LowVol,4
2023-08-28,0.000959008276793,0.0146352638299602,LowVol,4
2023-08-29,0.0001492977414925,-0.0065454943984825,LowVol,4
2023-08-30,0.0013749760644114,-0.0136582446104285,LowVol,4
2023-08-31,0.0012452320729633,-0.010724952818606,LowVol,4
2023-09-01,0.0012452320729633,-0.0060726137022232,LowVol,4
2023-09-05,0.0015900585328241,-0.0072344336420979,LowVol,4
2023-09-06,0.0023700719997376,0.0006499102229422,LowVol,4
2023-09-07,0.002669443625426,0.0123861103695559,LowVol,4
2023-09-08,0.0030525558607503,-0.0013155141436967,LowVol,4
2023-09-11,0.0025952870765803,-0.0072587617680632,LowVol,4
2023-09-12,0.0017763495297168,-0.0038531745186194,LowVol,4
2023-09-13,0.0018300617798019,-0.0141604016425983,LowVol,4
2023-09-14,0.0012222991155884,-0.0387429976803536,LowVol,4
2023-09-15,0.001941273231053,-0.0292081118550735,LowVol,4
2023-09-18,0.0028965835412272,-0.0256970906486446,LowVol,4
2023-09-19,0.0020585912285283,-0.0380157646496804,LowVol,4
2023-09-20,0.0028747458417605,-0.0287023387471966,LowVol,4
2023-09-21,0.0068024876149078,-0.0066528693586052,LowVol,4
2023-09-22,0.0097974740931527,-0.0068304499107306,LowVol,4
2023-09-25,0.0039197005087941,-0.0113828581310541,LowVol,4
2023-09-26,0.0062974288123529,-0.0100730980574459,LowVol,4
2023-09-27,0.0015546523672695,-0.0032626612326764,LowVol,4
2023-09-28,0.0016481815268252,-0.0093810819524831,LowVol,4
2023-09-29,-0.0005730342382487,0.0048188057699842,LowVol,4
2023-10-02,-0.0009185021914044,0.0116542736374931,LowVol,4
2023-10-03,0.0015060900613344,0.0307170455283973,LowVol,4
2023-10-04,-0.0038383964401727,0.0274574271288221,LowVol,4
2023-10-05,-0.0019922807836427,0.0215782679563598,LowVol,4
2023-10-06,0.0002498865402983,0.0045631829801469,LowVol,4
2023-10-09,0.0002971471381456,0.0086748060196806,LowVol,4
2023-10-10,0.0008201286427079,0.0034057985963911,LowVol,4
2023-10-11,0.0011297026226598,-0.0140035700907021,HighVol,4
2023-10-12,0.0001572351179052,-0.016672019081188,LowVol,4
2023-10-13,0.001211882404964,-0.0238934811693498,LowVol,4
2023-10-16,0.0009829389929661,-0.0357307108636056,LowVol,4
2023-10-17,0.0008356463769968,-0.0284161868508568,LowVol,4
2023-10-18,0.0033591608066854,-0.0294275053026431,HighVol,4
2023-10-19,0.0029818565573283,-0.0325493500700478,LowVol,4
2023-10-20,-0.0004537166683604,-0.0249531244109872,LowVol,4
2023-10-23,-0.0050252087737509,-0.0115825831678449,LowVol,4
2023-10-24,0.0053906097077328,-0.0128176861282698,LowVol,4
2023-10-25,-0.0015332837871737,0.0122381469646581,HighVol,4
2023-10-26,0.0003552969397488,0.0441401229098128,HighVol,4
2023-10-27,0.003453427700972,0.0584640280785855,HighVol,4
2023-10-30,-0.0026181841453079,0.0483649035500068,HighVol,4
2023-10-31,0.0006855481792856,0.0447871529740251,HighVol,4
2023-11-01,0.0023884817692405,0.034519456463689,HighVol,4
2023-11-02,-0.0016367183220966,0.0071501976041286,HighVol,4
2023-11-03,-0.0016071625344888,0.0136187848373017,HighVol,4
2023-11-06,-0.0015198370160633,0.0103285910821373,HighVol,4
2023-11-07,-0.0015198370160633,0.0270066151122436,HighVol,4
2023-11-08,-0.0017377940194026,0.0284275718881208,HighVol,4
2023-11-09,0.0002293229481584,0.0377788906633129,HighVol,4
2023-11-10,0.0032494410993252,0.0231043785936377,HighVol,4
2023-11-13,0.002146980289166,0.031963499461715,HighVol,4
2023-11-14,-0.0028604642495474,0.0101173584314768,HighVol,4
2023-11-15,-0.0034535510783352,0.0118750983180306,HighVol,4
2023-11-16,-0.0032977575186704,0.011260869339646,HighVol,4
2023-11-17,0.0010059391093052,0.0081856163555755,HighVol,4
2023-11-20,-0.0029564562370731,0.00147488454034,HighVol,4
2023-11-21,0.0018129355731442,0.0029563514060844,HighVol,4
2023-11-22,0.0061371596523723,0.0030329450534691,HighVol,4
2023-11-24,0.0067796102483493,0.0083463539653587,LowVol,4
2023-11-27,0.0064925963987453,0.0048628535014594,LowVol,4
2023-11-28,0.0065406851351792,0.0036708528937534,LowVol,4
2023-11-29,0.006132179556718,0.0003300225995699,LowVol,4
2023-11-30,0.0029116956467013,0.0040096821634398,LowVol,4
2023-12-01,0.0003990663133545,0.002395923073591,LowVol,4
2023-12-04,0.0012222991155884,0.0116051766872131,LowVol,4
2023-12-05,0.0013190786312236,0.0164258258522744,LowVol,4
2023-12-06,0.0018573282011329,0.0346115101087354,LowVol,4
2023-12-07,0.0012222991155884,0.0300722056700522,LowVol,4
2023-12-08,0.0013190786312236,0.0239739156028233,LowVol,4
2023-12-11,0.0012222991155884,0.0257442635863203,LowVol,4
2023-12-12,0.0009880353875616,0.0272896357455181,LowVol,4
2023-12-13,0.0005474185719972,-0.0007256412055788,LowVol,4
2023-12-14,-0.0004517974329222,0.0055220671696245,LowVol,4
2023-12-15,0.0007477646467326,0.0092046464196107,LowVol,4
2023-12-18,-0.0026241488837696,0.0077970338578869,LowVol,4
2023-12-19,-0.0025694933504154,0.0035171004293654,LowVol,4
2023-12-20,0.0016709747953199,0.0180027395122883,LowVol,4
2023-12-21,0.001728231859084,0.0055215368602372,LowVol,4
2023-12-22,0.0018252055125296,-0.0021113669398434,LowVol,4
2023-12-26,0.0021603379784503,-0.0144223746613114,LowVol,4
2023-12-27,0.0019219850281648,-0.0193700076419929,LowVol,4
2023-12-28,0.001305388949631,-0.0183977646294878,LowVol,4
2023-12-29,0.0011852094272036,-0.0014938284743616,LowVol,4
2024-01-02,0.0013747559865361,0.002602389648868,LowVol,4
2024-01-03,0.0033634026480927,0.0165746123121246,LowVol,5
2024-01-04,0.0034732079967087,0.0194101651642226,LowVol,5
2024-01-05,0.0031639842715393,0.0187212208168543,LowVol,5
2024-01-08,0.0022047585226509,0.0006953365880852,LowVol,5
2024-01-09,0.001632083359614,-0.0033551191955303,LowVol,5
2024-01-10,0.0014996299634703,-0.0001469129932041,LowVol,5
2024-01-11,0.0012572548970293,0.0127637028393241,LowVol,5
2024-01-12,0.0016162518160769,0.0142024559622562,LowVol,5
2024-01-16,0.0011703269433905,0.0209082900045629,LowVol,5
2024-01-17,0.0021164867496493,0.0277371525209231,LowVol,5
2024-01-18,0.0015910149933705,0.0242187378867217,LowVol,5
2024-01-19,0.0004166809038295,0.0103228692269305,LowVol,5
2024-01-22,0.0012738629509875,0.01617527405755,LowVol,5
2024-01-23,0.0016162518160769,0.0124366515719747,LowVol,5
2024-01-24,0.001078110778607,-0.0051712163495439,LowVol,5
2024-01-25,0.0010470810339956,0.0023974659280519,LowVol,5
2024-01-26,0.0012987409793151,0.0142384870141771,LowVol,5
2024-01-29,0.0022417787408324,0.0026055045354913,LowVol,5
2024-01-30,0.0022417787408324,0.0062948759117038,LowVol,5
2024-01-31,0.0008201537140772,0.0315192523792844,LowVol,5
2024-02-01,0.0017838211355625,0.0186426168349465,LowVol,5
2024-02-02,0.0022923965860449,0.0138565260945591,LowVol,5
2024-02-05,0.0019438373559208,0.0171151319692604,LowVol,5
2024-02-06,0.0020860474886461,0.0002022562969137,LowVol,5
2024-02-07,0.0015761537514755,0.000943650775367,LowVol,5
2024-02-08,0.0022367963522742,0.0074048707877711,LowVol,5
2024-02-09,0.0016465358040108,-0.0033717652515233,LowVol,5
2024-02-12,0.0023496049891281,-0.0084235130929299,LowVol,5
2024-02-13,0.0015727258509881,0.0063350431712057,LowVol,5
2024-02-14,0.0020355657765696,0.0179112004891184,LowVol,5
2024-02-15,0.0014778897821788,0.0116331528825244,LowVol,5
2024-02-16,0.0021930120335694,0.0129725413199381,LowVol,5
2024-02-20,0.0024044153903458,0.0204725449938427,LowVol,5
2024-02-21,0.00195543500441,0.0182016652549692,LowVol,5
2024-02-22,0.0020324154486841,0.0011427396202079,HighVol,5
2024-02-23,0.0017544833771178,0.0098455383821483,HighVol,5
2024-02-26,0.0019260312682878,0.0124706480428746,HighVol,5
2024-02-27,0.0018132226314339,0.0004932819635425,HighVol,5
2024-02-28,0.0015837921419733,0.0068935371435896,HighVol,5
2024-02-29,0.0019007444772368,0.013246019857892,LowVol,5
2024-03-01,0.0009989962167764,-0.0022033401663462,LowVol,5
2024-03-04,0.0018368867012264,-0.0019910447477258,LowVol,5
2024-03-05,0.0007797211283354,0.0189281880435188,LowVol,5
2024-03-06,0.001184574696946,0.0122021520069286,LowVol,5
2024-03-07,0.0013700635338832,0.0002719949504448,LowVol,5
2024-03-08,0.0008919448090627,-0.0005978982512582,LowVol,5
2024-03-11,0.0019358168622786,0.0062069652499965,LowVol,5
2024-03-12,0.0010520386238667,0.0010299935509057,LowVol,5
2024-03-13,0.0014778897821788,0.0118749445153707,LowVol,5
2024-03-14,0.0011033033394096,0.0172298027846322,LowVol,5
2024-03-15,0.0011328275075284,0.0223210572630896,LowVol,5
2024-03-18,0.001184574696946,0.0134735080082062,LowVol,5
2024-03-19,0.0019277395282739,0.0060112800456131,LowVol,5
2024-03-20,0.0012352422345504,0.0051683325508364,LowVol,5
2024-03-21,0.0015027678105063,0.0016659486646781,LowVol,5
2024-03-22,0.0009442123755711,0.0018228077420683,LowVol,5
2024-03-25,0.0017290604529308,-0.0017892670987341,LowVol,5
2024-03-26,0.0012774793969815,0.001156349899567,LowVol,5
2024-03-27,0.0012352422345504,-0.0193053010232835,LowVol,5
2024-03-28,0.0010654531766669,-0.0088707215021257,LowVol,5
2024-04-01,0.0016813160344105,-0.006588077741262,LowVol,5
2024-04-02,0.0017647573412262,0.000925111010301,LowVol,5
2024-04-03,0.0017085848387625,-0.0101846049784122,LowVol,5
2024-04-04,0.0021887768168927,0.0096086500084968,LowVol,5
2024-04-05,0.0024012446754987,-0.0146210005437172,LowVol,5
2024-04-08,0.0025362459066199,-0.0275099782852212,LowVol,5
2024-04-09,0.0013608889519682,-0.0304051548317344,LowVol,5
2024-04-10,0.0027088489930824,-0.026394636581951,LowVol,5
2024-04-11,0.0008552136956385,-0.0356755937179444,LowVol,5
2024-04-12,0.003477785714919,-0.0307135105090051,LowVol,5
2024-04-15,0.0043403619089695,-0.0093765858347585,LowVol,5
2024-04-16,0.002973406671801,0.0042102494362568,LowVol,5
2024-04-17,0.0082557895374655,0.0097094241729354,LowVol,5
2024-04-18,0.0057080952096727,0.0079476376463996,LowVol,5
2024-04-19,0.0079631147013899,0.0264561413058441,LowVol,5
2024-04-22,0.004135988139157,0.0206915124534783,LowVol,5
2024-04-23,-0.0026439101496536,-0.0072579421531492,LowVol,5
2024-04-24,0.0018002176757402,-0.0100117479228748,LowVol,5
2024-04-25,-0.0032126674910003,0.0030587003679367,LowVol,5
2024-04-26,0.000861870233908,0.0059615133101658,LowVol,5
2024-04-29,0.0010869687499197,0.0127631843000715,LowVol,5
2024-04-30,0.0009308103542618,0.0302003276182347,HighVol,5
2024-05-01,0.0017886272187454,0.0336562875219945,HighVol,5
2024-05-02,0.001062378430931,0.0299785325066552,HighVol,5
2024-05-03,0.0008281632242481,0.0186782167566617,HighVol,5
2024-05-06,0.0019492086903166,0.0084016600072149,HighVol,5
2024-05-07,0.001721137669079,0.0119115596678553,HighVol,5
2024-05-08,0.001721137669079,0.0243434797676589,HighVol,5
2024-05-09,0.0022338559569806,0.0163789586550364,HighVol,5
2024-05-10,0.0020073658628136,0.0165310113063783,LowVol,5
2024-05-13,0.0023496049891281,0.0175652616835864,LowVol,5
2024-05-14,0.0019699530531167,0.0154024001691792,LowVol,5
2024-05-15,0.0012320621683123,9.42981114702146e-05,LowVol,5
2024-05-16,0.0020154860984079,-0.0051634193594969,LowVol,5
2024-05-17,0.0017024435769498,-1.88240241431048e-05,LowVol,5
2024-05-20,0.0022417787408324,-0.0004713599183007,LowVol,5
2024-05-21,0.0022417787408324,-0.0098991120101581,LowVol,5
2024-05-22,0.0022371645372421,-0.013627099266082,LowVol,5
2024-05-23,0.0022436795711738,0.002680617844694,LowVol,5
2024-05-24,0.002334324952238,-0.0030977349892156,LowVol,5
2024-05-28,0.0025637554416985,-0.0026801864607164,LowVol,5
2024-05-29,0.003114543121811,0.0162895998764716,LowVol,5
2024-05-30,0.0035705198284124,0.0230573083395202,LowVol,5
2024-05-31,0.0009364557396951,0.0125907636909341,LowVol,5
2024-06-03,0.0017921478066756,0.0148920546928748,LowVol,5
2024-06-04,0.0023551715569145,0.0162001380113248,LowVol,5
2024-06-05,0.0011648472607206,0.0125125294111441,LowVol,5
2024-06-06,0.0016162518160769,0.014570144966377,LowVol,5
2024-06-07,0.0012983191513912,0.0164229856066171,LowVol,5
2024-06-10,0.0014996299634703,0.0213566432338976,LowVol,5
2024-06-11,0.0014996299634703,0.021491644122916,LowVol,5
2024-06-12,0.0007542006761396,0.0104180307644354,LowVol,5
2024-06-13,0.0010767484486503,0.0070357801219336,LowVol,5
2024-06-14,0.0013700635338832,0.0031522123863145,LowVol,5
2024-06-17,0.0015896349400959,-0.0009363865515505,LowVol,5
2024-06-18,0.001902677461554,-0.0022242386356753,LowVol,5
2024-06-20,0.0008869049527627,0.002070900614876,LowVol,5
2024-06-21,0.0007542006761396,-0.0005327633389057,LowVol,5
2024-06-24,0.001517644788347,0.0047904758253822,LowVol,5
2024-06-25,0.0021151702627265,0.00767219491609,LowVol,5
2024-06-26,0.0021398436934699,0.0109070642623303,LowVol,5
2024-06-27,0.002080668538586,0.0151361222956507,LowVol,5
2024-06-28,0.001526816302722,0.0203228455152384,LowVol,5
2024-07-01,0.0013700635338832,0.0192174261338846,LowVol,5
2024-07-02,0.0013700635338832,0.0224223116021213,LowVol,5
2024-07-03,0.0017290604529308,0.0091029229419399,LowVol,5
2024-07-05,0.0015895172139144,0.0096460870933667,LowVol,5
2024-07-08,0.0013868213266164,0.0112557067298397,LowVol,5
2024-07-09,0.0016162518160769,0.0162640156349658,LowVol,5
2024-07-10,0.0014259009188613,-0.0078031065498098,LowVol,5
2024-07-11,0.0015621993781474,-0.006864521721166,LowVol,5
2024-07-12,0.0012352422345504,-0.0196434110256953,LowVol,5
2024-07-15,0.0010259912678136,-0.0122522252673675,LowVol,5
2024-07-16,0.0015387095557152,-0.0196151998939898,LowVol,5
2024-07-17,0.0022996329943599,-0.0282076845747246,LowVol,5
2024-07-18,0.0022046178236264,-0.0257844178786645,LowVol,5
2024-07-19,0.0027259609161203,-0.0082880354064727,LowVol,5
2024-07-22,0.0028309611315548,-0.0178310085846579,LowVol,5
2024-07-23,0.0033837173570288,-0.0212719675317613,LowVol,5
2024-07-24,0.0033997914245773,0.0177004339307051,HighVol,5
2024-07-25,0.0069287144596337,0.0085437354681996,HighVol,5
2024-07-26,0.0036635779407529,-0.0211958753327187,HighVol,5
2024-07-29,0.0038681322696154,-0.0502607999915586,HighVol,5
2024-07-30,0.0039991223959305,-0.0366238036567664,HighVol,5
2024-07-31,-0.0005748421020832,-0.0583686261396052,HighVol,5
2024-08-01,0.0021877505876603,-0.0227620006692033,HighVol,5
2024-08-02,0.0064413947893289,0.000168598850925,HighVol,5
2024-08-05,0.0090897250728879,0.0307125430261447,HighVol,5
2024-08-06,0.0010647831965589,0.0380925600076103,HighVol,5
2024-08-07,0.0067376735781123,0.0483745888775819,HighVol,5
2024-08-08,-0.0005838345451686,0.0422501347857422,HighVol,5
2024-08-09,0.0024586559726792,0.0400010128292882,HighVol,5
2024-08-12,0.0016747638062826,0.0493931899347197,HighVol,5
2024-08-13,0.0006809526431064,0.0307356185133447,HighVol,5
2024-08-14,0.0018117189872332,0.0310252764204521,HighVol,5
2024-08-15,-0.000561313556183,0.0056952461515797,HighVol,5
2024-08-16,0.002100385330652,0.0141076378047722,HighVol,5
2024-08-19,0.0045894561359878,0.0021087205256984,HighVol,5
2024-08-20,0.0085022020449586,0.0051191835072288,HighVol,5
2024-08-21,0.0097927900744904,-0.0041381819081508,HighVol,5
2024-08-22,0.0020370405837518,0.0038294348531029,HighVol,5
2024-08-23,0.0022838697359959,0.0027573788895125,HighVol,5
2024-08-26,0.0028888473633497,-0.0155318314750716,HighVol,5
2024-08-27,0.0033562872786426,-0.0188937771054116,HighVol,5
2024-08-28,0.0037020549263863,-0.0155650680140784,HighVol,5
2024-08-29,0.0021341235008092,-0.0322198448175555,HighVol,5
2024-08-30,0.0019962407066448,-0.0306380419426014,HighVol,5
2024-09-03,0.0025533274390349,-0.0059590789915502,HighVol,5
2024-09-04,0.0038934788201936,0.0062981308827736,HighVol,5
2024-09-05,0.0039755671982943,0.0172485490360669,HighVol,5
2024-09-06,0.004681012037439,0.0400658239943536,HighVol,5
2024-09-09,0.0043361087061218,0.0300692402327225,HighVol,5
2024-09-10,0.0031759902314798,0.0260207786423591,HighVol,5
2024-09-11,-0.0002639371751279,0.0125900006198196,HighVol,5
2024-09-12,0.0008822298664327,0.0212666235597533,HighVol,5
2024-09-13,0.0014999025558508,0.0142044026989132,HighVol,5
2024-09-16,0.0016294689854379,0.015239142947377,HighVol,5
2024-09-17,0.0010302587418828,0.0177284849501675,HighVol,5
2024-09-18,0.0010477358986165,0.0185041781725374,HighVol,5
2024-09-19,3.6620625822140114e-05,0.0053861677190167,HighVol,5
2024-09-20,-0.0007953431917833,0.0056665735300258,HighVol,5
2024-09-23,0.0015027678105063,0.0071796320720118,HighVol,5
2024-09-24,0.0017903658884271,-0.0046912463830562,HighVol,5
2024-09-25,0.0016162518160769,-0.0020698171552241,HighVol,5
2024-09-26,0.0016347278087426,-0.0078279756581978,HighVol,5
2024-09-27,0.0015027678105063,0.002642217138562,HighVol,5
2024-09-30,0.001545439554701,-0.0103877256261252,HighVol,5
2024-10-01,0.0017381910795336,0.0080019840643874,LowVol,5
2024-10-02,0.0030659740946731,0.0145553436040222,LowVol,5
2024-10-03,0.003017617954918,0.0146350977753799,LowVol,5
2024-10-04,0.0017216716195383,0.0115188689572791,LowVol,5
2024-10-07,0.0033385959352064,0.0290949377614482,LowVol,5
2024-10-08,0.0017290604529308,0.0115323289483866,LowVol,5
2024-10-09,0.0014996299634703,0.0089405677113176,LowVol,5
2024-10-10,0.0013700635338832,0.0107959451228016,LowVol,5
2024-10-11,0.0014778897821788,0.008644133518874,LowVol,5
2024-10-14,0.0018579764674085,-0.0011809241205616,LowVol,5
2024-10-15,0.0012040771844713,0.0061058872343091,LowVol,5
2024-10-16,0.0018368867012264,-0.007401727661692,LowVol,5
2024-10-17,0.0018368867012264,-0.0053402652922546,LowVol,5
2024-10-18,0.0013700635338832,-0.0094938553282679,LowVol,5
2024-10-21,0.0019856038331394,-0.0047974798795822,LowVol,5
2024-10-22,0.0014996299634703,-0.0026574163604202,LowVol,5
2024-10-23,0.0021096172914003,0.0034951424503328,LowVol,5
2024-10-24,0.0018949008833307,-0.0183001094498751,LowVol,5
2024-10-25,0.0025327165616618,-0.0138160172168266,LowVol,5
2024-10-28,0.0023975668579814,-0.0189729279895675,LowVol,5
2024-10-29,0.001846528608237,-0.0087147019186284,LowVol,5
2024-10-30,0.0008918263439811,0.0190167185088356,LowVol,5
2024-10-31,0.0019542996869625,0.0474291046709425,LowVol,5
2024-11-01,0.0034027264938586,0.0475447849532504,LowVol,5
2024-11-04,0.0037273797632394,0.0508064087683193,LowVol,5
2024-11-05,0.0029495452156889,0.0350269024367455,LowVol,5
2024-11-06,0.0011216339985242,0.0104055657103543,HighVol,5
2024-11-07,0.000251469588828,-0.0037943786054022,HighVol,5
2024-11-08,0.000251469588828,-0.0207959444612613,HighVol,5
2024-11-11,0.0019962294863733,-0.0177199514263086,HighVol,5
2024-11-12,0.0013841604064939,-0.0110571600010435,HighVol,5
2024-11-13,0.0012936535094759,-0.0112026119262487,HighVol,5
2024-11-14,0.0025236603385678,0.0005391696912728,HighVol,5
2024-11-15,-0.0010963776705812,0.0166624024085719,HighVol,5
2024-11-18,0.0023174330777543,0.0159483793949679,HighVol,5
2024-11-19,0.0019250585193049,0.0175335704318508,HighVol,5
2024-11-20,0.0026339903161979,0.0141066411054933,HighVol,5
2024-11-21,0.0014152697535296,0.0149578832793648,HighVol,5
2024-11-22,0.0013700635338832,0.0136353628260639,HighVol,5
2024-11-25,0.0012983191513912,0.0106772064445814,HighVol,5
2024-11-26,0.001057021012425,0.0116704901838171,HighVol,5
2024-11-27,0.0017290604529308,0.013075460585866,HighVol,5
2024-11-29,0.0017290604529308,0.0087295584949163,LowVol,5
2024-12-02,0.0017290604529308,0.0017392793883268,LowVol,5
2024-12-03,0.0017290604529308,-0.0018380058770804,LowVol,5
2024-12-04,0.0012352422345504,-0.0003289429174868,LowVol,5
2024-12-05,0.0017290604529308,-0.003840570677692,LowVol,5
2024-12-06,0.0014996299634703,-0.0059228926384885,LowVol,5
2024-12-09,0.0018560326766767,0.0034897220233527,LowVol,5
2024-12-10,0.0018915812715484,0.0024717203979964,LowVol,5
2024-12-11,0.0023446007521871,-0.0348665025409947,LowVol,5
2024-12-12,0.0023145603357361,-0.0301657394898574,LowVol,5
2024-12-13,0.0019358168622786,-0.0183221709123591,LowVol,5
2024-12-16,0.0015868503202055,-0.0166425653801504,LowVol,5
2024-12-17,0.0005692785714703,-0.0015989461303999,LowVol,5
2024-12-18,0.0083664243897672,0.0291394570164109,LowVol,5
2024-12-19,0.0077824591730594,0.0186190054928261,LowVol,5
2024-12-20,0.0079051076504964,-0.0049564294804901,HighVol,5
2024-12-23,0.0055498123421295,-0.0144781464982733,HighVol,5
2024-12-24,0.0061161209836392,-0.027706626079742,HighVol,5
2024-12-26,0.0025401733679744,-0.0156152006246204,HighVol,5
2024-12-27,0.0001410731919344,0.0005882379331667,HighVol,5
2024-12-30,0.0031107099493636,0.0006970842354268,HighVol,5
2024-12-31,0.0042966660655559,0.0058183117775769,HighVol,5
2025-01-02,0.0048363711372178,-0.0070984755532643,HighVol,5
2025-01-03,0.0027992147919274,-0.0178392506302393,HighVol,5
2025-01-06,0.0012791915457004,-0.0221211351802543,HighVol,5
2025-01-07,0.0010980746945848,0.0070502532908618,HighVol,5
2025-01-08,0.0013388778434135,0.0036472528444633,HighVol,5
2025-01-10,-0.0004402938133784,0.0294406868388505,HighVol,5
2025-01-13,0.0021641004441481,0.0372555141586414,HighVol,5
2025-01-14,0.0030881616699005,0.0416532265932925,HighVol,5
2025-01-15,0.0018524615155493,0.0286278584710946,HighVol,5
2025-01-16,0.0018863899622934,0.0276010981007575,HighVol,5
2025-01-17,0.0007986378606483,0.002995546935343,HighVol,5
2025-01-21,0.0018579764674085,0.0024375987485365,HighVol,5
2025-01-22,0.0016140528965783,-0.0076348122954238,HighVol,5
2025-01-23,0.0021267711844799,-0.0077245015344645,HighVol,5
2025-01-24,0.0018579764674085,-0.0101154674937067,HighVol,5
2025-01-27,0.0007035048377819,-0.0026695557334752,HighVol,5
2025-01-28,0.0014735043799931,-0.004532362568056,HighVol,5
2025-01-29,0.0029624578527848,0.0040046036282095,HighVol,5
2025-01-30,0.0025583107210581,0.002115610484292,HighVol,5
2025-01-31,0.0015397810783491,-0.0017447446967301,HighVol,5
2025-02-03,0.0012480279403251,0.0118440970499997,HighVol,5
2025-02-04,0.0029546456534572,0.0058656154176586,HighVol,5
2025-02-05,0.0017356129466903,-0.0014233147441763,HighVol,5
2025-02-06,0.0019693400973701,0.0056240863125083,LowVol,5
2025-02-07,0.0021376429445266,0.014864207017196,HighVol,5
2025-02-10,0.001718313597671,0.0109778618900442,LowVol,5
2025-02-11,0.0017290604529308,0.0125886226419216,LowVol,5
2025-02-12,0.001926268167715,0.0116348688417533,LowVol,5
2025-02-13,0.0011660367026919,-0.0160561273127556,LowVol,5
2025-02-14,0.0017290604529308,-0.0204854056846692,LowVol,5
2025-02-18,0.0017290604529308,-0.0282098890956679,LowVol,5
2025-02-19,0.0017290604529308,-0.0300032937596017,LowVol,5
2025-02-20,0.0012143852488633,-0.041498794616554,LowVol,5
2025-02-21,0.0018014080642394,-0.009601123678636,LowVol,5
2025-02-24,0.0032637640839346,-0.022504687112136,LowVol,5
2025-02-25,0.0030755173742464,-0.0292472341384429,LowVol,5
2025-02-26,0.003650944566011,-0.0193089956162622,LowVol,5
2025-02-27,0.0039527253538093,-0.0210922633723109,LowVol,5
2025-02-28,0.0040941093719536,-0.03073150375899,LowVol,5
2025-03-03,0.0019846076248635,-0.0397245664141472,HighVol,5
2025-03-04,0.0053513531627669,-0.0362999308882272,HighVol,5
2025-03-05,0.0022502597571756,-0.04148810724798,HighVol,5
2025-03-06,0.0008237720503748,-0.0371741191628322,HighVol,5
2025-03-07,0.0055955325129173,-0.0227634837838015,HighVol,5
2025-03-10,0.0068782794016107,0.011719997151701,HighVol,5
2025-03-11,0.0095763521468135,0.0091738724147081,HighVol,5
2025-03-12,0.0109921828728549,0.0147798266374568,HighVol,5
2025-03-13,0.0170240033617741,0.0255160796086733,HighVol,5
2025-03-14,0.0050926672883138,0.0050933870350931,HighVol,5
2025-03-17,-0.0016825918290786,0.015263936902172,HighVol,5
2025-03-18,0.0042872779133979,0.0288244855422223,HighVol,5
2025-03-19,-0.0042257168342885,0.0055904136190185,HighVol,5
2025-03-20,-0.0006449033477388,0.0058282741666715,HighVol,5
2025-03-21,-0.0023300892198783,-0.0147524448123578,HighVol,5
2025-03-24,0.0014827213196875,-0.0255886916011786,HighVol,5
2025-03-25,0.0007616918132209,-0.0251798139440735,HighVol,5
2025-03-26,0.0002889607056545,-0.007158088292523,HighVol,5
2025-03-27,-0.0016066695577337,-0.0535725687457276,HighVol,5
2025-03-28,0.003816056070352,-0.090666918106617,HighVol,5
2025-03-31,-0.0019232455077308,-0.0983393356568108,HighVol,5
2025-04-01,-0.0009068818834506,-0.114961608850172,HighVol,5
2025-04-02,0.0001596481694116,-0.0281655951748827,HighVol,5
2025-04-03,0.0271926637874844,-0.0225824427127023,HighVol,5
2025-04-04,0.0091010332988835,0.0567210097982513,HighVol,5
2025-04-07,-0.0037722059344469,0.0688766097005204,HighVol,5
2025-04-08,0.0147352855943386,0.0828430243227178,HighVol,5
2025-04-09,-0.0758266804681004,-0.0418504039032112,HighVol,5
2025-04-10,-0.0936361331898954,0.0034884180532654,HighVol,5
2025-04-11,-0.0701699678031038,-0.0375698079717843,HighVol,5
2025-04-14,-0.0794384114655621,-0.0220171491707835,HighVol,5
2025-04-15,-0.0788197710659533,-0.0040734538760384,HighVol,5
2025-04-16,-0.0111639952216969,0.0400068339243351,HighVol,5
2025-04-17,-0.0104665283739546,0.0460288198493106,HighVol,5
2025-04-21,-0.0182051612991506,0.0719428468018592,HighVol,5
2025-04-22,-0.0117039343317674,0.0513416853962394,HighVol,5
2025-04-23,-0.0096328925156868,0.0357103016861348,HighVol,5
2025-04-24,-0.0164728178045486,0.0215478870048668,HighVol,5
2025-04-25,-0.014705378857793,0.0292749365538291,HighVol,5
2025-04-28,-0.0138516151065949,0.0229827043194819,HighVol,5
2025-04-29,-0.0139050661956279,0.0080819796931075,HighVol,5
2025-04-30,-0.0147012789875266,0.0119198230174821,HighVol,5
2025-05-01,-0.0138449937586729,0.0118000338024111,HighVol,5
2025-05-02,-0.0006529550286854,-0.0042698654564837,HighVol,5
2025-05-05,0.0250246957777587,0.0345691240792693,HighVol,5
2025-05-06,0.0162962648864821,0.0501790137650752,HighVol,5
2025-05-07,0.0177217198553015,0.0471174373298994,HighVol,5
2025-05-08,0.0006358881674559,0.0449508883129048,HighVol,5
2025-05-09,0.0042002381768358,0.0529112958912305,HighVol,5
2025-05-12,-0.0156156578112087,0.0203433693375023,HighVol,5
2025-05-13,-0.0058094042658115,0.0102412199055201,HighVol,5
2025-05-14,-0.0067575560067798,-0.008049817627985,HighVol,5
2025-05-15,-0.0029647629484707,-0.0124816087756276,HighVol,5
2025-05-16,-0.0017588703823723,-0.0253954511014341,HighVol,5
2025-05-19,-0.0025062564469658,-0.0062200825008935,HighVol,5
2025-05-20,0.0043039923374516,-0.0086363290418083,HighVol,5
2025-05-21,0.0024061650878109,0.0123357692602572,HighVol,5
2025-05-22,0.0034720156269627,0.0108045991408587,HighVol,5
2025-05-23,0.0052823854068217,0.0234845344914305,HighVol,5
2025-05-27,0.0050146137791809,0.0083565899995026,HighVol,5
2025-05-28,0.0048633727110163,0.0139521100347017,HighVol,5
2025-05-29,0.0016113892157445,0.0050842036815765,HighVol,5
2025-05-30,0.0003403258335411,0.0165423465105243,HighVol,5
2025-06-02,0.0010941058070053,0.0117594281090336,HighVol,5
2025-06-03,0.0009624622446987,0.0117266003512259,HighVol,5
2025-06-04,0.0011338175161092,0.0091118285828355,HighVol,5
2025-06-05,0.0006325381582099,0.0180423727593015,HighVol,5
2025-06-06,0.0009100632486926,-0.0035718576541998,HighVol,5
2025-06-09,0.0018368867012264,0.0050026618248084,HighVol,5
2025-06-10,0.0008219644366223,-0.0092027977654658,LowVol,5
2025-06-11,0.0007326761825807,-0.0065186391292287,LowVol,5
2025-06-12,0.0008217108122424,-0.0127754098348891,LowVol,5
2025-06-13,0.0019094586418227,0.0082483709311897,LowVol,5
2025-06-16,0.0006314024280446,0.0097792902189022,LowVol,5
2025-06-17,0.0025558980975748,0.0190530329789211,HighVol,5
2025-06-18,0.002034155451702,0.0271808259907901,HighVol,5
2025-06-20,0.0014967982643709,0.0347142984720632,LowVol,5
2025-06-23,0.001184574696946,0.0294925471725178,LowVol,5
2025-06-24,0.0011997271651077,0.0179143000340908,LowVol,5
2025-06-25,0.0010210088792553,0.0219560876214646,LowVol,5
2025-06-26,-0.0019329152649595,0.0220144857038571,LowVol,5
2025-06-27,-0.0037683056565704,0.0093835198094633,LowVol,5
2025-06-30,-0.003876131904866,0.0040301964089002,LowVol,5
2025-07-01,-0.0039207420538603,0.0103779929399274,LowVol,5
2025-07-02,-0.0036969877864437,0.0086551182205063,LowVol,5
2025-07-03,-0.0028921280152051,-0.0027505378065231,LowVol,5
2025-07-07,0.0009106724560061,0.0066538553545325,LowVol,5
2025-07-08,0.0010259912678136,0.0029015339720812,LowVol,5
2025-07-09,0.0015387095557152,0.0002563151980772,LowVol,5
2025-07-10,0.0020123482513719,0.0035471602109047,LowVol,5
2025-07-11,0.0020149261169117,0.0063500583201943,LowVol,5
2025-07-14,0.0017290604529308,0.0063380637117085,LowVol,5
2025-07-15,0.0015868503202055,0.0108015366064913,LowVol,5
2025-07-16,0.0016255666952165,0.0160041268826602,LowVol,5
2025-07-17,0.0012427780541359,0.0101586492420882,LowVol,5
2025-07-18,0.001324530488592,0.0151693446018319,LowVol,5
2025-07-21,0.0014568129372913,0.0129936856601986,LowVol,5
2025-07-22,0.0013700635338832,0.0101770982709001,LowVol,5
2025-07-23,0.0008911699684808,0.0003940829179651,LowVol,5
2025-07-24,0.0008911699684808,-0.0036882709249334,LowVol,5
2025-07-25,0.0010259912678136,-0.0241407884942204,LowVol,5
2025-07-28,0.0013700635338832,-0.0090590657364316,LowVol,5
2025-07-29,0.0011660367026919,-0.011475767674865,LowVol,5
2025-07-30,0.0015919904858746,-0.0026477775913511,LowVol,5
2025-07-31,0.0013034076876409,0.0002687817732176,LowVol,5
2025-08-01,0.001585162856439,0.0248666228801079,LowVol,5
2025-08-04,0.0026994892453918,0.0075257910772659,LowVol,5
2025-08-05,0.0024326302374461,0.0234408588836356,LowVol,5
2025-08-06,0.0024976059540047,0.0191377816709483,LowVol,5
2025-08-07,0.0017040347114507,0.0200870392492609,LowVol,5
2025-08-08,0.0014989795483608,0.0098246505063219,LowVol,5
2025-08-11,0.0014778897821788,0.011605151574024,LowVol,5
2025-08-12,0.0013650811453249,-0.004481374368797,LowVol,5
2025-08-13,0.0013650811453249,-0.0105135946689066,LowVol,5
2025-08-14,0.0013650811453249,-0.0145747895428789,LowVol,5
2025-08-15,0.0010767484486503,0.0029062228578617,LowVol,5
2025-08-18,0.0017290604529308,-0.0012902517784849,LowVol,5
2025-08-19,0.0018660310957623,0.0083619733774906,LowVol,5
2025-08-20,0.002478312031178,0.0133520357060066,LowVol,5
2025-08-21,0.0028415570714588,0.0210368493693111,LowVol,5
2025-08-22,0.0011079280902579,-0.0004028921016125,LowVol,5
2025-08-25,0.0026271436427489,-0.0034242088462906,LowVol,5
2025-08-26,0.0016277866983947,-0.0022009738807244,LowVol,5
2025-08-27,0.0017290604529308,0.0038506305040024,LowVol,5
2025-08-28,0.0011449433239023,-0.0025888718736184,LowVol,5
2025-08-29,0.0020894397108434,0.0058599320117012,LowVol,5
2025-09-02,0.0017289145339188,0.0157121442112617,LowVol,5
2025-09-03,0.0018106858009296,0.0131575150652549,LowVol,5
2025-09-04,0.0012258146495415,0.0131101648959675,LowVol,5
2025-09-05,0.0014112339359366,0.0157128489932656,LowVol,5
2025-09-08,0.0010767484486503,0.018618151742074,LowVol,5
2025-09-09,0.0010767484486503,0.0148693709765577,LowVol,5
2025-09-10,0.0009754746941142,0.0106866451471585,LowVol,5
2025-09-11,0.0010767484486503,0.0070403760772852,LowVol,5
2025-09-12,0.0010767484486503,0.0123668833293109,LowVol,5
2025-09-15,0.0011662049062358,0.0117697227826445,LowVol,5
2025-09-16,0.0013700635338832,0.0076496944301776,LowVol,5
2025-09-17,0.0007542006761396,0.0056931284673369,LowVol,5
2025-09-18,0.0009126944620397,-0.0036021793292102,LowVol,5
2025-09-19,0.0010453987386628,-0.0028326211059341,LowVol,5
2025-09-22,0.0017039333406011,-0.0047386734243082,LowVol,5
2025-09-23,0.0010962509361756,0.0044780662073444,LowVol,5
2025-09-24,0.0011660367026919,0.0111180296581947,LowVol,5
2025-09-25,0.0018660310957623,0.0169742507693422,LowVol,5
2025-09-26,0.0020472595565683,0.0111661884952076,LowVol,5
2025-09-29,0.001846528608237,0.0119484781052903,LowVol,5
2025-09-30,0.0012352422345504,0.0044132064924842,LowVol,5
2025-10-01,0.001324530488592,0.0069712506914079,LowVol,5
2025-10-02,0.0017290604529308,0.0028990089205791,LowVol,5
2025-10-03,0.001324530488592,-0.0241927600490884,LowVol,5
2025-10-06,0.0017290604529308,-0.0127603682974896,LowVol,5
2025-10-07,0.0010767484486503,-0.0102970886383999,LowVol,5
2025-10-08,0.0013700635338832,-0.0117959881023443,LowVol,5
2025-10-09,0.0015025169300269,-0.0156742235027894,LowVol,5
2025-10-10,0.0046314291417043,0.017411468502946,LowVol,5
2025-10-13,0.0052956078400998,0.0124577848903832,LowVol,5
2025-10-14,0.0060344213617406,0.0136810155058757,LowVol,5
2025-10-15,0.0056696874864591,0.0039538896676414,LowVol,5
2025-10-16,0.004093382193005,0.0168320619611255,HighVol,5
2025-10-17,0.0001788547798707,0.0193561032252638,HighVol,5
2025-10-20,0.0031766165349626,0.0207656511070657,HighVol,5
2025-10-21,0.0018378097087164,0.0234921149467415,HighVol,5
2025-10-22,0.0008030424176246,0.0293351978047304,HighVol,5
2025-10-23,0.0029732979009348,0.0120131762736561,HighVol,5
2025-10-24,0.0011413268779083,0.007102206382799,HighVol,5
2025-10-27,0.00172594600308,-0.0027726781144603,HighVol,5
2025-10-28,0.001902677461554,-0.0172036821667931,HighVol,5
2025-10-29,0.0017235333431318,-0.0142713398860251,HighVol,5
2025-10-30,0.00033992606892,-0.014003495849889,HighVol,5
2025-10-31,0.001184574696946,-0.0162596050960345,HighVol,5
2025-11-03,0.0024988406125175,-0.0027804772921533,HighVol,5
2025-11-04,0.0030401116134184,0.011492104293485,HighVol,5
2025-11-05,0.0026754265335152,0.0085597488086786,HighVol,5
2025-11-06,0.0031132281208814,0.0025808568562277,HighVol,5
2025-11-07,0.0019983080162635,0.0014309111852752,LowVol,5
2025-11-10,0.002043499423594,-0.0231422901252824,LowVol,5
2025-11-11,0.0016966007788272,-0.0335577726472728,LowVol,5
2025-11-12,0.0015670343492401,-0.0303637318859438,LowVol,5
2025-11-13,-0.0016408258977262,-0.0290308903750196,HighVol,5
2025-11-14,-6.744128003096037e-05,-0.019198523159527,HighVol,5
2025-11-17,0.0036676369774156,0.0045969568781518,HighVol,5
2025-11-18,0.0015882305968657,0.0226335572402023,HighVol,5
2025-11-19,0.0026318631412678,0.0257308129670845,HighVol,5
2025-11-20,0.0087359952193044,0.0472927716390683,HighVol,5
2025-11-21,0.0021905856389867,0.0322292098125416,HighVol,5
2025-11-24,0.0006907713280442,0.0191408505725654,HighVol,5
2025-11-25,0.0004058881718714,0.0131404466893063,HighVol,5
2025-11-26,0.0007303422214824,0.0069297713152829,HighVol,5
2025-11-28,0.0017103908138192,0.0033655237201748,HighVol,5
2025-12-01,0.0019971280658813,0.0049392240592807,HighVol,5
2025-12-02,0.0015872392660431,0.0022154623105929,HighVol,5
2025-12-03,0.0017356129466903,0.0053810088667234,HighVol,5
2025-12-04,0.0017356129466903,0.0069842299790008,HighVol,5
2025-12-05,0.0008352563783163,-0.0057314490334529,HighVol,5
2025-12-08,0.0017290604529308,-0.0042421336120853,HighVol,5
2025-12-09,0.0017246750507451,-0.0061049792624957,LowVol,5
2025-12-10,0.0009210701636305,-0.023517657150754,LowVol,5
2025-12-11,0.0009754746941142,-0.018428047408145,LowVol,5
2025-12-12,0.000458759059615,0.0012337773355066,LowVol,5
2025-12-15,0.0017452548537009,0.0089956666570536,LowVol,5
2025-12-16,0.0012719328696226,0.0163843254242008,LowVol,5
2025-12-17,0.0017561298111197,0.0313077260316865,LowVol,5
2025-12-18,0.0032378009436541,0.0234746157598459,LowVol,5
2025-12-19,0.0017570754216337,0.0106671191313398,LowVol,5
2025-12-22,0.0014778897821788,0.003183243851639,LowVol,5
2025-12-23,0.0014778897821788,-0.0087795587441367,LowVol,5
2025-12-24,0.0018472296121486,-0.0104435957396563,LowVol,5
2025-12-26,0.0017133312091127,-0.0037519159570825,LowVol,5
2025-12-29,0.0012687897793471,0.0057570989174107,LowVol,5
2025-12-30,0.0017602400945384,0.0037409111979043,LowVol,5
2025-12-31,0.0023851821192307,0.0111303199518209,LowVol,5
2026-01-02,0.0024971515178684,0.015955073375985,LowVol,5
2026-01-05,0.0019459858020321,0.0108183035002902,LowVol,5
2026-01-06,0.0012687897793471,0.0028331579258265,LowVol,5
2026-01-07,0.0011648276040777,0.0011310374160631,LowVol,5
2026-01-08,0.0012687897793471,0.0039593443713006,LowVol,5
2026-01-09,0.0009754746941142,-0.0034722977351427,LowVol,5
2026-01-12,0.0012687897793471,-0.0252891309908631,LowVol,5
2026-01-13,0.001209201844794,-0.012064502622839,LowVol,5
2026-01-14,0.0014347722410549,-0.0019988328217077,LowVol,5
2026-01-15,0.0011179884012459,-0.0043482785316334,LowVol,5
2026-01-16,0.001702859552634,0.0015470731538762,LowVol,5
2026-01-20,0.0012450725129027,0.026432278955691,LowVol,5
2026-01-21,0.0028790753192055,0.0146191233986903,LowVol,5
2026-01-22,0.0019041683033294,0.0073441184933762,LowVol,5
2026-01-23,0.0024620409102113,0.0039755534090353,LowVol,5
2026-01-26,0.0019014642717964,0.0038686617845731,LowVol,5
2026-01-27,0.0017567027128724,-0.0085694583839743,LowVol,5
2026-01-28,0.0013766160276427,-0.0132724743947848,LowVol,5
2026-01-29,0.0010833009424098,-0.0236585651135028,LowVol,5
2026-01-30,5.365225557827786e-05,-0.0019509978713001,LowVol,5
2026-02-02,0.0012258146495415,-0.0020994641663448,LowVol,5
2026-02-03,0.0018785838412834,0.0037561601560482,LowVol,5
2026-02-04,0.0023457118121897,0.0084087543828383,LowVol,5
2026-02-05,0.0027076022371126,0.0053865471966247,LowVol,5
2026-02-06,0.0029570289677137,-0.0128435446967936,HighVol,5
2026-02-09,0.0022163228752527,-0.0159953858562665,HighVol,5
2026-02-10,0.0017318978454257,-0.0084234136394867,HighVol,5
2026-02-11,0.0012728362704561,-0.0108099187888279,HighVol,5
2026-02-12,0.0004044442675096,0.011977655615764,HighVol,5
2026-02-13,0.0024786952271518,0.000938820849653,HighVol,5
2026-02-17,0.0024878916920549,0.0065900040373187,HighVol,5
2026-02-18,0.0025616263385707,0.0099958550653318,LowVol,5
2026-02-19,0.0036790852352034,0.0070418040386051,LowVol,5
2026-02-20,0.0008041770699184,-0.0049897155646747,LowVol,5
2026-02-23,0.0010815797901951,0.0058470429883454,LowVol,5
2026-02-24,0.0009412306008379,-0.0102129876501638,LowVol,5
2026-02-25,0.001700047902897,-0.0115703600138696,LowVol,5
2026-02-26,0.0012172209976402,-0.0115914565261183,HighVol,5
2026-02-27,0.0014026282265194,-0.0198399852878129,HighVol,5
2026-03-02,0.0005400892673094,-0.0118156268038404,HighVol,5
2026-03-03,0.0029314745968681,-0.0046302154523001,HighVol,5
2026-03-04,0.0026118211380071,-0.0128442734943531,HighVol,5
2026-03-05,0.0025420353714908,-0.0223833314945861,HighVol,5
2026-03-06,0.0030517215172154,-0.0150063346188127,HighVol,5
2026-03-09,0.0026936620203324,-0.0136228132524687,LowVol,5
2026-03-10,0.0017626749437488,-0.0094362523124893,LowVol,5
2026-03-11,0.0024224358611036,-0.0220307437163271,LowVol,5
2026-03-12,0.0019853989854907,-0.0093985835151229,LowVol,5
2026-03-13,0.0037983725860735,-0.0180415262786768,LowVol,5
2026-03-16,0.0026497127893072,-0.0177274263067706,LowVol,5
2026-03-17,0.002362956233745,-0.023593215080031,LowVol,5
2026-03-18,0.0032519490613751,-0.0042577713813233,HighVol,5
2026-03-19,0.0005188889742688,-0.0196244440398035,HighVol,5
2026-03-20,0.0096980895285954,-0.0223260677132818,HighVol,5
2026-03-23,-0.0002537838617005,-0.0357197478206195,HighVol,5
2026-03-24,-0.0002942327969344,-0.0043479596882277,HighVol,5
2026-03-25,7.384352366431095e-05,-0.0024055110238924,HighVol,5
2026-03-26,0.0038692393280721,0.0166488395556212,HighVol,5
2026-03-27,0.0127760141407177,0.0391742708016176,HighVol,5
2026-03-30,0.0091402704570796,0.0431190626273894,HighVol,5
2026-03-31,-0.0017293940236262,0.0394717020686612,HighVol,5
2026-04-01,0.0006209029387572,0.0376502657018682,HighVol,5
2026-04-02,0.000879605465606,0.0360306705625972,HighVol,5
2026-04-06,0.0040602489039615,0.041233476297918,HighVol,5
2026-04-07,0.0013261982784015,0.0534572565656843,HighVol,5
2026-04-08,-0.001320562324012,0.0353988236750957,HighVol,5
2026-04-09,0.0030234706698763,0.0319895923146569,HighVol,5
2026-04-10,0.0027127184703087,0.045153551524915,HighVol,5
2026-04-13,0.0036741902976295,0.0329688873088607,HighVol,5
2026-04-14,0.0015536717374377,0.0138524826774575,HighVol,5
2026-04-15,0.0024740009405572,0.0161014496060576,HighVol,5
2026-04-16,0.0051608551128049,0.009677095549218,HighVol,5
2026-04-17,-0.0026524221715876,0.0053510385188775,HighVol,5
2026-04-20,0.0040572157899252,0.0091009797242749,HighVol,5
2026-04-21,0.0059697516192661,0.0108083561583711,HighVol,5
2026-04-22,9.398444823649869e-05,0.0005201968625916,HighVol,5
2026-04-23,0.0011073937360922,0.0144116750028655,HighVol,5
2026-04-24,0.0012072697971935,0.0093985361960295,HighVol,5
2026-04-27,0.0062132791589685,0.003971084352194,HighVol,5
2026-04-28,0.0066053219318545,0.0169737564578793,HighVol,5
2026-04-29,0.0035100563000606,0.0312684217636753,LowVol,5
2026-04-30,0.0026990926122082,0.0179779601437943,LowVol,5
2026-05-01,0.0048644657539655,0.023548182484361,LowVol,5
2026-05-04,0.0021197880286065,0.0296513948306098,LowVol,5
2026-05-05,0.0050907583963899,0.0199095738785064,LowVol,5
2026-05-06,-0.0014591767239135,0.0115557843714102,LowVol,5
2026-05-07,0.001222310104131,0.0226769360507759,LowVol,5
2026-05-08,-0.0012906551037885,0.0021013576114108,LowVol,5
2026-05-11,-0.002946233184458,-0.0008791906612106,LowVol,5
2026-05-12,-0.0019967995567798,-0.0060283026242567,LowVol,5
2026-05-13,-0.0035841791495898,-0.0014279408000573,LowVol,5
2026-05-14,-0.0041338738229798,-0.007284493648601,LowVol,5
2026-05-15,0.0015148080905533,0.0087530533281254,LowVol,5
2026-05-18,0.0018336912055441,0.0161646843859104,LowVol,5
2026-05-19,0.0020074335533999,0.0228013045615451,LowVol,5
2026-05-20,0.002012124026647,0.0180100884695528,LowVol,5
2026-05-21,0.0023905761183209,0.0185265362466844,LowVol,5
2026-05-22,-0.0017487887579789,0.0173005325980573,LowVol,5
2026-05-26,-0.0036541932608054,0.0119639000830502,LowVol,5
2026-05-27,-0.0017537711465372,0.0050368796590851,LowVol,5
2026-05-28,-0.0037670018976593,0.0032998159119213,LowVol,5
2026-05-29,-0.0041878706674131,-0.0250237819438422,LowVol,5
2026-06-01,-0.0039857737765177,-0.0254700231946087,LowVol,5
2026-06-02,-0.0030589503239838,-0.0296483868246829,LowVol,5
2026-06-03,0.0009106724560061,-0.0381973815066616,LowVol,5
2026-06-04,-0.0019096504470681,-0.0255319771466703,LowVol,5
2026-06-05,0.0031942895371863,0.0056945310068026,HighVol,5
2026-06-08,0.0035516482819555,0.0211169330986142,LowVol,5
2026-06-09,0.0028864877093307,0.0180178213049169,LowVol,5
2026-06-10,0.0034110643847341,0.0214080181501259,HighVol,5
2026-06-11,0.004325585717621,0.0147795361799543,HighVol,5
2026-06-12,0.0005687094323536,0.0061445663461701,HighVol,5
2026-06-15,0.0027698123748955,-0.0256483071911342,HighVol,5
2026-06-16,0.0029372565462587,-0.0202591491734749,HighVol,5
2026-06-17,0.000417875119904,-0.0064352935172034,HighVol,5
2026-06-18,0.0007304843547816,-0.0237699871871451,HighVol,5
2026-06-22,0.0007542444826359,-0.0045540839905523,HighVol,5
2026-06-23,0.0039780974575473,0.0179803186211802,HighVol,5
2026-06-24,0.0036009791141444,0.0170749273061989,HighVol,5
2026-06-25,0.0014391684121423,0.0142721526326117,HighVol,5
2026-06-26,0.0030535817738555,0.0305766051126896,HighVol,5
2026-06-29,0.0006838740115039,0.0090553602869853,HighVol,5
2026-06-30,-0.0004736452979248,-0.0018345609509704,HighVol,5
2026-07-01,-1.8397420233580809e-06,0.0079784543675132,HighVol,5
2026-07-02,0.0008524879979844,0.0136550155886394,HighVol,5
2026-07-06,0.0007729756126928,-0.0028086017256355,HighVol,5
2026-07-07,0.0021128770980287,0.0055101509891735,HighVol,5
2026-07-08,0.002505393106277,0.0126240580041947,HighVol,5
2026-07-09,0.0018368867012264,-0.0013170654116505,HighVol,5
2026-07-10,0.0018368867012264,-0.0154447764635441,HighVol,5
2026-07-13,0.0026532267681549,-0.0094504000643289,HighVol,5
2026-07-14,0.0017290604529308,-0.0047217957680246,HighVol,5
2026-07-15,0.0009886598095305,-0.0098038240590315,LowVol,5
2026-07-16,0.0021247554316123,-0.016703935577468,LowVol,5
2026-07-17,0.0020440375950917,-0.0058657932710645,LowVol,5
2026-07-20,0.0025971413380874,-0.0040426361916117,LowVol,5
2026-07-21,0.002218332758585,-0.0099161325370192,LowVol,5
2026-07-22,0.0036342811131224,-0.0240162050505632,LowVol,5
2026-07-23,0.003663376420221,0.0047549510965501,LowVol,5
2026-07-24,0.002324203780098,0.0109618457788704,LowVol,5
2026-07-27,0.0022633464954477,0.0251389619390993,LowVol,5
2026-07-28,0.0025709681899832,0.0411279220645479,LowVol,5
2026-07-29,0.0015234745161382,0.0552874110161984,LowVol,5
2026-07-30,0.0003136794139746,0.0362280670209118,LowVol,5
2026-07-31,0.000604967858708,0.0351123508293746,LowVol,5
2026-08-03,0.0016786139625817,0.0202727397589672,HighVol,5
2026-08-04,-0.0004709135373475,-0.0009983010050033,HighVol,5
2026-08-05,0.0011470073775711,0.0035074660415173,HighVol,5
2026-08-06,0.0018193812386556,0.0121265839411688,HighVol,5
2026-08-07,0.0021267711844799,0.0039831583826213,HighVol,5
2026-08-10,0.0020073658628136,-0.0004657598968648,HighVol,5
2026-08-11,0.0027127702324251,-0.0040360067501765,HighVol,5
2026-08-12,0.001772319587017,-0.0044401775028056,HighVol,5
2026-08-13,0.0024513955752495,-0.0196431701560151,HighVol,5
