Date,Open,High,Low,Close,Volume
2005-01-03,82.02481815114238,82.159774875719,80.90470565155616,81.17461395263672,55748000
2005-01-04,81.2825481482702,81.33653082080941,79.91951912911628,80.18267822265625,69167600
2005-01-05,80.12198009735752,80.4661133443157,79.6226530367233,79.62940216064453,65667300
2005-01-06,79.9195694792682,80.39865441672252,79.79811096357034,80.0342788696289,47814700
2005-01-07,80.27717436046349,80.45261553563458,79.71036638993876,79.91954803466797,55847700
2005-01-10,79.85202167653713,80.60776349135425,79.85202167653713,80.29737091064453,56563300
2005-01-11,80.05450287732182,80.12197867111345,79.61590249556663,79.74411010742188,63099700
2005-01-12,79.89253097275186,80.18942538739266,79.29873184732783,80.00724029541016,72720500
2005-01-13,80.0544950923445,80.1152269045022,79.2852597921642,79.3662338256836,55537500
2005-01-14,79.60239129938853,79.98025977717624,79.46069062021813,79.78457641601562,42032500
2005-01-18,79.65638577798508,80.71577161558989,79.58890484146785,80.61455535888672,57391700
2005-01-19,80.58755645060354,80.64828311008253,79.76433852385154,79.77108764648438,54378900
2005-01-20,79.54841459150467,79.75759106483608,79.14355474231675,79.2852554321289,72049300
2005-01-21,79.48092509551631,79.62262576088152,78.71168997035012,78.79940795898438,63160400
2005-01-24,79.00858099751099,79.17727299398504,78.52275237204553,78.64421081542969,58441900
2005-01-25,78.88716021409815,79.26502879454885,78.75895259655665,78.86691284179688,68245000
2005-01-26,79.16377687727179,79.35271108241861,78.97484267212498,79.1030502319336,57195100
2005-01-27,79.07606371295871,79.45393214627154,78.9343630504664,79.23800659179688,55878800
2005-01-28,79.2784910244886,79.31898060525161,78.68469703670111,79.23800659179688,60738900
2005-01-31,79.58890785490271,79.79134037597366,79.42696492688968,79.7306137084961,52532700
2005-02-01,79.7913144757924,80.35137314063104,79.69009824811162,80.23666381835938,49841200
2005-02-02,80.3378906822638,80.69551696200509,80.22993046011182,80.4795913696289,52468900
2005-02-03,80.33787677164705,80.40535769038885,80.00724189171171,80.27040100097656,48837100
2005-02-04,80.2973905923089,81.2623090213158,80.28389749769683,81.12735748291016,50024600
2005-02-07,81.14088293069909,81.32306809499624,80.94519951833651,81.01942443847656,45412000
2005-02-08,81.08690025349861,81.41079128219197,81.01942445737552,81.1138916015625,39263500
2005-02-09,81.25559260646469,81.30282617872595,80.46611497806653,80.50659942626953,55279400
2005-02-10,80.74275250658049,80.98566428391587,80.47284423967541,80.7967300415039,45858600
2005-02-11,80.76975086196613,81.67394292003668,80.60780793666723,81.49175262451172,53133000
2005-02-14,81.43775650712324,81.55246583854402,81.29605583629672,81.4310073852539,32432100
2005-02-15,81.51197251212523,81.93707447823459,81.43099850274062,81.7346420288086,43852700
2005-02-16,81.59973146945228,81.95735784802355,81.42429026839092,81.78866577148438,55523000
2005-02-17,81.80212547108081,81.86960124028364,81.1206083615685,81.12735748291016,58124000
2005-02-18,81.13415053222599,81.29609865395663,80.90473174855238,81.23536682128906,47723300
2005-02-22,80.90469693487458,81.28931454935201,80.01400324092303,80.02749633789062,80697600
2005-02-23,80.25018176316254,80.68203299679416,80.0410052697677,80.60105895996094,68292600
2005-02-24,80.45935657391227,81.1881074459526,80.28392055321835,81.13412475585938,68563600
2005-02-25,81.15435457023106,82.09903091014341,81.09362791421499,81.93708801269531,60899900
2005-02-28,81.74815248097342,81.84936872080408,80.9991595135271,81.39727020263672,69381300
2005-03-01,81.52548949288438,81.99782514917567,81.4984981485145,81.8021469116211,47294400
2005-03-02,81.48499023568829,82.274467609701,81.41076533918401,81.76164245605469,64226500
2005-03-03,82.09229452696303,82.25423743938583,81.44451258112711,81.79539489746094,61230800
2005-03-04,82.3554503842091,82.88176868950964,82.18000923308487,82.81429290771484,56168500
2005-03-07,82.76704123397764,83.16515186310012,82.59160012124468,82.8547592163086,43442400
2005-03-08,82.77379886335238,82.99647356455061,82.39593038718945,82.54438018798828,44362000
2005-03-09,82.30147717616373,82.51740279161322,81.61995986099674,81.626708984375,73263600
2005-03-10,81.78189995188167,81.98433246163324,81.24208850599841,81.80889129638672,65149000
2005-03-11,81.85615251036693,82.13281002393438,81.08017297305676,81.23536682128906,57976500
2005-03-14,81.3837906193661,81.75491517767597,81.16111588438018,81.74141693115234,36336400
2005-03-15,81.93033743363065,81.95732877407072,81.02615069521175,81.06663513183594,62438500
2005-03-16,80.76971075030855,81.08010849608559,80.22989955136764,80.37834930419922,74874200
2005-03-17,80.5065961380468,80.79674668382167,80.28392653395177,80.54033660888672,62584200
2005-03-18,80.68730626085296,80.97182074925053,80.03698521524757,80.30117797851562,60232000
2005-03-21,80.41636144089895,80.46378053619969,79.77281583777555,80.00313568115234,61244300
2005-03-22,80.18604516656887,80.5653979458596,79.19023895263672,79.19023895263672,92472400
2005-03-23,79.22407684305436,79.74569188574584,79.08859523544965,79.25794982910156,70817300
2005-03-24,79.56957216366897,79.92860312267307,79.29860374440216,79.35279846191406,51932500
2005-03-28,79.5424958954159,79.8947564843516,79.46797943115234,79.46797943115234,46765500
2005-03-29,79.35281622310808,79.86765581812003,78.74991406864818,78.93959045410156,71160300
2005-03-30,79.10896285042804,80.07089625999309,79.10218721562968,80.0573501586914,62002100
2005-03-31,80.06410322440583,80.24700396604368,79.84732948661961,79.90829467773438,64575400
2005-04-01,80.3621400963094,80.60601112516923,79.19698483078052,79.54924011230469,95255300
2005-04-04,79.5018069864174,79.84051611462529,79.08180580685483,79.68470764160156,71581200
2005-04-05,79.78635047637688,80.19280054461998,79.71183402756479,80.06409454345703,46853900
2005-04-06,80.24019835160529,80.57890751335675,80.05729767830782,80.34181213378906,53268200
2005-04-07,80.21312197479882,80.78892662959495,80.15215162615614,80.77537536621094,46734600
2005-04-08,80.72794968850803,80.75504704477054,79.93537139892578,79.93537139892578,63772900
2005-04-11,80.13181703185079,80.2198795565351,79.82020521186183,79.99633026123047,44945000
2005-04-12,79.86087664491443,80.65345514969573,79.30539361144031,80.40958404541016,86144800
2005-04-13,80.31474053961067,80.4773247105662,79.34603181958057,79.46119689941406,65949000
2005-04-14,79.52893920208332,79.59668002376401,78.42474365234375,78.42474365234375,96119800
2005-04-15,78.40444007017724,78.71605205666894,77.2934737989305,77.32734680175781,128677300
2005-04-18,77.3070130276206,77.8760421747778,77.19862357008944,77.5644302368164,100035200
2005-04-19,77.97089724637237,78.26218751618335,77.78799645755846,78.18090057373047,64930100
2005-04-20,78.16053475668612,78.32988936020769,76.92086298681046,77.09021759033203,107735900
2005-04-21,77.76086705725874,78.72280004755608,77.48312300282896,78.58731842041016,86952200
2005-04-22,78.40441313564348,78.91925262564521,77.4086071468308,78.28925323486328,88845800
2005-04-25,78.48569729860063,78.91924466699886,78.39085913478179,78.80408477783203,52284100
2005-04-26,78.55345957390134,79.10216698142384,78.00475216637882,78.03861999511719,72626000
2005-04-27,77.8082684736385,78.6279440187997,77.5237540202685,78.34342956542969,84131900
2005-04-28,78.0860360865743,78.36378018033216,77.36119842529297,77.36119842529297,72481500
2005-04-29,77.95054146182446,78.492478293501,77.2053821944887,78.41118621826172,103993800
2005-05-02,78.6279521562209,78.85827709585139,78.2553699751828,78.85150146484375,56026400
2005-05-03,78.6279229496916,79.15630826959043,78.370505918233,78.98695373535156,86000300
2005-05-04,79.02088252740981,79.76604197076026,78.77023577910273,79.59668731689453,81055700
2005-05-05,79.71181442042007,79.9353637118687,79.08181516070502,79.5695571899414,96906700
2005-05-06,79.88797350482741,79.9286169658542,79.29861747847097,79.31893920898438,67415400
2005-05-09,79.40024312348422,79.9895992376066,79.29185882184117,79.81346893310547,43750500
2005-05-10,79.501792966559,79.59663109226955,78.84469654678574,78.98695373535156,74613500
2005-05-11,79.21054178442728,79.52892929177416,78.47892859753986,79.42053985595703,91647400
2005-05-12,79.47472644511618,79.65762713898438,78.54666137695312,78.54666137695312,95086800
2005-05-13,78.78377310847767,79.00054682034589,77.76764536504052,78.390869140625,85267000
2005-05-16,78.37732537805701,79.14958212351942,78.35023318373679,79.12248992919922,49207000
2005-05-17,78.85830039779667,79.7321658291927,78.68894575060783,79.65087890625,61071800
2005-05-18,79.99636203343383,80.66701018570944,79.94217247195505,80.4705581665039,77944900
2005-05-19,80.62635160897635,80.89054959195586,80.40957788491856,80.80925750732422,61768100
2005-05-20,80.84312716569936,80.8770001604704,80.43667706991369,80.69409942626953,46345500
2005-05-23,80.75506122516289,81.3173198376835,80.74151512879911,81.14118957519531,51047900
2005-05-24,80.91086411381055,81.17505690496353,80.74827995902965,80.95150756835938,50654100
2005-05-25,80.84990008003741,81.2021606079567,80.49764472041133,80.89054870605469,47608800
2005-05-26,81.14798164032126,81.43249623621459,81.03282170888266,81.32411193847656,43256200
2005-05-27,81.33088352594703,81.4595947265625,81.15475839365607,81.4595947265625,24596100
2005-05-31,81.34443079853384,81.40539599480327,80.88378592075328,80.93798065185547,43377200
2005-06-01,80.96505673504404,81.91344366740354,80.91763764684073,81.6289291381836,69611000
2005-06-02,81.44603795012338,81.85925852809213,81.35797022722885,81.80506896972656,39704500
2005-06-03,81.6627912119999,81.89311099010962,81.10730832376154,81.3918228149414,60999400
2005-06-06,81.25636666886777,81.42572133484565,80.98540333793856,81.31733703613281,36046400
2005-06-07,81.55438795492651,82.1369681008993,81.29697086393747,81.37825775146484,66501300
2005-06-08,81.58150336347232,81.68988762692821,81.06666389925232,81.229248046875,46881200
2005-06-09,81.11412385845998,81.6831583253011,80.91090132396293,81.61541748046875,56653300
2005-06-10,81.66955308273766,81.73052342060018,81.01923209919075,81.4256820678711,36465300
2005-06-13,81.24960367381526,82.02186060821523,81.16153593170114,81.68315124511719,49383200
2005-06-14,81.5950662639283,82.1031302012337,81.54764716984488,81.87281036376953,33857100
2005-06-15,82.07604212364298,82.13023168510433,81.44604260304641,82.02861785888672,53195600
2005-06-16,82.00829193781293,82.40119595602569,81.91345374973311,82.23861694335938,46564500
2005-06-17,82.66577029947643,82.91062571776524,82.44812161534794,82.54334259033203,51529400
2005-06-20,82.35288510935946,82.86979739345848,82.25766415233316,82.5705337524414,41019400
2005-06-21,82.63855255432402,82.74057649654273,82.31887995697693,82.61814880371094,39879800
2005-06-22,82.76095916039418,82.93780026923883,82.34606570646169,82.68614196777344,46310100
2005-06-23,82.51610094397218,82.70654281336526,81.50267517375802,81.52307891845703,62185600
2005-06-24,81.53668606293827,81.6251092157527,80.82932678618367,80.92455291748047,58572500
2005-06-27,80.9177639622516,81.21703279751434,80.76812954462024,81.04019165039062,48183800
2005-06-28,81.21023762144694,81.7815634282264,81.18983386965532,81.72035217285156,41174200
2005-06-29,81.86994557433101,81.89034931589696,81.45505219865392,81.5026626586914,42316500
2005-06-30,81.76795202672163,81.83596625356952,80.90415525937944,81.06059265136719,62288800
2005-07-01,81.24424681098172,81.48230443329957,81.08101159811982,81.29866027832031,49737500
2005-07-05,81.10821875891423,82.06043368573856,81.06741125277233,81.95160675048828,51549000
2005-07-06,81.88357702050625,82.06041816225772,81.21703033022848,81.26464080810547,52363600
2005-07-07,80.45524663331035,81.58429718017578,80.43484288685377,81.58429718017578,103268800
2005-07-08,81.59790076395046,82.51610565185547,81.42786262955502,82.51610565185547,64491200
2005-07-11,82.52289651484645,83.04661160866988,82.50929056016717,82.93778991699219,49688300
2005-07-12,82.97178198880582,83.4070790685728,82.73372970911302,83.15542602539062,51871100
2005-07-13,83.16226835307577,83.33230652809071,82.97182642732358,83.2710952758789,41182300
2005-07-14,83.64516754145703,83.95803710918634,83.3118890372031,83.5975570678711,63638800
2005-07-15,83.51593750044985,83.68597564866582,83.2234716779523,83.54994201660156,56075900
2005-07-18,83.3187063776813,83.4071243612522,83.01263973603685,83.21668243408203,56598400
2005-07-19,83.46151004397336,83.73357207330126,83.25746741384113,83.67235565185547,59165700
2005-07-20,83.37989689378735,84.15527555881319,83.1826572248098,83.9580307006836,69477000
2005-07-21,84.03284294148754,84.07365043071172,83.29827700054202,83.46831512451172,101110900
2005-07-22,83.57712081268005,84.03962462883109,83.40708272128849,84.0260238647461,52607100
2005-07-25,83.9376211331706,84.30489891066725,83.55673221082141,83.7879867553711,57301600
2005-07-26,83.81521788569226,84.01926057826007,83.62477077448118,83.89002990722656,42758800
2005-07-27,83.99883821067495,84.26409728462913,83.6927716450823,84.19608306884766,43181600
2005-07-28,84.31172996370174,84.77423401765988,84.09408130237752,84.72662353515625,47880700
2005-07-29,84.61777735940413,84.76740655466084,83.9988360764688,84.16207122802734,62358100
2005-08-01,84.22331881954196,84.3661502786538,83.9648574456839,84.10089111328125,40418200
2005-08-02,84.25050232239927,84.7470108020527,84.16207916555373,84.60417938232422,45147400
2005-08-03,84.50895600496717,84.84222930808048,84.42053803981736,84.82862854003906,36837200
2005-08-04,84.49535490592075,84.54976316702552,84.04645172502885,84.14847564697266,50855600
2005-08-05,83.96485820080342,84.32534353131298,83.43433986528723,83.5771713256836,53595500
2005-08-08,83.76082226547476,83.93766345468796,83.23710167911567,83.42074584960938,47616000
2005-08-09,83.69956728331562,84.06004728793053,83.57034183339731,83.92401885986328,47170000
2005-08-10,84.21646718176815,84.67897100607419,83.53631480420933,83.88319396972656,72863700
2005-08-11,83.8424208980058,84.35933840205769,83.66558493250783,84.21650695800781,58570200
2005-08-12,84.04643362761523,84.12805378542575,83.4887088554544,83.69955444335938,54776900
2005-08-15,83.8084163765577,84.2505166686092,83.54315723915747,84.21650695800781,36208500
2005-08-16,83.95802693772856,84.01243519441208,83.03981690400093,83.1214370727539,71942100
2005-08-17,83.10783386416618,83.57033776187444,82.99900697569288,83.11463165283203,62275100
2005-08-18,83.01260530881535,83.3594793083816,82.869768733522,83.10782623291016,53388600
2005-08-19,83.40711579066081,83.53634645188417,83.11464994994404,83.29829406738281,39842100
2005-08-22,83.37311127239079,83.8152115231235,82.89700131423524,83.29829406738281,69912000
2005-08-23,83.31867152666096,83.3934887080619,82.40046679664637,83.14183044433594,55168600
2005-08-24,82.93778795473533,83.47510899052534,82.3596542450244,82.40046691894531,79104600
2005-08-25,82.53648717792682,82.75413572379335,82.44126626343211,82.69972229003906,35631100
2005-08-26,82.62494940468832,82.63174719526145,82.0808251879572,82.13523864746094,61956800
2005-08-29,81.89717439047158,82.82898010107722,81.87676545424792,82.76776885986328,56179200
2005-08-30,82.46854805031,82.5025577746527,81.88361607787229,82.33251953125,74160200
2005-08-31,82.42768111467765,83.42750609542958,82.12160938369045,83.37309265136719,102945200
2005-09-01,83.33228576469635,83.76078518002552,82.39367714057646,83.31188201904297,74578700
2005-09-02,83.55674407842403,83.57714782572161,83.0058221447797,83.1622543334961,47653400
2005-09-06,83.42751831669888,84.20289184614138,83.4207153379066,84.13487243652344,57251300
2005-09-07,84.0872476524438,84.42732388604624,83.97162297841534,84.27769470214844,41749700
2005-09-08,84.10768250990961,84.33893192924468,83.86962492169006,83.99885559082031,39068700
2005-09-09,84.22329408109496,84.84223022211626,84.2028903342369,84.74700927734375,43093900
2005-09-12,84.64497954660928,84.7946139321721,84.52255188470805,84.57696533203125,33017600
2005-09-13,84.42737164412316,84.6246165938864,84.01247798930294,84.10770416259766,58427500
2005-09-14,84.1620776273439,84.28450529760964,83.67236694628092,83.80159759521484,57694600
2005-09-15,84.06005155864977,84.10086424046499,83.5907498255683,83.76078796386719,73156900
2005-09-16,84.21981491784278,84.52035247433321,83.9261040888064,84.3564224243164,75424100
2005-09-19,84.33588587953999,84.39053093685979,83.76895513513581,84.07632446289062,53355300
2005-09-20,84.15147511752332,84.43152717778908,83.24302563099879,83.36597442626953,84480300
2005-09-21,83.18839865509624,83.24304373404267,82.4985188643118,82.58731842041016,94469100
2005-09-22,82.61461615087654,83.09958459743041,82.26626558052196,82.8810043334961,84597200
2005-09-23,82.8127357268118,83.2567179565469,82.5805019147537,82.94934844970703,59368100
2005-09-26,83.34554347858702,83.49581492433285,82.70348168027914,83.04500579833984,70415400
2005-09-27,83.0039640280012,83.32499731876854,82.66244013760888,83.02445983886719,66150800
2005-09-28,83.28403924396179,83.4138200259426,82.78541193259532,83.1064453125,58620500
2005-09-29,83.02447025985853,83.91926129740085,82.70343692879602,83.78265380859375,66607700
2005-09-30,83.75531936867203,84.04219818115234,83.15423399634271,84.04219818115234,47824200
2005-10-03,83.98753574666996,84.24709196936602,83.63917999710534,83.74163818359375,50994800
2005-10-04,83.8714805094771,84.03541060153167,82.75811393360587,82.7990951538086,60776300
2005-10-05,82.81954435938499,82.86052555909971,81.67202386620325,81.71300506591797,106052100
2005-10-06,81.81544990917789,82.14331508705118,80.71574273241733,81.41928100585938,140941800
2005-10-07,81.76082025081901,81.99989115178657,81.37148321005287,81.69934844970703,75661400
2005-10-10,81.74713785707402,81.76762845149642,80.80453403496605,81.00944519042969,52677000
2005-10-11,81.27585378257767,81.54907393648811,80.81821302124125,80.89334869384766,75629800
2005-10-12,80.86603749697097,81.37149146527716,80.19665349782743,80.25812530517578,100510400
2005-10-13,80.23079486068468,80.65428637747169,79.83462588155243,80.2103042602539,99052900
2005-10-14,80.68163111151219,81.15293068480311,80.29912069035399,81.05730438232422,88651000
2005-10-17,81.14607546683217,81.46710353458937,80.90700458332928,81.35781860351562,68109300
2005-10-18,81.24172302141291,81.25538168716045,80.46304879274855,80.4767074584961,74996900
2005-10-19,80.25811962365898,81.82913170929949,79.99856332560383,81.81546783447266,116563800
2005-10-20,81.61736841030037,81.83594346637686,80.12149748734338,80.37422180175781,131966700
2005-10-21,80.79772093017593,81.13241287663644,80.26494450606793,80.68843078613281,96579500
2005-10-24,80.90020773629898,82.02723278052125,80.87971712985753,81.93843841552734,71308400
2005-10-25,81.77449035644531,82.1296729494978,81.24171386124576,81.77449035644531,76594500
2005-10-26,81.63104956037947,82.33458800818295,81.41247445804012,81.5354232788086,80855800
2005-10-27,81.41928971517065,81.53541179321316,80.55182136562013,80.66793823242188,66623100
2005-10-28,80.89337730381065,81.93160800237735,80.66797020627061,81.82915496826172,72322000
2005-10-31,82.16381742804127,82.85369713950163,82.05452728271484,82.05452728271484,77698900
2005-11-01,82.36188440616048,82.58045943912529,82.11598684267011,82.30040740966797,66365100
2005-11-02,82.08187756619228,83.16109466552734,82.05455502062449,83.16109466552734,74012300
2005-11-03,83.43429583302587,83.78265169531142,83.16107565106155,83.5162582397461,84897600
2005-11-04,83.60506694519673,83.64604815304187,83.024477252008,83.406982421875,59156000
2005-11-07,83.58456365588351,83.75532561097837,83.22937587099105,83.48893737792969,46765400
2005-11-08,83.28402094731932,83.6187129201577,83.1883946693655,83.48893737792969,42152800
2005-11-09,83.38647767225937,83.9807259301741,83.23620632066309,83.59822082519531,57666800
2005-11-10,83.56408340012055,84.37008018666236,83.16108761247078,84.24713134765625,79048100
2005-11-11,84.2539596928785,84.58865171374866,83.62555685864497,84.53401184082031,34867000
2005-11-14,84.55448690354173,84.71158497760462,84.27443480707323,84.4861831665039,45092200
2005-11-15,84.39060437456652,84.75944580434671,83.91929946471714,84.1788558959961,69592500
2005-11-16,84.26756309546636,84.39051184099536,84.00117501535988,84.34952545166016,51133000
2005-11-17,84.47939101255635,85.14194851744186,84.11054440536513,85.13511657714844,55717500
2005-11-18,85.42195157451154,85.57222291617242,84.92332962580868,85.46976470947266,72437200
2005-11-21,85.48343350230023,86.00255129120916,85.36731662660412,85.90009307861328,50021200
2005-11-22,85.76345429702516,86.41917936239032,85.66782805069522,86.26891326904297,66438800
2005-11-23,86.2347788232318,87.02711671817153,86.20745628776069,86.7675552368164,50854700
2005-11-25,86.73340820945067,86.89733821525802,86.61728612789791,86.83586120605469,15270000
2005-11-28,86.91780610459129,86.93146476348944,86.09131914340523,86.22109985351562,54498500
2005-11-29,86.50802155466494,86.73342862272663,86.1255111694336,86.1255111694336,51738900
2005-11-30,86.17329649436512,86.41918886106943,85.57904314579262,85.6610107421875,56007200
2005-12-01,86.07770089500687,86.76758078789408,86.05038356273224,86.53534698486328,65468200
2005-12-02,86.58997772146797,86.80172610856485,86.40555708624608,86.64462280273438,46699400
2005-12-05,86.5421827647961,86.56267858300947,86.18700008440726,86.46022033691406,59273400
2005-12-06,86.78127176747223,87.25257145941275,86.49438757656989,86.6241683959961,57935200
2005-12-07,86.58997471055336,86.65828366538202,85.84545504634379,86.1186752319336,66816500
2005-12-08,86.2143048767965,86.62413256554005,85.70885090105419,86.06403350830078,62608600
2005-12-09,86.17330421800622,86.59679047590274,85.94106527969211,86.28942108154297,50744500
2005-12-12,86.548977536542,86.65143573863767,86.03669173730422,86.37138366699219,48389900
2005-12-13,86.35090438379972,87.22520476193084,86.26211004300998,86.95881652832031,88630900
2005-12-14,86.87683725423115,87.4915760054997,86.84268278527608,87.30032348632812,64375000
2005-12-15,87.32086062113771,87.43015081104821,86.87005161586465,87.04764556884766,55900300
2005-12-16,87.39919767686301,87.45413243420052,86.76746368408203,86.76746368408203,46238300
2005-12-19,87.02151852877707,87.11765171868944,86.30738251880942,86.32111358642578,48733000
2005-12-20,86.4241102671095,86.92537541048632,86.16317808554798,86.40351104736328,46603200
2005-12-21,86.67131649623279,87.04211819014253,86.3829169250361,86.54084777832031,51806900
2005-12-22,86.73312685702791,86.99406433105469,86.5751959806223,86.99406433105469,32247900
2005-12-23,87.05584532487802,87.11078007087158,86.80864420677275,87.0421142578125,27977300
2005-12-27,87.17943807361794,87.24124096704027,86.0945005123394,86.15630340576172,44499500
2005-12-28,86.34168836725765,86.5133554776325,86.17688940817983,86.34855651855469,30764300
2005-12-29,86.32802214908772,86.49282123195488,85.87481812261755,85.9640884399414,32788900
2005-12-30,85.69625062838466,85.87478070751115,85.3941147423766,85.49711608886719,44645600
2006-01-03,85.96404210331697,87.20691056964421,85.4147051380407,87.00090789794922,73256700
2006-01-04,87.11080502834234,87.54340448953458,87.00093550487733,87.4129409790039,51899600
2006-01-05,87.30994934002717,87.61208008549004,87.12454580823596,87.46788024902344,47307500
2006-01-06,87.90733251148508,88.29186531843726,87.45412864140579,88.19573211669922,62885900
2006-01-09,88.18200213261854,88.62146972604279,88.1545399920381,88.4223403930664,43527400
2006-01-10,88.1613993931448,88.56653143639227,88.07212910378287,88.5115966796875,44960800
2006-01-11,88.59397681528613,88.88237634101723,88.39483707374042,88.79310607910156,49598900
2006-01-12,88.63522911381096,88.772560807939,88.19576140595925,88.44296264648438,40509200
2006-01-13,88.28501115986448,88.51160263964569,88.03093658328007,88.36053466796875,44856700
2006-01-17,88.03092319964439,88.18199114835397,87.76312283197426,88.12019348144531,52066600
2006-01-18,87.60520523022399,88.51160258196072,87.31680559659257,87.77000427246094,75067600
2006-01-19,87.9829033261663,88.42237107206816,87.7631642143466,88.10649871826172,81530400
2006-01-20,88.08585192300812,88.10645114390117,86.49964904785156,86.49964904785156,114957800
2006-01-23,86.66445498850048,87.08332330972904,86.60952023581265,86.80865478515625,67017400
2006-01-24,86.9528405767516,87.30991117284454,86.80864080332135,86.89791107177734,53008800
2006-01-25,87.2343895482728,87.33052274415678,86.41038399072501,86.97345733642578,87747700
2006-01-26,87.3785980987616,87.66699771531553,87.04213187944868,87.45413208007812,71294000
2006-01-27,87.66014286845747,88.34681167899954,87.51593780804043,88.264404296875,65771200
2006-01-30,88.19573211669922,88.44979619034982,88.13393444652472,88.19573211669922,33709600
2006-01-31,88.11331279968441,88.26437024020261,87.54337141065008,87.55023956298828,72937000
2006-02-01,87.76999886581429,88.18886198093382,87.70133303901764,88.1613998413086,63561000
2006-02-02,87.96227318021441,87.98973532067167,87.06960168821287,87.13826751708984,83626900
2006-02-03,86.91852117891798,88.16138979050481,86.61638528881751,86.70565032958984,86040400
2006-02-06,86.82240195509716,87.06960313425333,86.63699845129653,86.93226623535156,45511900
2006-02-07,86.78119040204504,86.97346204308421,86.1082579944408,86.16319274902344,71208100
2006-02-08,86.41724610742739,87.96225576503942,86.24557894978892,86.94598388671875,59422200
2006-02-09,87.15200855725597,87.61894358144916,86.77434383579535,86.80181121826172,62023300
2006-02-10,86.81551701006705,87.29618296609353,86.14257943276398,86.959716796875,64508700
2006-02-13,86.93227473639256,87.06274349339093,86.48593893933226,86.80181121826172,52308700
2006-02-14,86.83613570739192,87.91420551244745,86.66446850761322,87.72193908691406,90964400
2006-02-15,87.6738489321071,88.11332166525987,87.37171306521013,88.03091430664062,85471300
2006-02-16,88.12704361376362,88.72445240709298,88.01717412559603,88.69011688232422,61017900
2006-02-17,88.61459520969946,88.6901291835748,88.29186009202597,88.44979095458984,40342600
2006-02-21,88.6558109625296,88.85494030831424,88.092737505941,88.2300796508789,46456300
2006-02-22,88.42229080774257,89.02655186126059,88.33988347674573,88.765625,42326700
2006-02-23,88.76566923499966,89.0197333110061,88.08586342357714,88.63520050048828,43423200
2006-02-24,88.65578321347795,88.90984724216939,88.41544501279648,88.86178588867188,36777400
2006-02-27,88.85493975177661,89.29440737071543,88.77254284751763,88.89614868164062,35858600
2006-02-28,88.71758306743168,89.20512239486045,87.98285309693269,88.051513671875,74394800
2006-03-01,88.30560033479593,88.91673506784753,88.23692927267341,88.8343276977539,48641600
2006-03-02,88.51160424285507,88.86867495308039,88.31247490080183,88.82747650146484,60642300
2006-03-03,88.35366863447034,89.3150111910144,88.33993232542053,88.41546630859375,73402500
2006-03-06,88.67639202190293,88.7038541586237,87.79058880497116,88.01032257080078,57478400
2006-03-07,87.79745949390944,87.93479113694384,87.48159252383724,87.87299346923828,61780800
2006-03-08,87.68758843063063,88.19572702633691,87.33052302176458,88.05839538574219,66692400
2006-03-09,88.08588329021444,88.36054665175017,87.46788024902344,87.46788024902344,56313600
2006-03-10,87.69445477292855,88.47038848010719,87.50905653806858,88.29872131347656,60490800
2006-03-13,88.47038677929574,88.69012577767006,88.25752117320319,88.4635238647461,45479100
2006-03-14,88.38112493099999,89.42485371589335,88.31245387616642,89.39051818847656,69877300
2006-03-15,89.36993473873976,89.85747416753793,89.16394249335126,89.78880310058594,53398900
2006-03-16,89.96045345193473,90.27632563196346,89.84372104215265,89.97418975830078,65526400
2006-03-17,90.09073973662395,90.24240849869129,89.88392826053546,90.04937744140625,47286800
2006-03-20,90.0631380807246,90.24237813950289,89.76670138512205,89.90457916259766,45538500
2006-03-21,89.87697156965042,90.30440623269881,89.24272555928506,89.33924102783203,87102700
2006-03-22,89.28411125126716,89.97351064157101,89.24274897095292,89.88389587402344,51605700
2006-03-23,89.8011519674774,89.89077724561562,89.38751868559086,89.69774627685547,46704200
2006-03-24,89.61500918515587,90.0148619986101,89.44265937863581,89.76667785644531,43209200
2006-03-27,89.64257898689776,89.81492879045935,89.44265784330109,89.63568878173828,32523000
2006-03-28,89.57367338924617,89.98731730348831,88.9670089729332,89.0842056274414,82079900
2006-03-29,89.21516916851773,89.96661190807504,89.13243409633056,89.64259338378906,61505700
2006-03-30,89.69772083533056,90.29749470961778,89.31165900731138,89.4840087890625,70571700
2006-03-31,89.63571016026633,89.78737886512597,89.1875942524902,89.50472259521484,62925600
2006-04-03,89.67017953327044,90.22169060408267,89.27032664335202,89.43577575683594,61624700
2006-04-04,89.43581550991831,90.12521517426234,89.18074100032031,90.00801849365234,54809300
2006-04-05,90.0424436434845,90.50433991548954,89.88388474877199,90.31819915771484,50607200
2006-04-06,90.2079145324351,90.456098734005,89.75290840965695,90.22169494628906,57906200
2006-04-07,90.35263032032992,90.58702345324573,89.17376393341027,89.30474090576172,80180900
2006-04-10,89.4426498413086,89.67704302852701,89.11173067411008,89.4426498413086,41496500
2006-04-11,89.51849625827866,89.6632642090071,88.41545325744426,88.68431854248047,72799400
2006-04-12,88.77395813043634,89.0221423196879,88.66365170868023,88.84979248046875,43033700
2006-04-13,88.64983940681738,89.10484539733133,88.45680847497452,88.73257446289062,51051800
2006-04-17,88.8153167406884,89.1462254728909,88.25690496778454,88.6981201171875,64167700
2006-04-18,88.88424487670063,90.26994417369541,88.88424487670063,90.10448455810547,92531800
2006-04-19,90.13896244776384,90.35957528279836,89.78737257625141,90.27684020996094,87269000
2006-04-20,90.31127655073416,90.90416016107966,90.03552113543641,90.4009017944336,86005500
2006-04-21,90.78703080313471,90.85596444830084,90.04936821597933,90.41474914550781,72342600
2006-04-24,90.2354690180536,90.35956635534956,89.88387918127796,90.24925994873047,52546400
2006-04-25,90.33887224402295,90.39402544583331,89.5667484574733,89.8769760131836,84359800
2006-04-26,89.96661107076685,90.40782621386286,89.82873331093661,89.89766693115234,67262400
2006-04-27,89.5529533690108,90.74562157891063,89.33924129654237,90.33197784423828,124478600
2006-04-28,90.16653318858603,90.82836116985827,90.11139049959567,90.63533020019531,55854400
2006-05-01,90.63532925131219,90.86283228876152,89.84252424273927,89.89766693115234,64990300
2006-05-02,90.3182030568234,90.62844117297398,90.1320728104119,90.57328796386719,49063500
2006-05-03,90.41472895228513,90.5319361097554,89.93215146629075,90.23548889160156,60821300
2006-05-04,90.36645543967097,90.7387264081436,90.29062110098609,90.55948638916016,42921400
2006-05-05,91.03515059726939,91.55219990715234,90.89727288517965,91.35916900634766,62588200
2006-05-08,91.3522765131438,91.53152702246496,91.24887084960938,91.24887084960938,30016700
2006-05-09,91.2902609663344,91.53155494739144,91.21442661680784,91.42813873291016,29864000
2006-05-10,91.28339019159506,91.51778349660985,90.92489950666555,91.3799057006836,64378200
2006-05-11,91.35230148225682,91.3798833463356,89.98040354720713,90.27684020996094,80626900
2006-05-12,89.87010059819303,90.11828478748596,89.06350461284086,89.09797668457031,91726500
2006-05-15,88.78774348055246,89.44268132152187,88.66365663872665,89.2772216796875,84029300
2006-05-16,89.45648319153646,89.62194287305623,88.93943352111498,89.14625549316406,62137600
2006-05-17,88.7049931901973,89.00144031424021,87.39513366728693,87.45028686523438,144789500
2006-05-18,87.7950168010609,88.07077762639082,86.94016297626837,87.00910186767578,87906300
2006-05-19,87.46411409937711,87.89153841163997,86.72645686466151,87.62267303466797,124309400
2006-05-22,87.05734466502014,87.67090963465319,86.51961404082031,86.95393371582031,110852800
2006-05-23,87.67777739841868,87.98800488830132,86.29208374023438,86.29208374023438,92006500
2006-05-24,86.6437021714151,87.47787467338968,86.00945609284423,86.98150634765625,168405000
2006-05-25,87.49858204282724,88.05699920654297,87.1607777653108,88.05699920654297,78977900
2006-05-26,88.24998868762218,88.50507354736328,87.90529434387332,88.50507354736328,62989700
2006-05-30,88.22239803787913,88.24307916800755,86.89875311268639,86.93321990966797,72419900
2006-05-31,87.29171628620522,87.90528106689453,87.00216466567161,87.90528106689453,86926200
2006-06-01,87.81570305891135,88.89116981438787,87.73986869603479,88.74639129638672,73721700
2006-06-02,89.10486784646677,89.22895468274392,88.46373148690259,88.9325180053711,91702600
2006-06-05,88.82912270482241,88.83601291228884,87.39516533705172,87.63645935058594,86105100
2006-06-06,87.69849793633155,87.81569457319758,86.69887090002709,87.42273712158203,130498600
2006-06-07,87.49165538575096,88.00180932330416,86.71952638482567,86.76778411865234,108599400
2006-06-08,86.57476657547824,87.2090126780819,85.39589438704121,86.69196319580078,204957200
2006-06-09,87.11249347626173,87.52613199248663,86.37483645675599,86.41619873046875,94972200
2006-06-12,86.78160225580571,86.81607433273535,85.36144104927249,85.4786376953125,95815900
2006-06-13,85.30630572112696,86.06464423531908,84.48592376708984,84.48592376708984,185688800
2006-06-14,84.68579448328772,85.23042047782076,84.3410948862186,85.14080047607422,163566400
2006-06-15,85.4510363485221,87.11249109318798,85.38899293965022,86.94703674316406,134057000
2006-06-16,86.75661899315952,86.94357721584912,86.1818871542717,86.3134536743164,94253500
2006-06-19,86.83277647206035,86.88817344996144,85.55175173504024,85.63484191894531,95804400
2006-06-20,85.87029798840688,86.42425205762972,85.66948785531869,85.92568969726562,65494700
2006-06-21,85.86334894711489,87.04050565014674,85.83565045866224,86.5627212524414,75008200
2006-06-22,86.52116672895268,86.59733624780795,85.89104331645017,86.18186950683594,74566100
2006-06-23,86.0918831281702,86.76355714487642,85.8841470444442,86.16805267333984,54107000
2006-06-26,86.2372903389588,86.59736020529691,86.03648021396243,86.54888916015625,37899600
2006-06-27,86.56273067445615,86.75661483178173,85.70409328780421,85.80104064941406,69780200
2006-06-28,85.9949221271193,86.39653703351627,85.62100042837984,86.3826904296875,62368100
2006-06-29,86.69430613774718,88.18306728011545,86.6735335864731,88.12767028808594,110634800
2006-06-30,88.31462771911977,88.39772320142797,87.91300747905149,88.13459014892578,54227800
2006-07-03,88.23847515448851,88.64009018886325,88.15537965619619,88.49468231201172,23914000
2006-07-05,88.14149003202509,88.25227869273111,87.60830342335524,87.98915100097656,69653400
2006-07-06,88.07919325152088,88.52928453599604,87.99610305207459,88.2453842163086,50100300
2006-07-07,88.07228221062213,88.32848406416404,87.4490792319626,87.67066192626953,81626500
2006-07-10,87.89916070090037,88.23845800783447,87.53216489991793,87.83683776855469,60964100
2006-07-11,87.67065007265732,88.224609375,87.20671219464009,88.224609375,73640800
2006-07-12,88.04454968939328,88.2176612675152,87.05435125121811,87.2828598022461,82561300
2006-07-13,86.86743363132138,87.02669869173945,85.86338806152344,85.86338806152344,102405700
2006-07-14,85.9533603931542,86.04338179646125,85.05318334070715,85.53096771240234,103242500
2006-07-17,85.53097448298467,85.93259465105653,85.27477270362064,85.40633392333984,81159000
2006-07-18,85.66254515595242,85.89797968360834,84.74851610170828,85.84258270263672,122771000
2006-07-19,85.9880117261251,87.42830180020748,85.66948695102091,87.03360748291016,133565300
2006-07-20,87.3313748078119,87.4560154181393,86.32040331646694,86.43811798095703,112259800
2006-07-21,86.65963574492002,86.68733422455885,85.73868110797228,85.82869720458984,101560000
2006-07-24,86.16803366762616,87.4698310273927,86.16803366762616,87.39366149902344,92884000
2006-07-25,87.23441265652556,88.14844182795316,87.05437508675946,87.70527648925781,95480700
2006-07-26,87.65680706955825,88.25231153090664,87.37290672846778,87.822998046875,84525800
2006-07-27,88.20382124671339,88.41848322486113,87.38673427675745,87.73988342285156,87257100
2006-07-28,87.9684146218921,88.73010480732648,87.84377402551569,88.61931610107422,82137000
2006-07-31,88.39770514099746,88.60543587990539,88.25228675593148,88.52926635742188,49593100
2006-08-01,88.1761688442998,88.20386734895584,87.66375971553695,88.09307861328125,65225600
2006-08-02,88.34235239017575,88.95170887510075,88.32157983418041,88.6885757446289,64770900
2006-08-03,88.17612963914026,89.01399450434,88.04456840420622,88.9239730834961,63693800
2006-08-04,89.38099324871129,89.62334317810283,88.27307993305654,88.77163696289062,96294200
2006-08-07,88.56391143798828,88.68855202357243,88.21768817613763,88.56391143798828,45377300
2006-08-08,88.69546791415962,88.95168029895635,87.90607934223712,88.224609375,90901300
2006-08-09,88.75781618652421,89.04865310917106,87.67068032195773,87.92688751220703,78910600
2006-08-10,87.64989645523154,88.28694609246165,87.44216035124632,88.19692993164062,69322300
2006-08-11,88.05841289029286,88.07918543831177,87.5183055100128,87.94762420654297,47482200
2006-08-14,88.37691543862299,88.74391639898377,87.88527922143065,88.016845703125,57839000
2006-08-15,88.80623349327203,89.23554679652071,88.56387835709202,89.06936645507812,68143000
2006-08-16,89.54718026735532,89.94186925083201,89.35328554012253,89.810302734375,71737600
2006-08-17,89.72724235372614,90.27427058370775,89.66492468813922,90.0388412475586,70992800
2006-08-18,90.14961870241738,90.49584197998047,89.73414654298332,90.49584197998047,58288400
2006-08-21,90.14269187966073,90.21194076491567,89.8795693606641,90.10807800292969,42133600
2006-08-22,90.0111091501144,90.37810488791538,89.79644189598581,90.10111999511719,60839900
2006-08-23,90.14268632793241,90.32272919214817,89.45717100925177,89.85186004638672,66592100
2006-08-24,90.011120371696,90.08728990597481,89.60256892462166,89.77568054199219,57983000
2006-08-25,89.76877521615036,90.19116805732725,89.706457559066,89.88648986816406,41756000
2006-08-28,89.77569603370651,90.58586784079122,89.76877537153952,90.31580352783203,52681500
2006-08-29,90.35733720416823,90.5927664512961,89.88646814401865,90.4196548461914,61817800
2006-08-30,90.62048263632256,90.73819728973353,90.39890521987148,90.4750747680664,50052200
2006-08-31,90.6066152918061,90.70355736476961,90.41965180612877,90.46119689941406,37510300
2006-09-01,90.8074433191416,91.11212150233699,90.59970723369963,91.00132751464844,48794500
2006-09-05,91.06360638908532,91.29904615413035,90.84894973304013,91.17440032958984,52348300
2006-09-06,90.78667274144226,90.8212971840849,90.24656524708566,90.37120056152344,53795600
2006-09-07,90.05959700954082,90.41275151381048,89.56796587372024,89.95573425292969,86269400
2006-09-08,90.07340404583107,90.33653698607667,89.90029249375172,90.2118911743164,45096300
2006-09-11,89.92110086784469,90.49583271768279,89.65796782274185,90.30194854736328,68496600
2006-09-12,90.40578760677666,91.29211802912607,90.27422111869647,91.1882553100586,69875600
2006-09-13,91.15366233066273,91.71454233892047,91.0705721267418,91.55528259277344,62898400
2006-09-14,91.37523426879291,91.56911842119906,91.22981587154136,91.56218719482422,57805400
2006-09-15,92.02050771440271,92.07614832544931,91.58234453513664,91.77709197998047,76703100
2006-09-18,91.65884113030079,92.07614037091875,91.56147272247134,91.90226745605469,64154100
2006-09-19,91.88834544583096,91.89530715363883,91.15808776644913,91.67274475097656,92089100
2006-09-20,91.97879812993173,92.34045686719742,91.84665297906369,92.15962219238281,75204100
2006-09-21,92.22917585278668,92.3265442885588,91.40153884254195,91.71450805664062,88932500
2006-09-22,91.57542897805462,91.58238007749756,91.10945061860363,91.43633270263672,65966800
2006-09-25,91.61718243665128,92.39614089922514,91.14425284541761,92.13880157470703,92299100
2006-09-26,92.1526685060677,92.91771377257281,92.08311507734423,92.90380096435547,73962700
2006-09-27,92.84120273633948,93.17503582360618,92.68819369376673,93.01507568359375,82432200
2006-09-28,93.01506998371805,93.18894292031754,92.69513911093576,92.98029327392578,58597500
2006-09-29,93.05681001765649,93.15417845045138,92.834247535632,92.90380096435547,47966600
2006-10-02,92.87595049026903,93.07764901216582,92.46561296276926,92.5560302734375,51687400
2006-10-03,92.42389623382388,93.10547516261961,92.2569743969842,92.75077819824219,73108100
2006-10-04,92.66041673232506,93.89144081671843,92.5560971541426,93.83580017089844,80890500
2006-10-05,93.83575462245057,94.17654943303616,93.71752228711178,94.0165786743164,60505900
2006-10-06,93.85660288441349,93.96093300693232,93.47408032656678,93.89833068847656,64983600
2006-10-09,93.78706064553735,94.10002979025285,93.64100271807747,93.95397186279297,41176800
2006-10-10,93.96093790525475,94.20435364576599,93.7801032617394,94.07917022705078,56403700
2006-10-11,93.78008691193332,94.19042441822081,93.40452610890202,93.9678726196289,104071800
2006-10-12,94.20432644489726,94.85809018682686,94.16954974561956,94.78158569335938,59158600
2006-10-13,94.69815770661062,95.08068028544169,94.61469148154455,95.02503967285156,53944000
2006-10-16,94.9485297177194,95.31713946919577,94.87897630287584,95.17108154296875,42273000
2006-10-17,94.91375997254991,95.07372010359036,94.35736445007132,94.87203216552734,90500600
2006-10-18,95.31019974404674,95.53971333113553,94.65644631058716,94.99723052978516,86848600
2006-10-19,94.85812512842888,95.19891992711044,94.74684389469255,95.15023040771484,64063200
2006-10-20,95.17108154296875,95.24758605435221,94.81638459693332,95.17108154296875,48094500
2006-10-23,94.97636804000396,95.8387817789896,94.85813569562399,95.60926818847656,66219900
2006-10-24,95.47710987040955,95.9291752784921,95.43538206195421,95.8944091796875,53234900
2006-10-25,95.7970553758548,96.26303366199157,95.63708460254577,96.22130584716797,78105400
2006-10-26,96.4369072238445,96.67337191753876,95.96396722409203,96.5203628540039,66843700
2006-10-27,96.40212537373702,96.49949380785942,95.7205463348802,95.915283203125,80238000
2006-10-30,95.74139886404147,96.11695974749492,95.56056421332947,95.84571838378906,49717800
2006-10-31,96.02654981910877,96.15868433557722,95.45624149728606,95.83180236816406,71274100
2006-11-01,96.13090525166164,96.19349698479978,95.08766724989627,95.1850357055664,83005600
2006-11-02,94.94159349186909,95.28933943470228,94.83727395396473,95.12937927246094,60693100
2006-11-03,95.47017245812886,95.55362808700234,94.32260449929949,94.96245574951172,71346400
2006-11-06,95.25456845406157,96.17261217771568,95.24760674364835,96.03351593017578,63303300
2006-11-07,96.11697590854787,96.65945872717234,95.97787965470948,96.40213012695312,63318900
2006-11-08,95.9778938148246,96.70816252067135,95.18503337737066,96.61079406738281,87517800
2006-11-09,96.68030968981766,96.77072701827014,95.90831338016096,96.1030502319336,95916300
2006-11-10,96.07523722418182,96.21433346228359,95.7831319404593,96.14479064941406,48991500
2006-11-13,96.10303019055736,96.70115342837254,96.02653629764966,96.38123321533203,59398200
2006-11-14,96.65248783716048,97.18801944775893,96.06131561394749,97.10455322265625,96704000
2006-11-15,97.0697747153217,97.68180015111139,97.04194910639103,97.38274383544922,76509600
2006-11-16,97.67486074059812,97.84177196470937,97.0141457163139,97.63313293457031,76728800
2006-11-17,97.32018534210076,97.66793132379173,97.1810890718974,97.66098022460938,56353800
2006-11-20,97.577494653811,97.88351272180878,97.32711719930026,97.71659088134766,69174200
2006-11-21,97.70963769901981,97.8348211174226,97.57053086209,97.81395721435547,51367900
2006-11-22,97.89044232351989,98.17559642538951,97.71656942418859,98.00867462158203,45505300
2006-11-24,97.53579252096786,97.95308131342004,97.50796690071888,97.61229705810547,30998000
2006-11-27,97.56357346452269,97.61226297677608,96.24214349792109,96.26995849609375,84545100
2006-11-28,96.14478078716502,96.78463190668927,96.05436346611039,96.68726348876953,106652900
2006-11-29,97.00023275498948,97.73745229326573,96.72899140388103,97.69572448730469,90034900
2006-11-30,97.6748808122757,98.09913128134247,97.20194081792994,97.73747253417969,83994300
2006-12-01,97.73743603031356,97.82785333642533,96.65247080641174,97.52183532714844,126080000
2006-12-04,97.54271499973919,98.44685636998092,97.52880219369688,98.26602172851562,87813200
2006-12-05,98.45383528008018,98.73203841771102,98.2451855799482,98.69029998779297,73374400
2006-12-06,98.66944140011586,98.8085482826154,98.41211276974897,98.60684967041016,53253200
2006-12-07,98.78072618375575,98.96851199193458,98.14087482842791,98.17565155029297,62857400
2006-12-08,98.15479543641946,98.69031666869044,97.91136897639348,98.35648345947266,79625500
2006-12-11,98.35646259714055,98.82244089368456,98.30082197201175,98.64161682128906,39779400
2006-12-12,98.5442224623557,98.669405876698,97.98782696976909,98.5650863647461,77451600
2006-12-13,98.91979580762018,98.99630033016501,98.45381757479711,98.66941833496094,55520200
2006-12-14,98.66247195179787,99.62225407824668,98.64855914366237,99.53878784179688,64755200
2006-12-15,99.75767899362799,99.93252069199536,99.47793654483634,99.54786682128906,70857400
2006-12-18,99.68776280445034,99.92555568362165,99.13526759584578,99.27513885498047,48954600
2006-12-19,98.99538421021033,99.70174091878538,98.74361170601172,99.46395874023438,65023600
2006-12-20,99.50587750944901,99.77164022835926,99.31704554225028,99.40796661376953,41469600
2006-12-21,99.4989369522174,99.61082755161999,98.83454049745293,99.04434204101562,48698400
2006-12-22,99.05837237153808,99.0653622019821,98.37998531607839,98.4359359741211,62069100
2006-12-26,98.47784956075549,99.03734520414095,98.45686940788407,99.01636505126953,32696900
2006-12-27,99.21917655553872,99.72972206503947,99.19120657559638,99.6667709350586,39727100
2006-12-28,99.59684909879957,99.79966081718953,99.30311626277305,99.45697784423828,37288800
2006-12-29,99.35206520023097,99.68775834142382,98.91146061576423,99.04434204101562,45461200
2007-01-03,99.48494551812317,99.91155977110627,98.31001420127998,98.86949920654297,94807600
2007-01-04,98.77160722945726,99.34509334291198,98.33800306567065,99.07933044433594,69620600
2007-01-05,98.84147650176517,98.89042661144357,98.17708040879211,98.28897094726562,76645300
2007-01-08,98.48488229657897,98.89750633343753,98.08623791854949,98.74364471435547,71655000
2007-01-09,98.827532078333,99.03035444951288,98.19110565654904,98.6596908569336,75680100
2007-01-10,98.31701695711533,99.00939414868787,98.12119504522501,98.9884033203125,72428000
2007-01-11,99.01636300403212,99.74369985535074,98.96041237370122,99.4219970703125,54476800
2007-01-12,99.41504975554436,100.1773681640625,99.38707976116169,100.1773681640625,55370600
2007-01-16,100.05839132933453,100.31715357390193,99.82059855897427,99.98146057128906,44871300
2007-01-17,99.90458453241824,100.33119884769893,99.82065323217853,100.02347564697266,50241400
2007-01-18,100.1283409992111,100.19128144849685,99.52688513922571,99.68773651123047,68177300
2007-01-19,99.68771245220974,100.07936672005263,99.63177251400555,99.883544921875,56973000
2007-01-22,100.0584315873444,100.07941174148095,99.26114304418554,99.57586669921875,60253600
2007-01-23,99.49192667499638,100.06541262835209,99.35205543587034,99.86959075927734,54064400
2007-01-24,99.988474521628,100.69483116394106,99.94651422011307,100.6738510131836,55834700
2007-01-25,100.61095023342199,100.65291055148255,99.31711684524845,99.49195861816406,73583800
2007-01-26,99.70872405828598,99.76466400815401,99.01634712440816,99.4010009765625,67255600
2007-01-29,99.44297318709208,99.86958738849697,99.12826024180775,99.34506225585938,66114600
2007-01-30,99.55488973951282,99.91156304277132,99.35206734769487,99.86260223388672,70407600
2007-01-31,99.75068632237938,100.79973648266301,99.58982428099637,100.53397369384766,91868600
2007-02-01,100.81371597156873,101.17039985524177,100.64587477594851,101.13542938232422,69312400
2007-02-02,101.2193789514593,101.37324053914327,100.97460691395707,101.27532958984375,49607000
2007-02-05,101.19839513460481,101.36624704368522,100.94662260673056,101.30330657958984,45705300
2007-02-06,101.38721894235091,101.42917924833098,100.93962455941046,101.33126831054688,57081300
2007-02-07,101.49211784042255,101.65996973274714,101.10747459501931,101.55506896972656,55669700
2007-02-08,101.25430544536601,101.49208755157781,100.89763228604832,101.42215728759766,70641000
2007-02-09,101.45016529435443,101.63899735372546,100.28222380026791,100.66687774658203,79084400
2007-02-12,100.66685126258267,100.73678153438328,100.14232620237455,100.32415771484375,65657000
2007-02-13,100.54798167476196,101.33825901101119,100.54098117604372,101.17041778564453,64081800
2007-02-14,101.26831531661962,102.03761239784515,101.25432499252737,101.83480072021484,66039400
2007-02-15,101.87679889857014,102.07262082270574,101.7089469615277,101.96772003173828,38715200
2007-02-16,101.71590476276677,101.93969658005032,101.56903304557287,101.91871643066406,39841800
2007-02-20,101.79987349104051,102.24746800871922,101.40822962200852,102.13556671142578,56911800
2007-02-21,101.83481980232386,102.15653328778616,101.65298824101454,102.09358215332031,63971600
2007-02-22,102.14257712538685,102.4013395629333,101.52713060203732,102.01668548583984,79067400
2007-02-23,101.92571930932806,101.9606791114619,101.42916419544233,101.61799621582031,71966200
2007-02-26,101.98868436098151,102.07260498073074,101.23336676875981,101.527099609375,69192800
2007-02-27,100.62489838846776,100.84869021482476,97.2119849967273,97.5616683959961,274466500
2007-02-28,98.18412176504874,99.2961126100102,97.7714978421751,98.56177520751953,177536300
2007-03-01,97.44981575379758,98.78560956643904,96.54763682914454,98.26807403564453,212828600
2007-03-02,97.94634626395617,98.37296054243383,96.97422660270291,96.98121643066406,162574000
2007-03-05,96.46365250646801,97.61761406840998,96.04403885152632,96.05802917480469,143750400
2007-03-06,97.05813708027551,97.9952861607917,96.31680987713608,97.70155334472656,143333300
2007-03-07,97.62464837162167,98.23310498930638,97.49176691866185,97.60366821289062,115144900
2007-03-08,98.28899689905221,98.72261153426618,97.9603043491734,98.42887878417969,117891600
2007-03-09,98.82754229299991,98.90447308458998,97.96732392994195,98.45687866210938,107765100
2007-03-12,98.20510024572187,98.8485165225007,98.02326869081442,98.60374450683594,80366900
2007-03-13,98.03723467918446,98.44986920899865,96.54059012690863,96.68746185302734,190605200
2007-03-14,96.8133782660453,97.46379518957181,95.63844671211875,97.40784454345703,231853800
2007-03-15,97.1910041642211,97.9043612817391,97.07211308988316,97.54068756103516,132435900
2007-03-16,97.81521648107763,98.03990664145769,96.97966735711611,97.26754760742188,121531600
2007-03-19,97.7801332707832,98.53142914102459,97.70289734686885,98.44014739990234,96161200
2007-03-20,98.35586155901072,99.03693883291461,98.2716081111268,98.98076629638672,82147400
2007-03-21,99.07208453915885,100.86253524979513,98.87548594572569,100.6097640991211,152368700
2007-03-22,100.7431149939093,100.8835409498276,100.25863633924952,100.532470703125,118942200
2007-03-23,100.6027338703513,100.97486764058776,100.51145213710969,100.67996978759766,74416800
2007-03-26,100.75719893593386,100.86251576427708,99.76717789423665,100.54655456542969,113787500
2007-03-27,100.49039884029457,100.51849047510024,99.97783900019644,100.30784606933594,99864600
2007-03-28,99.80229331635545,100.03400106701872,99.18440598125339,99.5776138305664,152907900
2007-03-29,100.08317531662739,100.13233033019027,99.1352913770134,99.6829605102539,139432700
2007-03-30,99.87250475960695,100.29378278394276,98.69290272106784,99.70398712158203,128194100
2007-04-02,99.81636047363281,100.02700490234724,99.33889905429203,99.81636047363281,79416400
2007-04-03,100.38509789042931,101.09425643118506,100.34297114536953,100.89064025878906,82417800
2007-04-04,100.89064558734917,101.07319839685684,100.51851170123852,101.00299072265625,63995200
2007-04-05,100.87656142945413,101.41721281305412,100.83443469817944,101.27678680419922,46822800
2007-04-09,101.56466464080063,101.6699921913797,101.21359423317419,101.41722106933594,50967400
2007-04-10,101.33996153324685,101.70507767195514,101.29783480836053,101.53656005859375,56620000
2007-04-11,101.68406755830557,101.71214848499619,100.7853171968799,101.12235260009766,106365700
2007-04-12,100.9257175718893,101.75423853321944,100.64485483717054,101.57168579101562,115534400
2007-04-13,101.74018668242967,102.03509521484375,101.3610354053243,102.03509521484375,84287000
2007-04-16,102.39315423208625,103.11635811704257,102.38613668379662,103.00401306152344,83064600
2007-04-17,103.1936395944508,103.49555501150377,102.96894938414438,103.27789306640625,108424100
2007-04-18,102.93385614690416,103.7062046780089,102.91279277784436,103.40428924560547,88345300
2007-04-19,102.89873956939371,103.49555283958516,102.7653310990513,103.37619018554688,102947700
2007-04-20,104.07130557088249,104.35215759277342,103.24277389281379,104.35215759277344,124114100
2007-04-23,104.17663870370654,104.42940984849284,103.8957866378638,103.95897674560547,77270800
2007-04-24,104.078311649208,104.19767428104541,103.43937176276275,104.0010757446289,114471000
2007-04-25,104.42936532983435,105.08236163958215,103.93085151840899,104.95597076416016,108418800
2007-04-26,104.96301353470706,105.18067543010308,104.68917909956104,105.07534790039062,88741600
2007-04-27,104.68213766494712,105.13853547531126,104.50660251799518,104.99108123779297,108191100
2007-04-30,105.06833953263201,105.1385578919101,104.06428342062327,104.12044525146484,100874100
2007-05-01,104.21174810522683,104.94899817185835,103.6851424453214,104.38728332519531,134342700
2007-05-02,104.54876111369244,105.28601109842509,104.44344427893851,104.99813079833984,87129800
2007-05-03,105.3000851559494,105.60200063909703,105.13156746132806,105.56690216064453,86569700
2007-05-04,105.8477165224924,106.10750516779103,105.47558278751208,105.96707916259766,96409000
2007-05-07,105.93897676208174,106.16365618206144,105.88982177763336,105.98812103271484,63461400
2007-05-08,105.72836988577295,105.96709520211768,105.41240864780856,105.84773254394531,80584000
2007-05-09,105.770519058705,107.30119199899872,105.58093799018421,106.13563537597656,102070100
2007-05-10,105.83371061628851,106.03733750734868,104.80859074938228,105.02625274658203,153617800
2007-05-11,105.14560330982007,105.97412445704003,105.12453993921756,105.92498016357422,113408900
2007-05-14,105.92492972601578,106.23387329950556,105.17363415286425,105.69322204589844,108027500
2007-05-15,105.81263028349386,106.48669025390639,105.45454228554269,105.72135925292969,180673300
2007-05-16,105.88281201040833,106.4655900347277,105.58791422349059,106.44452667236328,114166500
2007-05-17,106.29002109150176,106.69726382414427,106.10044017665845,106.23384857177734,101132800
2007-05-18,106.73247531840485,107.16078186035156,106.59204922727007,107.16078186035156,99182000
2007-05-21,107.13264485447446,107.58903209024564,107.07647230465643,107.10455322265625,174664600
2007-05-22,107.21692332032286,107.53991287862814,106.99224378248427,107.02032470703125,82148800
2007-05-23,107.39244314771166,107.778622766185,106.9781826087218,107.03435516357422,133786600
2007-05-24,107.09754711626137,107.57500848382783,105.84071966045848,106.06539916992188,187593000
2007-05-25,106.37434298385419,106.73945924016991,106.14965276033082,106.50775146484375,83309200
2007-05-29,106.6832917411436,107.07648893712775,106.33923883774746,106.89393615722656,82020000
2007-05-30,106.34625537359943,107.80669887936065,106.26199118816865,107.76457214355469,129013600
2007-05-31,107.89796450647128,108.05243632390899,107.51178496287702,107.6522216796875,114866700
2007-06-01,108.0454260383461,108.4105315279139,107.78562666583215,108.18585205078125,107771700
2007-06-04,107.80672033898784,108.40354445189094,107.7645935947963,108.1999282836914,78008800
2007-06-05,107.94710345444344,108.05943781184983,107.32921627653775,107.77156829833984,126917900
2007-06-06,107.32927735950223,107.39246748034637,106.54990039429259,106.61309051513672,164096800
2007-06-07,106.41646954103555,107.07648367923673,104.66111734957266,104.689208984375,232414600
2007-06-08,105.02623377287844,106.15668101453743,104.6821808858276,106.05135345458984,175886000
2007-06-11,105.97404932882536,106.6902355630458,105.81256003075057,106.23384857177734,102015600
2007-06-12,105.7915343899327,106.40239334976235,105.00514026106546,105.07534790039062,233898000
2007-06-13,105.6721724652041,106.77453847674215,105.12450359126052,106.64814758300781,193208200
2007-06-14,106.76750136255271,107.51176870832752,106.74643800097913,107.32921600341797,146396500
2007-06-15,107.98928224605565,108.35597212702567,107.84119243028083,107.93992614746094,154030800
2007-06-18,108.15860054280337,108.16564834459028,107.65087905407438,107.81306457519531,88537500
2007-06-19,107.57327993582292,108.15857011958646,107.43929641953974,108.08100128173828,110851700
2007-06-20,108.29959708472511,108.29959708472511,106.45206217020227,106.57898712158203,177119700
2007-06-21,106.53666423470035,107.26298560604116,105.95137415449409,107.17131042480469,205262000
2007-06-22,106.84690806117204,107.02319981316579,105.66928044905313,106.16289520263672,204964700
2007-06-25,105.9443488633798,106.65656402891501,105.08404381669367,105.65522766113281,232014400
2007-06-26,105.92315175817268,106.09944352806778,104.56217369938469,104.56922149658203,198445700
2007-06-27,104.45639228727799,106.17700150755772,104.40702543194466,106.05711364746094,213638000
2007-06-28,106.04302978515624,106.76935102258916,105.54235641993756,106.04302978515625,157705000
2007-06-29,106.40967635995257,106.93855151235789,105.1756343376735,106.0782470703125,199701800
2007-07-02,106.38854772521633,107.12897526812696,106.31803747731705,107.03730010986328,103357000
2007-07-03,107.31228059064229,107.53793913592021,107.17830793437415,107.42510986328125,54048400
2007-07-05,107.46745450689515,107.58028381770441,106.9244836236168,107.31231689453125,89279000
2007-07-06,107.45335582159164,108.0104330426928,107.13602204907092,107.87644958496094,81109000
2007-07-09,108.00335259907206,108.14438381089805,107.62255649115099,107.96104431152344,72348100
2007-07-10,107.38990370578843,107.61556236524106,106.31805735337979,106.423828125,180362600
2007-07-11,106.30394127058051,107.220660660734,106.14175584893675,107.17835235595703,175607600
2007-07-12,107.44632490164955,109.12462631335143,107.42517074603967,108.87076568603516,133882500
2007-07-13,108.99769869915201,109.62529707347214,108.87076300861668,109.19514465332031,111794300
2007-07-16,109.29382141256168,109.6746068031473,109.0047004019359,109.18099212646484,98378700
2007-07-17,109.25151290180635,109.63935688519113,109.07522116026726,109.12458801269531,126201300
2007-07-18,108.75789534116497,109.15984566618862,108.10209524453948,108.92713928222656,237887400
2007-07-19,109.44192227178418,109.6746286857919,109.12459925631734,109.35025787353516,145212700
2007-07-20,109.22329983891045,109.29382083234484,107.77065775810259,108.24311828613281,245502500
2007-07-23,108.72264875453185,109.10344498065082,108.10210907788571,108.57456970214844,121183900
2007-07-24,107.97519400784697,108.79319051032996,106.31099905038029,106.6917953491211,256732400
2007-07-25,107.19954447718278,107.46045295571561,105.95139524420152,106.9104232788086,265214500
2007-07-26,105.90906439004857,106.33921681610568,103.22942685526652,104.37885284423828,467592500
2007-07-27,104.51278861217338,104.97819057801951,102.28445867633222,102.32676696777344,422987600
2007-07-30,102.90499728325656,104.23071445634072,102.45369091199277,103.92749786376953,283017500
2007-07-31,104.5974679987256,105.39431049929408,102.27746153176045,102.7569808959961,316976700
2007-08-01,102.3761325607086,103.66658936945625,101.50878022564646,103.2575912475586,467670000
2007-08-02,103.49026286780659,104.19542958040813,102.43251279890427,104.08261108398438,294758400
2007-08-03,103.85700887288564,104.06856115334836,100.97992583458242,101.40303039550781,359398200
2007-08-06,101.69212889215557,103.53966282704047,100.50744284078365,103.10246276855469,324980000
2007-08-07,102.91205040990775,105.06985921994,102.4113772188256,104.20250701904297,232568700
2007-08-08,104.65389129335061,106.19115098529791,103.8993570474865,105.65522766113281,274930600
2007-08-09,103.96277465672085,105.03463160242814,102.4537175763152,102.52423858642578,357622100
2007-08-10,101.81908773863515,103.30699090493546,100.92352241560202,102.04474639892578,411018400
2007-08-13,103.30698802758161,103.58200278715277,102.26334365279833,102.41142272949219,181917200
2007-08-14,102.74287965623866,102.99674032995344,100.64148398826609,100.84597778320312,264134500
2007-08-15,100.6414351177996,101.86842957160488,99.16058011355165,99.45674896240234,323834000
2007-08-16,98.57531653611595,100.79659963566628,96.6079048147974,100.20426177978516,546743700
2007-08-17,102.60182373152294,102.82042383368128,99.70358621839756,102.04474639892578,388218100
2007-08-20,102.36912963193267,102.58068196149618,101.04341174266655,101.99539184570312,187320400
2007-08-21,101.96717156383454,102.9332470912164,101.64278994880313,102.19986724853516,157066400
2007-08-22,102.9614513295496,103.51853940165479,102.48194283406355,103.41275787353516,173156700
2007-08-23,103.89931447642059,104.11791454855165,102.67937844678855,103.32108306884766,203915300
2007-08-24,103.29287912069503,104.59744262695312,103.15184784542306,104.59744262695312,128901900
2007-08-27,104.2589779388463,104.59745519215936,103.46918333445201,103.62432098388672,113024300
2007-08-28,103.06719709925677,103.13065953811268,101.1632486136287,101.34658813476562,219790700
2007-08-29,101.80496335638647,103.47621657825366,101.51585304407617,103.33517456054688,207654200
2007-08-30,102.56655059663977,103.7935452009542,102.46782763491304,103.06016540527344,191817300
2007-08-31,104.11792323572293,104.71731960479953,103.53969177990474,104.07561492919922,185477500
2007-09-04,103.97692417286014,105.76099671729511,103.94166365316777,105.12635040283203,120062000
2007-09-05,104.50575773913785,104.61858705286325,103.65955940618849,104.21663665771484,166261800
2007-09-06,104.32943186623096,104.79484456320853,103.74414209760623,104.45636749267578,127878400
2007-09-07,103.29286396800669,103.581985033899,102.43255932705564,103.00375366210938,235447600
2007-09-10,103.32111532299767,103.46214663033474,101.776797221659,102.80633544921875,192305900
2007-09-11,103.12365271558537,104.15319077716755,103.04608389505543,104.00511169433594,162081900
2007-09-12,103.86405022004962,104.67499878479562,103.64545015581223,104.2730484008789,149554600
2007-09-13,104.75257861348096,105.38722472224129,104.50576581563172,105.00643920898438,154079000
2007-09-14,104.33653395103539,105.13336549619231,104.18139632065159,104.99938201904297,121911000
2007-09-17,104.5833207502792,104.82307495865943,104.10381233351873,104.43524169921875,109870800
2007-09-18,104.95005810431505,107.53802099039204,104.45644311078536,107.50981903076172,263759500
2007-09-19,108.17966204903134,108.87072263233054,107.68604734667475,108.14440155029297,193779900
2007-09-20,108.1302953597893,108.19375780161673,107.26294304150042,107.38282012939453,175186800
2007-09-21,108.1969027119361,108.48738449726001,107.5096450137322,107.67259979248047,141457500
2007-09-24,107.99146183332098,108.27487328814077,107.2404403973713,107.47425079345703,139450200
2007-09-25,106.85074975677858,107.45298960114431,106.60985814344866,107.26168823242188,142289900
2007-09-26,107.87102311738087,108.23945262736952,107.26170196322525,107.8285140991211,135547000
2007-09-27,108.33859086658126,108.47320989915058,107.82846127528543,108.46611785888672,102713300
2007-09-28,108.29609104959886,108.53698259617687,107.67967810142373,108.10478973388672,133372100
2007-10-01,108.11896436329893,109.64226124519826,108.04810881998536,109.32343292236328,148162300
2007-10-02,109.54308915890059,109.57142489456652,108.9762771462226,109.1746597290039,112978800
2007-10-03,108.97625633150446,109.40136796257562,108.40944442708886,108.95500183105469,119055900
2007-10-04,109.18885507915496,109.29512762318926,108.82042557476584,109.12509155273438,76864400
2007-10-05,109.84064566520873,110.59875890963961,109.55724510920064,110.421630859375,134579700
2007-10-08,110.09577199476377,110.16662757886819,109.65649764424022,109.83362579345703,71280400
2007-10-09,110.24451277403861,110.8821694882133,109.84065559363256,110.86799621582031,94054300
2007-10-10,110.55623141700268,110.83964276436306,110.10987611284594,110.68376922607422,101711100
2007-10-11,111.18685746157733,111.6048880380283,109.4935130795438,110.15243530273438,233529100
2007-10-12,110.14534691418932,110.77592254324273,110.01072782297987,110.76174926757812,124546700
2007-10-15,110.71924014667398,110.78300367054169,109.06840489216829,109.82650756835938,161151900
2007-10-16,109.40136796257562,109.47930473457075,108.73536478571513,108.95500183105469,166525700
2007-10-17,109.80521287018361,109.88314964117654,108.02685121884736,109.28800201416016,216687300
2007-10-18,108.72121139401813,109.24551439339949,108.45906529984737,108.8912582397461,148367500
2007-10-19,108.4661560502694,110.86801255039212,106.03596381222512,106.04304504394531,297169900
2007-10-22,105.46915867614625,106.81532794210341,105.3274583551573,106.65945434570312,261989800
2007-10-23,107.3112587074162,107.65842275385955,106.45395421940825,107.5238037109375,180085100
2007-10-24,107.13414891736365,107.5096595689481,105.45496742618073,107.325439453125,326694200
2007-10-25,107.44589392375738,107.8993413968801,106.19183484388022,107.58051300048828,237374500
2007-10-26,108.44487157023276,108.84163665771484,107.62299485414113,108.84163665771484,176484000
2007-10-29,109.0612689640982,109.42261707603049,108.79204170130949,109.2029800415039,106841000
2007-10-30,108.72121225289169,108.93376810897084,108.31027381408265,108.44489288330078,132981600
2007-10-31,109.09674722169596,110.01073436316982,108.28904343746265,109.57144927978516,220954400
2007-11-01,108.60784863419435,108.69287746399061,106.69486753489906,107.0066146850586,333040800
2007-11-02,107.36088559004477,107.69388729062938,105.71714240577148,107.1270751953125,331228200
2007-11-05,106.0217860935954,107.09872787716608,105.54708412326156,106.3122787475586,226841000
2007-11-06,106.88616460965906,107.77180497305243,106.20598805371554,107.74346923828125,177800500
2007-11-07,106.58857841933836,107.07745357316594,104.54097856839208,104.7960433959961,306639700
2007-11-08,104.85271480719172,105.14319656631015,102.78386066920004,104.2646484375,374509900
2007-11-09,103.22313415185428,104.53387510830196,102.65632228453552,102.83345031738281,277745100
2007-11-12,102.8831085124856,103.87502172307197,101.81324768066406,101.81324768066406,243087800
2007-11-13,102.99642330420595,105.07945106881702,102.89015079010909,104.91649627685547,191117400
2007-11-14,105.72420327617898,105.85173029726764,103.99543158338116,104.62600708007812,230558800
2007-11-15,103.84665230509526,104.4984823194068,102.3941999376108,103.11687469482422,263111100
2007-11-16,103.66248172068907,103.77584633674692,102.42967665695554,103.29405212402344,308770600
2007-11-19,102.93268533273688,102.98936762466411,101.45189694340407,101.85574340820312,267746000
2007-11-20,102.03998894773682,103.10983909506211,100.68672727026133,102.47926330566406,414767500
2007-11-21,101.37398128901093,101.9620480279989,100.37497595611408,100.3820571899414,259012400
2007-11-23,101.3668528895866,102.26665566396218,101.10469600534012,102.11787414550781,77688400
2007-11-26,102.33045819182404,102.64929747502468,99.65937377230736,99.86483764648438,214232000
2007-11-27,100.42452208372008,101.4801983317624,99.86479139731439,101.01258850097656,293897900
2007-11-28,102.16040294111505,104.48432270854485,102.12497515951183,104.2434310913086,258596900
2007-11-29,103.88210433938933,104.66147245168564,103.51368560543409,104.27886962890625,199409900
2007-11-30,105.59669626551911,106.18476292683089,104.38514596739307,105.32746887207031,222908000
2007-12-03,104.99442002456735,105.17862929648234,104.35675258602271,104.63307189941406,146430400
2007-12-04,103.91045479526375,104.53393849746014,103.66247107448586,103.6978988647461,136533900
2007-12-05,104.81023669240072,105.71005048938189,104.73939193730205,105.43373107910156,171130000
2007-12-06,105.30623159945408,107.13419541175614,105.26372257305893,106.9428939819336,154457400
2007-12-07,107.28289181390541,107.33957407443732,106.66648979855395,106.92155456542969,148980100
2007-12-10,107.18374491695162,107.87100274513719,106.88617103428987,107.75055694580078,123914300
2007-12-11,107.7930470120647,108.32443116865323,104.73936112196873,104.7960433959961,250346400
2007-12-12,107.02785461001214,107.53090304488607,104.29299699849246,105.8304672241211,322435600
2007-12-13,105.08657803614877,105.84468078108759,104.36389226698707,105.61087036132812,237551300
2007-12-14,104.81022451576963,105.63919346134426,104.22216879149948,104.27175903320312,159152900
2007-12-17,103.87499401106555,104.0592033264469,102.63509742309344,102.78388977050781,177269400
2007-12-18,103.5136769541585,103.78290434323353,101.99746068962794,103.35780334472656,245569300
2007-12-19,103.400312363473,104.07339705272418,102.69179988825233,103.35780334472656,198917200
2007-12-20,104.03794877367805,104.05212204748254,102.86181570183264,104.00961303710938,214813800
2007-12-21,104.96759993895053,105.7154882739128,104.76816449874944,105.5089340209961,146084400
2007-12-24,106.00041880130438,106.47051048060086,105.7582378453068,106.29244232177734,45601400
2007-12-26,105.87929586601211,106.61293562364808,105.77245934535256,106.52034759521484,67093100
2007-12-27,106.14284659659941,106.14996540867484,104.93198557043782,105.1812744140625,122981700
2007-12-28,105.80097388014262,105.850838182121,104.63284717736698,104.91776275634766,116398100
2007-12-31,104.7753024812988,105.13855759007107,104.03453290036047,104.1413803100586,108126800
2008-01-02,104.36933136659133,104.69698163309256,102.48181281471989,103.22969055175781,204935600
2008-01-03,103.21544827018356,103.62856777523461,102.6171417601454,103.1798324584961,125133300
2008-01-04,102.0971654473132,102.16839706414895,100.3663480160767,100.65125274658203,232330900
2008-01-07,101.0073708940984,101.30652406775226,99.78939089196597,100.56576538085938,234991000
2008-01-08,101.19972953497978,101.78378763022803,98.60705675209276,98.94182586669922,326365700
2008-01-09,99.06996638374602,100.2808273007719,98.07990817372662,99.98167419433594,301824900
2008-01-10,99.49025668593775,101.7125551498932,99.26945386310189,100.63701629638672,335701200
2008-01-11,100.27372448428785,101.0714662287005,99.00588026831083,99.82498931884766,267076600
2008-01-14,100.54442119217431,101.04300992957451,100.00308696149466,100.62989044189453,170365500
2008-01-15,99.56857377890579,100.7794457940032,98.22237911041398,98.4146957397461,239940100
2008-01-16,97.83779820085807,99.09139449256817,97.06854222580152,97.56713104248047,378802600
2008-01-17,98.15829380916418,98.2081581123439,94.682399740785,95.03853607177734,397892600
2008-01-18,95.97161754173575,96.1710530075462,93.37894561778207,94.0627212524414,348561500
2008-01-22,90.60820541123242,94.32626417210491,89.74635613537086,93.10828399658203,435923700
2008-01-23,90.52270021942643,95.57983880298482,90.34463211251824,95.34478759765625,511913000
2008-01-24,95.78640751309007,96.4844424230102,94.95304995091983,96.14967346191406,259949300
2008-01-25,97.23232898590096,97.41039713640008,94.44735137209219,94.7607421875,269603900
2008-01-28,94.9174360566629,96.52717897470828,94.0627111707398,96.32774353027344,217934600
2008-01-29,96.94029567784621,97.18958454228995,96.07132232179549,96.80496215820312,168968300
2008-01-30,96.56994914089178,98.67827057778452,95.87192482839275,96.09272766113281,334939200
2008-01-31,95.01718582267014,98.67826752791832,94.87473343837813,97.84490966796875,343680800
2008-02-01,98.25087977084935,99.44037365522334,97.95172659649334,99.41900634765625,206843600
2008-02-04,99.15547906780175,99.21958099702753,98.03720580535703,98.16542053222656,124694300
2008-02-05,96.8263671940421,97.0471700254279,95.20950487780016,95.53715515136719,286882500
2008-02-06,95.85765964381778,96.33488104051062,94.31202921525237,94.76788330078125,250792900
2008-02-07,93.87751273623373,96.00720044343754,93.82764844701673,95.39464569091797,297368100
2008-02-08,94.79634974712324,95.60122119527546,94.09120688825811,94.78211212158203,221643500
2008-02-11,94.80346859445464,95.60832908221337,94.04845065881071,95.26644134521484,188576300
2008-02-12,96.09269035487469,97.0898675570229,95.43027124540622,96.14967346191406,256654400
2008-02-13,96.87621077519321,97.62409932063076,96.2565369736344,97.13262939453125,181967800
2008-02-14,97.54574524735277,97.58136105645865,96.007233588699,96.27790069580078,215207200
2008-02-15,95.80064630241962,96.31348334540766,95.38040815754243,96.25650024414062,154110300
2008-02-19,97.38192385289994,97.50300890699266,95.87902802981453,96.5271987915039,145190000
2008-02-20,95.4374071466807,97.26082321711652,95.27357662760868,96.81208801269531,220085700
2008-02-21,97.33915906756087,97.58844791282726,95.49437596524461,96.0072021484375,201051200
2008-02-22,96.13537795070788,96.76218095317145,94.6324832013726,96.59835052490234,205491000
2008-02-25,96.54141703524253,98.04431255655585,96.00009380768378,97.81639099121094,190107000
2008-02-26,97.40328183345004,98.97027944063369,97.22521367653331,98.55004119873047,212420700
2008-02-27,97.98022246214148,99.10561453574478,97.87338591368021,98.45032501220703,168395800
2008-02-28,97.75235609401416,98.2651935531893,97.26088595660265,97.48880767822266,170831100
2008-02-29,96.58416665562858,96.64113889809306,94.57555275361655,95.31632232666016,252715200
2008-03-03,94.83199080637542,95.30921223110865,94.1909496969533,95.08840942382812,189483500
2008-03-04,94.18380926399261,95.01716695849201,93.30059813567776,94.72514343261719,282513100
2008-03-05,95.03143661003179,95.99300924689354,94.2621806742265,95.32347106933594,270681400
2008-03-06,94.71804171052425,94.8889911092507,92.98722388065683,93.35047912597656,247911700
2008-03-07,92.43163538176583,93.83481353186708,91.58402909259183,92.38890075683594,326434600
2008-03-10,92.4814852331856,92.54558716809333,90.87887164997846,91.17090606689453,235683600
2008-03-11,93.10827360455019,94.53281878103546,91.84754808020392,94.44734954833984,341440600
2008-03-12,94.54708010284472,95.28072009879175,93.42168795653309,93.56414031982422,229161100
2008-03-13,92.31763694671984,94.47582170051109,91.59824565159462,93.77066802978516,351504200
2008-03-14,94.56844162556008,94.59692774910727,91.01419723295528,92.31765747070312,484687800
2008-03-17,90.15236350577129,92.06837354532125,89.79622712383583,91.38459777832031,405311100
2008-03-18,93.03705207720493,95.22373437683669,92.58119800608297,95.18099975585938,334416600
2008-03-19,95.5442397567616,95.90749484590337,92.62391794417098,92.8233642578125,345971600
2008-03-20,93.08966115779253,95.13684671320348,92.52417383727884,94.54273223876953,245320700
2008-03-24,95.42314740563346,97.21264461426726,95.37304716334828,96.43242645263672,208977300
2008-03-25,96.53259045468783,97.02649318928334,95.75237267620275,96.52543640136719,192947200
2008-03-26,96.24633508640008,96.69728101401516,95.28000210023454,95.34442138671875,196934300
2008-03-27,96.06021059740544,96.23200626612491,94.74314323722959,95.04377746582031,225153200
2008-03-28,95.19408705637757,95.45892911924817,93.81258968248333,94.13469696044922,180896100
2008-03-31,93.97724787742943,95.00800020662794,93.83409025886878,94.46399688720703,166692100
2008-04-01,95.63791168392676,97.94993956147104,95.56632740990393,97.78530883789062,254547300
2008-04-02,98.10027313957995,98.54406510592037,97.3343628263378,97.84973907470703,210910800
2008-04-03,97.32004810359817,98.37942768792215,97.14109833289757,98.09310150146484,175884800
2008-04-04,98.15033318919562,98.75161251411419,97.43453435106619,97.98570251464844,204446800
2008-04-07,98.6871810111131,99.18824892894804,97.87833576184843,98.03581237792969,154245500
2008-04-08,97.48465871534191,98.00718887972324,97.31286303892307,97.93561553955078,148937300
2008-04-09,97.78531215126452,97.9213157231802,96.55413686749641,97.22698974609375,195610600
2008-04-10,96.93348474030766,97.82823335619688,96.56126625787493,97.36296844482422,192967800
2008-04-11,96.26782694458424,96.71877296008913,95.20843638998157,95.4732894897461,222973300
2008-04-14,95.33726064593401,95.58778371655312,94.87914977044998,95.1511459350586,160522000
2008-04-15,95.6164005755788,95.69513887681221,94.7216521171184,95.37303161621094,172389200
2008-04-16,96.30357250760889,98.00002320982674,96.28926439460481,97.95707702636719,189268900
2008-04-17,97.36297061261592,98.24340021203092,97.10528256861342,98.1002426147461,179665700
2008-04-18,99.45315094442635,99.89694299056842,98.96640176800577,99.1238784790039,218530600
2008-04-21,98.94488928058738,99.48173851197063,98.67289309713324,99.1739501953125,118587400
2008-04-22,98.9162391309024,99.00213149284292,97.9928525511496,98.73728942871094,162166000
2008-04-23,98.84463020602587,99.33853300833438,98.15030466107338,98.57978820800781,193309000
2008-04-24,98.837504579304,100.02573326832258,98.0930676734659,99.0093002319336,229381300
2008-04-25,99.78236858256842,100.13311399768435,98.7158351445452,99.925537109375,190788100
2008-04-28,100.1259865269642,100.39082871187543,99.76808695936393,99.94703674316406,105610200
2008-04-29,99.77519483183329,100.01856380380896,99.21687263860774,99.55329895019531,125514100
2008-04-30,99.70361100866724,100.63415164209438,98.96633911132812,98.96633911132812,208395900
2008-05-01,99.05226008433137,101.01354217529297,98.97352176462104,101.01354217529297,187279500
2008-05-02,101.88682381244054,101.90829690798253,100.61270250656341,101.29270935058594,181585500
2008-05-05,100.96348409043473,101.36432991372064,100.50537301778947,100.8060073852539,118504500
2008-05-06,100.2261438908805,101.78657992099772,99.9899289930493,101.67921447753906,179339800
2008-05-07,101.5646798257609,101.67204526474734,99.58907929285893,99.86824035644531,199267300
2008-05-08,100.02572980669973,100.44089442785258,99.48171571997796,99.61056518554688,178321200
2008-05-09,99.20974566154825,99.77522206515701,99.10236925832886,99.42447662353516,152588200
2008-05-12,99.67499336243795,100.6126881413079,99.30277488914543,100.5411148071289,147865900
2008-05-13,100.78446550420654,100.84888476993842,100.01855560420937,100.55540466308594,159132200
2008-05-14,100.9777652504423,101.78661065390096,100.54112744483746,100.76302337646484,181910800
2008-05-15,100.95627519284221,102.09440378016104,100.80596353560891,102.02281951904297,166927000
2008-05-16,102.25906340222816,102.26621746147389,101.36431449625957,102.11590576171875,204236800
2008-05-19,102.22323150551024,103.28977571863298,101.85817802585144,102.39502716064453,165664400
2008-05-20,101.8367425698629,101.88684282806945,100.92767464076138,101.56473541259766,178552100
2008-05-21,101.50742641148885,101.72932229265685,99.49603352448479,99.8467788696289,252724800
2008-05-22,99.80381877124029,100.33351380106939,99.49603053814167,99.861083984375,170820400
2008-05-23,99.53184689710945,99.96848469663581,98.43667536951834,98.52256774902344,181376400
2008-05-27,98.63710559184518,99.49606221791434,98.44383680125615,99.25269317626953,168322900
2008-05-28,99.61771994149592,100.2118342696183,98.78023663719517,99.71077728271484,181288100
2008-05-29,99.58911143578588,100.8775408083573,99.55331930383109,100.21185302734375,173927200
2008-05-30,100.54831764350752,100.7415864917782,100.16894492941688,100.4624252319336,117362000
2008-06-02,100.09017537237239,100.11164846857108,98.78026189312256,99.42447662353516,181069900
2008-06-03,99.71076389627521,99.9398138071563,98.22905530297355,98.84464263916016,271965700
2008-06-04,98.56550241193084,99.61057357000212,98.39371767301019,98.79456329345703,246637700
2008-06-05,99.1954016430695,100.84889516732683,99.00929788213851,100.77015686035156,237867100
2008-06-06,99.88974007450885,100.06868980200807,97.50612839355232,97.55622863769531,384276300
2008-06-09,97.96426091834398,98.42237188513846,96.92635445381883,97.79246520996094,228263900
2008-06-10,97.1124106095073,98.13600845421216,96.88336069965843,97.30567932128906,260234900
2008-06-11,97.32715503334136,97.53473186105839,95.86691949507234,95.87408447265625,283890100
2008-06-12,96.3465655688936,97.2556225839684,95.57350121145062,96.23918914794922,252791800
2008-06-13,96.75452152293815,97.72085426221541,96.21767242827806,97.45600128173828,244726900
2008-06-16,97.02655234943782,98.01434749869993,96.96213306361702,97.51329040527344,185832500
2008-06-17,98.11457682492288,98.15035803810936,96.8977097542475,97.04087829589844,191707700
2008-06-18,96.41096923832247,97.00508372010351,95.70948927523048,96.09601593017578,265893000
2008-06-19,96.02442074754039,96.80464987121843,95.55915581843789,96.21768951416016,304204900
2008-06-20,95.56232042396454,95.74216520539032,94.39692975291878,94.6559066772461,289275700
2008-06-23,95.02277243556061,95.12348505962376,94.46885849163966,94.56237030029297,165096400
2008-06-24,94.27465355432116,95.27459027960357,93.65598695600465,94.3753662109375,267300600
2008-06-25,94.7566009939117,95.96515242252099,94.41130215385937,94.82134246826172,287853900
2008-06-26,93.92933475260068,94.54080040407085,92.13807683436788,92.24597930908203,297775000
2008-06-27,92.28195071058202,92.69919190870148,91.38992215714806,91.74241638183594,303423400
2008-06-30,92.00139987252797,92.73516968557217,91.57696880469894,92.06614685058594,258842600
2008-07-01,91.01588356706857,92.41867675630756,90.59145233549066,92.35393524169922,388622000
2008-07-02,92.64886883985264,92.91504668425299,90.60583396189973,90.77129364013672,288064600
2008-07-03,91.44026675816268,91.44026675816268,89.9151812751585,90.86476135253906,239352500
2008-07-07,91.21006384918594,91.60571900517839,89.1454441483194,89.93675994873047,372427300
2008-07-08,89.91520268295987,91.64171382246735,89.3468924689155,91.53380584716797,375973700
2008-07-09,91.72083318685719,91.89348263021411,89.48356379710755,89.77131652832031,336729400
2008-07-10,89.51234466787707,90.49070071612702,88.90087350982765,90.1382064819336,436475700
2008-07-11,89.18145922981,90.56986160001834,88.11677537293582,89.08793640136719,481124600
2008-07-14,90.10945060147527,90.2821000927812,88.05202541128264,88.2822265625,322720800
2008-07-15,87.62039010207118,88.836137236626,86.33989049611098,87.03768920898438,502502500
2008-07-16,87.36861183179622,89.61307717333453,87.11683018012407,89.17425537109375,371642900
2008-07-17,90.02312317893583,90.8288299530134,89.26777273521135,90.0662841796875,375490600
2008-07-18,90.76407394816343,90.9439187513365,90.03030956612554,90.62739562988281,267030100
2008-07-21,91.00866340454444,91.21728402949563,90.05908308763797,90.67774963378906,222863000
2008-07-22,90.03029677142742,91.9366525118249,89.81448084291938,91.70645141601562,296904200
2008-07-23,92.00138693750105,92.90780059545531,91.75680069315911,92.20281219482422,311698400
2008-07-24,92.32511488929096,92.3754766972699,90.03749452528812,90.28927612304688,248634500
2008-07-25,90.56262749084465,90.99425381994425,90.04467370055453,90.26768493652344,219131000
2008-07-28,90.28926389882835,90.68491907361678,88.78575886703827,88.94402313232422,205201300
2008-07-29,89.18863188612121,90.91513750288777,88.94404011440852,90.84320068359375,261505600
2008-07-30,91.44027501892617,92.5121537965236,90.84318906712521,92.4617919921875,354710000
2008-07-31,91.64892998075759,92.4906079886448,91.09500480959248,91.23888397216797,277402100
2008-08-01,91.44749276867431,91.56259059536232,90.25332057227068,90.75688934326172,248690900
2008-08-04,90.67057267032456,90.74250950663729,89.74976799329232,89.91522216796875,188239600
2008-08-05,90.65616548336239,92.48338933243244,89.90082060713495,92.33951568603516,251577600
2008-08-06,92.09487771900218,93.01568171154803,91.70641250556727,92.74950408935547,209555400
2008-08-07,92.05177053644515,92.39707500022531,91.03025329242239,91.36836242675781,246312500
2008-08-08,91.05899276984677,93.46890577108177,90.91511368053165,93.06605529785156,260811700
2008-08-11,93.13801054309818,94.60553903927699,92.96535561190211,94.03004455566406,249425800
2008-08-12,93.72071411316585,94.02285203678113,92.60567424327438,93.05169677734375,213200800
2008-08-13,92.64883100368644,93.26749747907408,91.84312991084826,92.4905776977539,256393200
2008-08-14,91.96542739804312,93.72071427072966,91.90068590934271,93.18836975097656,239555300
2008-08-15,93.46894657994011,93.87899804719851,93.0157450881129,93.6416015625,181000800
2008-08-18,93.82862804799005,93.86459920499465,91.83595547683613,92.36109924316406,172275100
2008-08-19,91.6633066991448,91.8575421786011,91.0230595779101,91.35397338867188,194673700
2008-08-20,91.64171280668594,92.04456338901561,90.8863624763903,91.77839660644531,225498200
2008-08-21,91.18133313756395,92.39708600236206,91.0734251367568,91.93668365478516,180609800
2008-08-22,92.56253605710249,93.26752471923828,91.93667955947174,93.26752471923828,167715300
2008-08-25,92.65604124691632,93.26750696820855,91.18131172192052,91.37554168701172,171936900
2008-08-26,91.37555133037031,91.98702809305026,91.05902818761625,91.6417236328125,159117200
2008-08-27,91.75680643708385,92.67761080730396,91.5769616620119,92.53373718261719,171032800
2008-08-28,93.0013452426101,93.76388546409785,92.87905209169752,93.6559829711914,167537100
2008-08-29,93.32505237362228,93.62000045425043,92.44740894829508,92.64883422851562,189195800
2008-09-02,93.54088333286724,94.03006693257663,91.73523987216942,92.07334899902344,252364900
2008-09-03,91.99422454833984,92.44024169812619,91.31081639652669,91.99422454833984,251947000
2008-09-04,91.3395939809987,91.52663414268385,89.17426067106722,89.22461700439453,340042500
2008-09-05,88.69224584191964,89.88641223933114,87.76424618674369,89.50514221191406,289503400
2008-09-08,92.10931834092318,92.25320297865775,89.50516885540674,91.35397338867188,364075300
2008-09-09,91.43309608477573,91.62013621529978,88.33976878865393,88.64190673828125,377326800
2008-09-10,89.12387240916159,89.85044680552814,88.15990709125647,89.00157928466797,298916600
2008-09-11,87.85058131196159,90.45473024939098,87.47650109092527,90.28927612304688,375369400
2008-09-12,89.41164082237376,90.79284755981699,89.08072705122137,90.7065200805664,297851200
2008-09-15,87.49809585893996,90.39000350613225,86.24637750560277,86.39025115966797,483607000
2008-09-16,84.31122316851116,87.99444591109453,84.16734955268065,87.836181640625,581744300
2008-09-17,86.0665206080705,87.65634786248322,83.44798095510518,83.88680267333984,624095600
2008-09-18,84.92271852225642,87.61319524947417,81.86535685864555,86.37586212158203,776114700
2008-09-19,91.6729045229445,92.61351271958097,89.23456791629943,89.80616760253906,501087800
2008-09-22,90.04494293587565,90.26200808925894,87.08565409791395,87.77301788330078,249966500
2008-09-23,87.4401694333574,88.28671340870717,85.58066416569926,85.7760238647461,327470400
2008-09-24,86.35485107347544,86.82515510097802,85.22612582362504,86.05096435546875,311818400
2008-09-25,86.39104979491178,88.20714457519051,85.69644906082576,87.39677429199219,328253000
2008-09-26,85.9786383652203,87.91049735256533,85.74710476584033,87.44019317626953,285917400
2008-09-29,86.20293849055258,86.3476449259726,80.2915917284784,80.58824157714844,459562300
2008-09-30,82.12938319765465,84.50984078576825,79.97322221601569,83.92376708984375,328154400
2008-10-01,83.40281129529447,84.4302466998767,82.44773461737827,83.97441101074219,332783000
2008-10-02,83.17125805332155,83.28702757245227,80.35667648174143,80.92827606201172,365337800
2008-10-03,81.65907075069947,83.5330446391992,79.3582035833837,79.83573913574219,461798000
2008-10-06,77.52763416309688,77.86770025899965,72.81736765043838,75.76942443847656,610637500
2008-10-07,77.30333325753388,77.65787331027113,72.1010627209917,72.37600708007812,540012100
2008-10-08,70.55992005502749,73.93163352070827,70.04620512102379,70.55268859863281,725414800
2008-10-09,72.10829300914979,72.80289357836477,65.29975120350127,65.6253433227539,534485200
2008-10-10,62.774583351384656,67.96962157778421,60.473716715844034,64.0335464477539,871026300
2008-10-13,67.91900761480575,73.33110809326172,65.08271384813467,73.33110809326172,455584000
2008-10-14,75.75500404634303,76.35554649049519,70.26331140023082,72.24581909179688,546268300
2008-10-15,70.51653369557526,70.7625413032186,64.90907277545939,65.13336944580078,484627500
2008-10-16,66.05223526309975,68.57016158805058,62.615406318492305,67.84661865234375,708811200
2008-10-17,66.55872102717922,71.33410386683737,66.31271904947032,67.44144439697266,476649000
2008-10-20,68.98984995945852,71.70313723253788,68.07818389004866,71.4933090209961,321294200
2008-10-21,70.16198193040202,71.37029769691074,68.89578138556806,69.35884857177734,356502000
2008-10-22,67.4342237745216,69.35885132886953,63.33173517102817,65.58195495605469,516168000
2008-10-23,65.32871326599327,66.8915636375303,62.087237446210985,66.3416748046875,634666400
2008-10-24,60.82101264322358,65.06097435584503,60.77760183694501,62.9771728515625,545812600
2008-10-27,62.203003849834516,64.76434719577293,60.5605578512991,60.7414436340332,397288600
2008-10-28,63.19425044065427,68.18669883486288,61.1610961367725,67.83940124511719,639939500
2008-10-29,67.84665323575817,70.30670157515856,66.63833724206062,67.347412109375,531270100
2008-10-30,69.30097759173569,69.85087205492044,67.21717483889496,69.6772232055664,414582100
2008-10-31,68.79449868067876,71.31966326640604,68.36037380224558,70.06069946289062,411394000
2008-11-03,70.02449698067969,70.6829238198358,69.42395491159795,70.26326751708984,205419400
2008-11-04,71.67418278874378,72.97656266893381,69.97385748752625,72.65097045898438,346793400
2008-11-05,71.77543969240732,72.86799080731274,68.73656230389149,69.59757995605469,387844100
2008-11-06,68.345881090191,69.05495576254064,65.16229032162182,65.74112701416016,477721900
2008-11-07,66.31275857171799,68.01308458223416,65.48068249672544,67.91178894042969,380391000
2008-11-10,68.88853191166582,69.12006546276967,65.78453161955179,67.02178955078125,301773000
2008-11-11,65.6687883087019,66.66727602761216,64.14211157720041,64.95247650146484,418498200
2008-11-12,63.8382204082989,64.35916688711266,61.58800056380464,62.094478607177734,454330600
2008-11-13,62.31875846329332,66.37060380041957,59.395643993598604,65.96541595458984,753141900
2008-11-14,64.6919953669784,66.60938028871215,62.60095059537759,62.673309326171875,540352300
2008-11-17,62.49964982330706,64.07697397265227,61.616931894759674,61.84122848510742,415254900
2008-11-18,61.60969936928946,63.10743344571083,59.98896428412626,63.00613784790039,523811800
2008-11-19,62.15960920509522,62.854210129136256,58.54912406757497,58.968780517578125,558327600
2008-11-20,57.97750978090664,59.69954598584338,54.301914827592974,54.59132766723633,814180400
2008-11-21,56.04564725328475,58.53463725664431,53.78819081859614,57.5361442565918,718536500
2008-11-24,59.2726496201643,62.94101292830187,58.14392414695145,61.52286911010742,523305300
2008-11-25,63.16529719736662,63.31724054350861,60.64736548368476,61.97868728637695,454112400
2008-11-26,60.994681955307435,64.5328070648656,60.951265618124545,64.37362670898438,370134200
2008-11-28,64.12763330343549,65.21294812839385,64.01910623709698,65.18400573730469,118308100
2008-12-01,63.31727592752191,63.34621832203649,59.22925516564281,59.41014099121094,369927100
2008-12-02,60.3941548739812,61.85570978379491,59.35948782429143,61.696529388427734,469508400
2008-12-03,60.343491614957756,63.548787554750824,60.15536887586373,63.179779052734375,519863500
2008-12-04,62.26810076204251,63.707955120404435,60.58948143990198,61.71821212768555,444173800
2008-12-05,60.52437983722992,63.97567790514385,59.50418144319891,63.62114334106445,471905300
2008-12-08,65.36489653498303,66.84092547211048,63.72969271500011,65.84243774414062,412859300
2008-12-09,65.38659511055205,66.66002705387054,64.38087059431268,64.75711059570312,370790000
2008-12-10,65.35040681513475,66.1028922352794,64.39533022806563,65.1984634399414,396187400
2008-12-11,64.78602821794938,65.84240012902474,63.215941539719175,63.628360748291016,365061000
2008-12-12,61.89910046231901,64.44596917142208,61.64585601823838,64.3880844116211,415060400
2008-12-15,64.40979918164228,64.50386331004437,62.43452976793323,63.490901947021484,256694200
2008-12-16,66.47915649414062,66.5804521146428,63.802048489102184,66.47915649414062,377699500
2008-12-17,65.7266800930065,66.87711697452772,65.16231712177643,65.83521270751953,281819800
2008-12-18,66.13187899374023,66.32723331573035,63.82377339283296,64.6052017211914,374673300
2008-12-19,64.9910677461961,66.09978494415103,64.25435485749024,64.32730102539062,301451300
2008-12-22,64.6117417113125,64.67738655234382,62.35784089742513,63.50302505493164,243759500
2008-12-23,63.8458512512128,64.13761908255846,62.58396331078,62.846553802490234,221625200
2008-12-24,63.05806790966395,63.364427135680145,62.72983263929851,63.21125030517578,62061600
2008-12-26,63.6342882638924,63.6780570342188,63.09452165991669,63.5759391784668,74767700
2008-12-29,63.63428839986174,63.69993877298874,62.438045888491544,63.393585205078125,127795900
2008-12-30,63.83124691170607,64.95454912040961,63.371710901550536,64.89619445800781,168256300
2008-12-31,64.9764652650264,66.35506289825636,64.8232883685575,65.82258605957031,193987200
2009-01-02,65.96845927331394,68.15670974299034,65.53810045380638,67.80658721923828,227566300
2009-01-05,67.56586867897398,68.31717257416628,67.02610186510496,67.7263412475586,240349700
2009-01-06,68.30258074373441,68.89340650205018,67.60234136517293,68.17858123779297,328260900
2009-01-07,67.1063175965463,67.29596744360785,65.79336567843747,66.13619232177734,280899200
2009-01-08,65.76419760457793,66.4425496411428,65.40677949487444,66.40608215332031,263834400
2009-01-09,66.49363991861374,66.61034371589726,62.26302014066889,64.9837417602539,330953600
2009-01-12,64.80137618462399,64.85244069542298,63.02889896715227,63.42277908325195,277858500
2009-01-13,63.262294410754045,64.10111891939104,62.87569899776607,63.53947067260742,356432300
2009-01-14,62.39432529188144,62.54750218044055,60.65831498986857,61.54090881347656,435491600
2009-01-15,61.35856167136954,62.182800899834646,59.60795971192054,61.56279754638672,532647300
2009-01-16,62.627732803593204,62.72255499313882,60.57807318296258,62.04419708251953,399237200
2009-01-20,61.43877182924945,62.04418346813193,58.38980976394345,58.76910400390625,419855200
2009-01-21,59.768402637981396,61.44605760958849,58.69615926210238,61.307472229003906,364360700
2009-01-22,60.118525001897794,61.300182097107864,59.20675409772557,60.35923385620117,427940300
2009-01-23,59.00983068494248,61.26372632495294,58.76912176270557,60.62184143066406,386800600
2009-01-26,60.971901523734054,62.26297139961772,60.40295774046505,61.03755187988281,317978800
2009-01-27,61.36584776025039,62.109856186996176,60.76043590379275,61.657615661621094,273789700
2009-01-28,63.0216038498406,64.15219639326766,62.78089500378554,63.74372482299805,330007000
2009-01-29,62.810060602365155,63.81665345457633,61.613817885821994,61.67217254638672,294392500
2009-01-30,61.985822574877155,62.292176198713456,59.96533555932321,60.41757583618164,383383600
2009-02-02,59.49852840693759,60.67288990514252,59.30887847992705,60.2352409362793,288233300
2009-02-03,60.61454113834747,61.53360795812282,59.97265629239831,61.08136749267578,278385800
2009-02-04,61.48981488330789,62.270290337378064,60.57074850958766,60.78227996826172,322989300
2009-02-05,60.32278624418274,62.211979248481256,56.69758827433156,61.686798095703125,417679400
2009-02-06,61.898294945782695,63.70724505070137,61.76699973131221,63.44466018676758,366101700
2009-02-09,63.43005529656834,63.998999250374,62.96322920293262,63.53217315673828,240075200
2009-02-10,62.926796033117846,63.48115445750933,60.14042358619026,60.62184143066406,536212800
2009-02-11,60.86982298191837,61.307477465377715,60.10393876588038,60.9792366027832,324442500
2009-02-12,59.9361602620077,61.13969875648719,59.119217237396725,61.02299499511719,469302200
2009-02-13,60.94273275728739,61.446026209069736,60.35190178301434,60.366493225097656,293998400
2009-02-17,58.470054526431724,60.512418268197955,57.74792787320988,57.784400939941406,478910100
2009-02-18,58.20017520601181,58.30958885417762,57.09875412715876,57.645816802978516,362964800
2009-02-19,58.23661985498883,58.46274278978386,56.90908183864035,57.02579116821289,316867500
2009-02-20,55.968168308905874,57.14252454756252,55.26792309857456,56.47146224975586,477176600
2009-02-23,57.09145116718236,57.09145116718236,54.40719708862069,54.450965881347656,379641400
2009-02-24,54.91778852751269,56.85803421528409,54.487429745313804,56.51521301269531,426260900
2009-02-25,56.267222106919455,57.20087489640791,55.16580097322154,56.070281982421875,461985800
2009-02-26,56.76321148703675,58.11263136687537,55.092846455125404,55.15849685668945,363353900
2009-02-27,53.9841397451846,55.20956021037554,53.838253043966255,53.925785064697266,470510900
2009-03-02,52.89730120660046,53.9184857878493,51.329059618084614,51.496822357177734,426452600
2009-03-03,52.23351631781455,52.29916113199814,50.796564913951045,51.11021423339844,443761000
2009-03-04,51.95635942192633,53.15260248979949,51.11023329025546,52.321067810058594,462753100
2009-03-05,51.13211450026523,52.321067397813856,49.72433991056639,50.183876037597656,485549400
2009-03-06,50.621538300987716,51.3874227724629,48.94387706154912,50.27141571044922,490470000
2009-03-09,49.56387077655922,51.059177486083726,49.40340375049598,49.680580139160156,379905300
2009-03-10,50.70175657006015,52.787888785278234,50.59963867686831,52.64200210571289,406227900
2009-03-11,53.24744240930904,53.79450517378824,52.39402583232393,52.9848518371582,356648300
2009-03-12,52.97023923108886,55.253311346698275,52.49611729465036,55.07095718383789,409702700
2009-03-13,55.44297458319286,56.15050979584449,54.50932193495476,55.50132369995117,337474700
2009-03-16,56.13590673029799,56.87261913143255,55.29707643970014,55.33354949951172,360644900
2009-03-17,55.486721665769515,57.15708638147844,55.0344813611866,57.02579116821289,356814300
2009-03-18,56.755903788617566,59.009803973380045,56.216137063547826,58.302268981933594,473273200
2009-03-19,59.031680319314,59.082739254093816,57.397788841353226,57.580142974853516,428520400
2009-03-20,57.86007075605969,57.970267539521664,56.22182610752287,56.354061126708984,371078200
2009-03-23,57.845378329389256,60.453344739989134,57.52948385378004,60.401920318603516,419933300
2009-03-24,59.681940403135286,60.50473630331424,59.145658243470685,59.21177291870117,330271000
2009-03-25,59.6745814256343,60.75449338715729,58.08041446323596,59.83619689941406,441775100
2009-03-26,60.423936378322495,61.195308020832634,59.74072325647737,61.05572509765625,422025200
2009-03-27,60.276992816487144,60.629615582418865,59.733357178015886,59.95375061035156,322332300
2009-03-30,58.62407313149169,58.67549753088545,57.272337254108365,57.88208770751953,324108500
2009-03-31,58.44777454774735,59.56442700821256,58.0731133502758,58.41838836669922,364238300
2009-04-01,57.69105531274026,59.81415625803085,57.544130122586544,59.549686431884766,377018300
2009-04-02,61.033706609114915,62.15770148814492,59.6011596103807,61.290828704833984,476230700
2009-04-03,61.33487310792848,61.915237309016135,60.73247068227925,61.90054702758789,284646300
2009-04-06,61.224699275495965,61.91526046246789,60.45333310319375,61.415706634521484,264866600
2009-04-07,60.42392415727897,60.7177802285556,59.880294068562144,59.9831428527832,258947800
2009-04-08,60.28435431900806,60.930838936803056,59.902345266997955,60.629634857177734,230402800
2009-04-09,62.20178184114922,63.046616441085995,61.95200767682169,63.039268493652344,269653500
2009-04-13,62.385424532912054,63.575539479557946,62.1356504356877,63.05394744873047,224847500
2009-04-14,62.46623239690901,63.00252029529059,61.76832893933893,61.966678619384766,276598800
2009-04-15,61.59200796881373,62.75273661408778,61.42304447522903,62.62784957885742,250726100
2009-04-16,63.12738806636085,64.02364653519878,62.275206045223726,63.5461311340332,335202900
2009-04-17,63.78859627189498,64.39099899414751,63.281694438043544,63.97225570678711,262649000
2009-04-20,62.84091483096492,63.95021942088584,61.22470839173975,61.290828704833984,293690100
2009-04-21,60.84263865034438,62.53964839748979,60.79121428239559,62.488224029541016,114090900
2009-04-22,61.92260281048982,63.428606499225566,61.760981644758964,62.10626220703125,340395200
2009-04-23,62.23112863729661,62.75272047811484,61.437718961895015,62.71599197387695,324903700
2009-04-24,63.20090131562623,64.14123698553597,62.95112710542514,63.663726806640625,287703000
2009-04-27,62.9437516360405,63.92082101782397,62.8409028174149,63.0612907409668,289581600
2009-04-28,62.42217164899083,63.61228123852637,62.26789839126739,62.862953186035156,247926300
2009-04-29,63.56082227675121,64.91255794123128,63.39920676471097,64.19995880126953,311505700
2009-04-30,65.05216715467994,65.39744214744944,63.85470417957777,64.2220230102539,301419800
2009-05-01,64.23669902698359,64.80236738507392,63.70775917769253,64.5672836303711,236110300
2009-05-04,65.05214640576332,66.80792940798659,64.92725378349014,66.76384735107422,287120000
2009-05-05,66.53611755371094,66.80058749972473,65.99982971739429,66.53611755371094,243036300
2009-05-06,67.35155114083871,67.73356008915864,66.5654894160705,67.68948364257812,291941000
2009-05-07,68.32861682334052,68.43146559692488,66.32305452876999,66.7491455078125,317728000
2009-05-08,67.60871609068953,68.48293686951628,67.17528247738856,68.30662536621094,299081700
2009-05-11,67.36624520381872,67.66744921859872,66.88138744969567,67.02831268310547,247923600
2009-05-12,67.31484449699042,67.46177538693759,66.00719040308252,66.82998657226562,282431300
2009-05-13,65.92638876605652,66.12474409320704,65.01543954406023,65.14767456054688,269619100
2009-05-14,65.1770763479361,66.20557054410325,65.01545511077293,65.70601654052734,260098700
2009-05-15,65.6545564412301,66.11737605587906,64.75829778014275,65.16969299316406,271502700
2009-05-18,65.78679711359145,67.10179344119011,65.06684982362914,67.02098846435547,241447400
2009-05-19,66.98425437847499,67.56461873587571,66.71243645771568,66.94017791748047,206102200
2009-05-20,67.54989349136142,68.17433964323902,66.41855704863985,66.49201965332031,285722200
2009-05-21,65.72066956644315,65.97044922901758,64.83910681523301,65.5370101928711,258988400
2009-05-22,65.72068039360438,66.11738537845595,65.1476639504322,65.3974380493164,166811900
2009-05-26,64.91255962465985,67.26339700884571,64.88317345675271,67.07239532470703,236318500
2009-05-27,67.17524261338785,67.4029784035464,65.77208255248482,65.87493133544922,246015800
2009-05-28,66.45534117750184,67.10182048662217,65.45623322396177,66.79327392578125,289095000
2009-05-29,67.160542422152,68.83551461430238,66.61691237492589,67.97599029541016,258641500
2009-06-01,68.81352727931767,69.91548407377394,68.63721576156044,69.62162780761719,276246800
2009-06-02,69.34978187943346,70.06238115900133,69.22489484822904,69.68036651611328,230874500
2009-06-03,69.08528277809452,69.1513974355981,68.1449480613523,68.79877471923828,235310500
2009-06-04,69.05591741755363,69.54812314334724,68.54167346595415,69.44527435302734,210102300
2009-06-05,70.15055473412188,70.28278974870851,68.90902079116856,69.45999908447266,284257900
2009-06-08,68.93838776677607,69.86403268625854,68.35068106610714,69.17347717285156,238565100
2009-06-09,69.56281901279529,69.89340360947699,69.07060768228784,69.52608489990234,225125500
2009-06-10,70.1432024555908,70.15054479630916,68.4608816324458,69.34979248046875,296100400
2009-06-11,69.48202899073391,70.6060236775683,69.4673330992964,69.65834045410156,275414200
2009-06-12,69.3497885683514,69.89341880737614,69.0559324158267,69.8493423461914,184361800
2009-06-15,69.0265627369256,69.07063920864428,67.88052963350982,68.24784851074219,224190500
2009-06-16,68.49025826980582,68.53433472733754,67.27810524412844,67.32218170166016,227319000
2009-06-17,67.2927786136278,67.82906633309995,66.72711033307928,67.25605010986328,223445200
2009-06-18,67.35891116656815,68.07885274577254,67.03566888742549,67.7482681274414,211725100
2009-06-19,68.3969163220643,68.48556717351175,67.61379810312009,67.99797058105469,215655600
2009-06-22,67.33308362247938,67.37002524731957,65.93677587832893,65.95893859863281,251913600
2009-06-23,66.09929950900366,66.40219936587378,65.64124936165162,66.0106430053711,188309800
2009-06-24,66.60911914767104,67.28880265656458,66.19539409471054,66.5795669555664,211577700
2009-06-25,66.24706185405468,68.09403027177562,66.17318424464591,68.02754211425781,279411000
2009-06-26,67.79854296135879,68.14577407304412,67.42914912109825,67.85025787353516,167579000
2009-06-29,68.04969864292624,68.57423694946154,67.67291554176718,68.48558044433594,168481300
2009-06-30,68.50035739827582,68.75154236757037,67.42911246202065,67.93148803710938,228888200
2009-07-01,68.21961068175791,68.87713650752221,68.12357037019649,68.21222686767578,173041100
2009-07-02,67.32567029969736,68.2343809654746,66.31353552133818,66.35047149658203,212309900
2009-07-06,65.70772886269414,66.43912654002241,65.50086936902542,66.34308624267578,174499600
2009-07-07,66.27658644565936,66.35785347314173,65.01326125002166,65.05758666992188,197088900
2009-07-08,65.4491645798791,65.60431487389592,64.27449547160755,65.0132827758789,248050500
2009-07-09,65.46395376667385,65.67820279495066,64.94680482704067,65.13888549804688,163777600
2009-07-10,64.79167827048443,65.37532122297443,64.53310370583766,64.9837646484375,173520300
2009-07-13,65.24230545312759,66.61645029876688,64.71037768881563,66.56473541259766,217413500
2009-07-14,66.7715742941914,67.00060212192307,66.29136720115305,66.94149780273438,181487400
2009-07-15,67.82805474104556,69.08399643169184,66.99322718848899,68.89929962158203,220877900
2009-07-16,68.70720799559886,69.8227782197686,68.57422607724419,68.7884750366211,231174500
2009-07-17,69.49030783724797,69.68239404768765,69.10614105286642,69.54202270507812,138561700
2009-07-20,69.94838596246171,70.39904669326734,69.5863817420851,70.28083801269531,164179400
2009-07-21,70.82756503511091,70.84972775995446,69.75631969682458,70.60592651367188,217718300
2009-07-22,70.15526839970052,71.01964852144525,70.10355349420729,70.59115600585938,196068100
2009-07-23,70.635469714914,72.460275648467,70.5763653651752,72.14998626708984,258795500
2009-07-24,71.81015307197084,72.50461522551755,71.43337545106975,72.44551086425781,154003100
2009-07-27,72.31248288913369,72.6966553565404,71.91353715905682,72.65971374511719,159259400
2009-07-28,72.1499749500803,72.67451328960894,71.70669803307008,72.31989288330078,186685200
2009-07-29,71.98744870047777,72.46765601889332,71.64760716039105,72.14259338378906,194399300
2009-07-30,73.01434208321152,73.75312930096374,72.84441854306887,72.89613342285156,225575400
2009-07-31,72.8813925656694,73.48719812814105,72.68191677173877,72.99959564208984,207358000
2009-08-03,73.76787862117055,74.27025399163755,73.368932976697,74.20376586914062,175776900
2009-08-04,73.87136605329566,74.49933434780539,73.71622134311103,74.39590454101562,176714600
2009-08-05,74.44759122905214,74.5140850147885,73.56843820453493,74.18163299560547,184726400
2009-08-06,74.5214919011935,74.63230550918131,73.45024671980373,73.79747772216797,193203800
2009-08-07,74.57317057478747,75.37844579635878,74.16683542119762,74.76525115966797,220640900
2009-08-10,74.42543347896572,74.78005387472403,74.07820253467112,74.6101303100586,130898700
2009-08-11,74.2776530919479,74.32936796166491,73.47976169931553,73.67923736572266,157301000
2009-08-12,73.55368697364695,75.03126207965995,73.51675097789764,74.46978759765625,219052400
2009-08-13,74.8096053597316,75.06817979359623,74.07081804211842,75.03862762451172,176449500
2009-08-14,75.00171413142216,75.0608184917567,73.65712093457236,74.46240234375,199616100
2009-08-17,73.0291415346981,73.10301915566494,72.48244037574212,72.63019561767578,237667500
2009-08-18,72.79272462919933,73.46502389651047,72.65974266624221,73.2064437866211,173461500
2009-08-19,72.63018938913166,74.10038041184809,72.55631177450034,73.84918975830078,192812800
2009-08-20,73.94522059082425,74.78005387472403,73.78269211412248,74.6101303100586,174131300
2009-08-21,75.22333794617045,76.19114770215265,75.075582710746,76.07294464111328,224605000
2009-08-24,76.38321524998287,76.79693431672091,75.79218318050034,76.06553649902344,191279000
2009-08-25,76.36843962814957,77.02595982599735,76.05076088699285,76.21329498291016,215310600
2009-08-26,75.97683345838941,76.56786516583816,75.71825920006661,76.22063446044922,194620700
2009-08-27,76.17636835079641,76.62702911030848,75.31198845592918,76.39061737060547,196230100
2009-08-28,77.00382841561914,77.09247931379646,75.85131601079885,76.3758544921875,147024400
2009-08-31,75.62967882234048,75.7848235218182,75.20118071721075,75.6961669921875,176051600
2009-09-01,75.31936710358816,76.27240344913996,73.87134459269943,74.0264892578125,321276800
2009-09-02,73.71619063158052,74.20379292030384,73.56104598603201,73.74574279785156,171805000
2009-09-03,74.17424330633682,74.44759098987593,73.57582178263046,74.35894012451172,143572300
2009-09-04,74.50671029185399,75.42280511581279,74.28507744742079,75.40064239501953,142687900
2009-09-08,76.09509142525447,76.13203304462391,75.64443072414609,76.05076599121094,132909100
2009-09-09,76.18372359809813,76.89295849877617,75.94731196453877,76.63438415527344,154612500
2009-09-10,76.68610568280324,77.46921823012467,76.25760779836386,77.4175033569336,162902400
2009-09-11,77.56528987201509,77.79431780569826,77.04075147867742,77.40275573730469,152360100
2009-09-14,76.74521488539048,77.91250005336937,76.20590336770984,77.7795181274414,149593800
2009-09-15,77.9051156495654,78.39271795505437,77.39535626423552,78.1045913696289,196795900
2009-09-16,78.3853000464628,79.3013943537804,78.11195246216909,79.28662109375,206406300
2009-09-17,79.17586373696537,79.8333842334172,78.73259231547566,79.1684799194336,229170900
2009-09-18,79.53813271670413,79.5455573665186,78.95170997502684,79.21894073486328,153799100
2009-09-21,78.60276604144023,79.42672598840619,78.43203886733043,79.0184555053711,151892000
2009-09-22,79.48614626611025,79.70141573561664,79.12983681163674,79.47872161865234,143126700
2009-09-23,79.66430575113048,80.19134250391926,78.6770370889986,78.81807708740234,225947400
2009-09-24,78.9888226288814,79.15954992051527,77.60813234371616,77.94959259033203,228636800
2009-09-25,77.77886751255255,78.20940660493851,77.26667425908137,77.53390502929688,204059000
2009-09-28,77.83083611660047,79.09276057635304,77.81599247833596,78.92202758789062,118285800
2009-09-29,79.06303361292768,79.44160569092656,78.52114760420365,78.68445587158203,133733900
2009-09-30,78.95169065989886,79.02592014983836,77.66007941224109,78.38011169433594,254383000
2009-10-01,76.45755576044841,78.48405463315679,76.42043817677886,76.43528747558594,281840600
2009-10-02,75.73007180335019,76.53176381378684,75.70780352472914,76.0789566040039,224748800
2009-10-05,76.38332690775329,77.43740059811843,76.16063273053331,77.21470642089844,149875000
2009-10-06,77.77142142746091,78.76611472318795,77.72688486581616,78.32073211669922,202491100
2009-10-07,78.1425988186228,78.61768016492275,77.99413979145642,78.53602600097656,159200300
2009-10-08,79.09273150463362,79.55295774520984,78.57311374278201,79.13726806640625,183305800
2009-10-09,79.15953434308067,79.61976623535156,78.95168950894123,79.61976623535156,135008300
2009-10-12,79.99093494026985,80.23589173492816,79.63462539559254,79.93154907226562,118031000
2009-10-13,79.71626541408152,79.95380318063347,79.24861452899873,79.76822662353516,157692700
2009-10-14,80.70355954450069,81.22317180313885,79.73855887748827,81.14151763916016,191421600
2009-10-15,80.74809320350009,81.43843841552734,80.71098127970858,81.43843841552734,173873600
2009-10-16,80.76291470561691,81.11179385324878,80.33980040925593,80.82971954345703,192069400
2009-10-19,80.96337165311213,81.7502147495451,80.71099015552016,81.49783325195312,159530400
2009-10-20,81.6165580723025,81.64625099759306,80.67383176354915,81.06725311279297,180921100
2009-10-21,80.9410872088322,81.88381380621178,80.28043499305362,80.3398208618164,225379300
2009-10-22,80.31011290289693,81.41614760078146,79.79791979149904,81.15634155273438,238444000
2009-10-23,81.42357575506566,81.47553696691261,79.89442100306727,80.22846221923828,240033200
2009-10-26,80.3175170818235,81.14147729898869,79.13725311111696,79.35994720458984,242028200
2009-10-27,79.44904602532353,79.71627675864293,78.80324313925823,78.9962387084961,253266300
2009-10-28,78.79580742102647,79.0407698360485,77.45965394213094,77.50419616699219,248821400
2009-10-29,78.08324038826446,79.32289116730455,77.89766372086264,79.16700744628906,198110600
2009-10-30,78.90715309160608,79.14469085438928,76.78415685901692,76.87322998046875,325608100
2009-11-02,77.29633033234649,78.24648687516233,76.51691234372477,77.43737030029297,254222900
2009-11-03,77.00683362699853,77.7936819481481,76.85837467156826,77.68233489990234,228362600
2009-11-04,78.32071499085669,78.92940574140746,77.68233131791978,77.88275146484375,247996700
2009-11-05,78.43210410074525,79.3377132341857,78.26879577170469,79.31544494628906,180015300
2009-11-06,78.8774819498206,79.72371081742894,78.72159828087682,79.52328491210938,170954100
2009-11-09,80.13196489783586,81.3790397407119,80.07258469644006,81.33450317382812,159495700
2009-11-10,81.14150510423902,81.60173707889862,80.88912366427432,81.34934997558594,171899800
2009-11-11,81.88381887694227,82.26239673456362,81.37163130135298,81.76505279541016,169466200
2009-11-12,81.65370819507402,82.07682263827819,80.72582514740273,80.93367004394531,157144500
2009-11-13,81.14146333071669,81.72046107805811,80.72577380202954,81.37158203125,150963000
2009-11-16,81.93576431745137,82.9081893854754,81.89122775337378,82.5518798828125,210922200
2009-11-17,82.33663199595658,82.68551694173291,82.02486463888582,82.64839935302734,147134100
2009-11-18,82.5890089313355,82.71519965597834,82.07681571992276,82.59642791748047,156486800
2009-11-19,82.0322967760583,82.62613860610273,81.00791013312138,81.52010345458984,208734600
2009-11-20,81.09695258920092,81.4755303380547,80.91880068641258,81.2305679321289,134196000
2009-11-23,82.1881453887759,82.94529523949979,82.09906660378314,82.26237487792969,148010200
2009-11-24,82.39600497151402,82.54446397639376,81.66112326966768,82.38858032226562,138420100
2009-11-25,82.52220927675336,82.76717177214371,82.26240314377068,82.67809295654297,109564800
2009-11-27,80.4660061395076,81.89123291326658,80.38435199132213,81.33450317382812,126001800
2009-11-30,81.26770873534664,81.80216459646877,80.25817155875735,81.60916900634766,160874800
2009-12-01,82.33663329233994,82.88594416441698,82.19559891240577,82.61871337890625,159613700
2009-12-02,82.60386466290383,83.14575088829106,82.33663387550041,82.58159637451172,132315100
2009-12-03,82.80427081077126,83.27192174537373,81.86896327821863,81.9357681274414,167324900
2009-12-04,83.01953707262007,83.42038316966776,81.68338907914229,82.40342712402344,274907800
2009-12-07,82.32918091956527,82.7894071253788,82.0174080206649,82.27721405029297,127973800
2009-12-08,81.68338106446394,82.22526145970112,81.11180207604704,81.36418914794922,169863700
2009-12-09,81.34192241750486,81.78730504678995,80.92622705527104,81.66853332519531,155063400
2009-12-10,82.17332838740798,82.48510142573726,81.98775175991757,82.12879180908203,138014600
2009-12-11,82.47767639160156,82.66325301822954,82.10652313834564,82.47767639160156,124854000
2009-12-14,83.04180145263672,83.13829922543268,82.49249075514442,83.04180145263672,107141500
2009-12-15,82.73748455407646,83.07894487579782,82.39602423235512,82.65583038330078,120408800
2009-12-16,82.98983290878357,83.23478964321198,82.59640587750236,82.781982421875,155358200
2009-12-17,82.18816148460141,82.34404514135691,81.71308586496136,81.78731536865234,183390100
2009-12-18,82.24254300923211,82.31717782318253,81.55594599404856,82.25000762939453,174591200
2009-12-21,82.66046899593395,83.36198949535634,82.66046899593395,83.08586120605469,118039600
2009-12-22,83.26499587287691,83.56351810548921,83.16051394553831,83.38440704345703,91707500
2009-12-23,83.5859090292643,83.66800278828224,83.21275764966937,83.54859161376953,111783100
2009-12-24,83.72769386852679,84.0336749859832,83.58589454682124,83.94412231445312,39677500
2009-12-28,84.25761052568471,84.32477506318907,83.8247534156342,84.12327575683594,87508500
2009-12-29,84.3396772467181,84.35460079676108,83.99637865734684,84.00383758544922,80572500
2009-12-30,83.75753053663486,84.07097621433735,83.71274851565157,83.97395324707031,73138400
2009-12-31,84.1605778243465,84.18297169478258,83.13068184402408,83.16799926757812,90637900
2010-01-04,83.86204126108557,84.62326755347884,83.22022044674857,84.5784912109375,118944600
2010-01-05,84.52623222275905,84.8396779413871,84.22024543040534,84.80236053466797,111579900
2010-01-06,84.72023077665351,85.07099375287589,84.65306630571786,84.86203002929688,116074400
2010-01-07,84.70534054933243,85.32477304057522,84.46652395791597,85.22029113769531,131091100
2010-01-08,84.99638981336251,85.54119313431706,84.82474342985138,85.50387573242188,126402800
2010-01-11,85.88451871805663,85.92183043789896,85.25762147002342,85.6233139038086,106375700
2010-01-12,85.05612008260923,85.23523113728774,84.49639305463084,84.82476806640625,163333500
2010-01-13,85.04120962799382,85.78005356772005,84.60835829137811,85.5412368774414,161822000
2010-01-14,85.44419274584723,85.92929062949273,85.39195178569081,85.77256774902344,115718800
2010-01-15,85.62328712749255,85.7053751630101,84.48143953571027,84.809814453125,212283100
2010-01-19,84.79493376185906,85.92184699098038,84.77253989303392,85.8696060180664,139172700
2010-01-20,85.28744116045165,85.41431120758307,84.31725141353199,84.99638366699219,216490200
2010-01-21,85.0188000029724,85.2800048024012,83.25752522134177,83.36200714111328,344859600
2010-01-22,82.98885626345728,83.39186039646722,81.41415714318863,81.50371551513672,345942400
2010-01-25,82.24999815325174,82.3992620701188,81.65295956729226,81.92162322998047,186937500
2010-01-26,81.60071152794524,82.4440369857457,81.37682419723488,81.57832336425781,211168800
2010-01-27,81.47386812644613,82.15300634761331,80.84697656275765,81.9664306640625,271863600
2010-01-28,82.23507410873147,82.27985043660136,80.5335053236414,81.02606201171875,316104000
2010-01-29,81.37684737541109,81.94403902366616,80.01857668442182,80.14544677734375,310677600
2010-02-01,80.71265205471485,81.39924929052985,80.22755407733993,81.39178466796875,187865000
2010-02-02,81.54102158449116,82.53359968978535,81.25742295968982,82.37687683105469,216327900
2010-02-03,82.00374238446987,82.4515285800622,81.72761401687099,81.9664306640625,172730700
2010-02-04,81.33208759496962,81.36939932139416,79.42154841549187,79.43647766113281,356715700
2010-02-05,79.52602739370192,79.76484407050012,78.04835098533769,79.60066223144531,493585800
2010-02-08,79.66034181998519,80.10066333628377,78.9662801403368,79.02598571777344,224166900
2010-02-09,79.95140737090527,80.71263932459121,79.30958658400843,80.0185775756836,337820500
2010-02-10,79.89171497711537,80.30217809032912,79.19018854100392,79.86186218261719,240511500
2010-02-11,79.75734821495706,80.78724358922346,79.29463862683596,80.69768524169922,223591600
2010-02-12,79.84691888086931,80.67531527737461,79.48869679763517,80.63053894042969,304622100
2010-02-16,81.24250197370367,81.98133995781451,80.46634658183653,81.89924621582031,159317500
2010-02-17,82.29478192418765,82.39926952236262,81.89924247293054,82.28732299804688,168845100
2010-02-18,82.15301299269727,82.9440921329123,82.12316019765389,82.77244567871094,193708600
2010-02-19,82.55600925686171,83.26499456608053,82.36196895463337,82.94408416748047,222684900
2010-02-22,83.25008781652528,83.27247599171605,82.71274883659062,82.95903015136719,132346900
2010-02-23,82.73511237089707,82.98885253927342,81.73506385745304,81.95149230957031,207497000
2010-02-24,82.19780552008083,82.83962650526847,81.98884160747828,82.70529174804688,176350700
2010-02-25,81.52613220188199,82.65305124427313,81.30224473445409,82.59334564208984,259634700
2010-02-26,82.66794938873923,82.92915989454447,82.17539255672045,82.64556121826172,173589300
2010-03-01,82.98884881023858,83.58589318193008,82.96646064272164,83.50379943847656,147709700
2010-03-02,83.86201369133983,84.13814197135139,83.58587971749209,83.73513793945312,160992400
2010-03-03,83.95153170337902,84.30975925962932,83.60076876329727,83.80973815917969,150785000
2010-03-04,83.92174587590597,84.18295640566502,83.60830007280117,84.06354522705078,135770400
2010-03-05,84.60833141738773,85.33224018741423,84.40682651825183,85.26507568359375,176118800
2010-03-08,85.27256273876284,85.46659737451812,85.13076337938584,85.28002166748047,114631200
2010-03-09,85.02628200370545,85.81736118477113,84.98150565574738,85.42182159423828,154556700
2010-03-10,85.45912301412629,86.0337735827464,85.38449388355504,85.80242156982422,186088800
2010-03-11,85.60091750564074,86.18303839509808,85.33971269912396,86.16064453125,160791100
2010-03-12,86.53378513340905,86.5487143741201,85.92928184286369,86.16809844970703,162074800
2010-03-15,86.01885953156359,86.25021157002952,85.52629696650133,86.19050598144531,146816800
2010-03-16,86.42934227879337,86.95921668673013,86.1905255640354,86.87712860107422,168673000
2010-03-17,87.13828867073781,87.6756274260053,86.8845428390452,87.39202880859375,177468100
2010-03-18,87.39949284328902,87.5188982915286,86.99648877953676,87.34725189208984,196509100
2010-03-19,86.9051284790039,87.89430448886382,86.56790587639969,86.9051284790039,226641100
2010-03-22,86.41053545549592,87.52710969209247,86.35807936981776,87.36973571777344,184477800
2010-03-23,87.49713454711278,88.0591664904984,87.21236803673527,87.9842300415039,182941600
2010-03-24,87.65452093807443,87.99923324858663,86.61288864490245,87.55709838867188,196072600
2010-03-25,88.14909627227749,88.55375999582914,87.30979881657197,87.41471099853516,223396300
2010-03-26,87.57955570069194,87.99170897865872,87.01752382568678,87.36223602294922,205808500
2010-03-29,87.80437865793093,88.07415445721718,87.44468140373912,87.91678619384766,134513500
2010-03-30,88.02167580381709,88.29894689235799,87.6095225674968,87.97671508789062,145772500
2010-03-31,87.63947747901986,88.06662135863623,87.38469250958799,87.67694854736328,161078700
2010-04-01,88.27650451660156,88.61372146570898,87.75193783019631,88.27650451660156,161215200
2010-04-05,88.6137120247954,89.05584112062225,88.36641657257778,88.99589538574219,105847600
2010-04-06,88.74109623007222,89.3630796239216,88.64367941742583,89.2057113647461,110384200
2010-04-07,89.02588669011416,89.44553549413304,88.28400020364147,88.69615936279297,184576300
2010-04-08,88.3888841895296,89.15325080117893,88.12660377074184,89.00337219238281,158704000
2010-04-09,89.19072419329923,89.6253636220025,89.02586628471147,89.58789825439453,133006500
2010-04-12,89.70030991678492,89.962596105244,89.59539772831548,89.73028564453125,110279000
2010-04-13,89.64039167878344,89.95512834074782,89.17577633210705,89.79776000976562,125043600
2010-04-14,90.12743386434899,90.81686401367188,89.98505633602016,90.81686401367188,161609000
2010-04-15,90.66703815258833,91.10167778456864,90.63706241411167,90.89185333251953,144615300
2010-04-16,90.569582477017,90.89181438093959,88.98839868303457,89.44551849365234,366786700
2010-04-19,89.18322519871465,89.87264963708692,88.77856153690024,89.78272247314453,217947800
2010-04-20,90.3447565206894,90.6594987432898,89.8276910383229,90.58455657958984,157708000
2010-04-21,90.63702225436757,90.846852330732,89.91762200154444,90.41970825195312,192910100
2010-04-22,89.78273934227488,90.80189118930512,89.2656737749872,90.68948364257812,115360300
2010-04-23,90.62950276652874,91.31892706712793,90.39719240208969,91.28145599365234,177335500
2010-04-26,91.31147852403322,91.51381327688469,90.84686899151774,90.9367904663086,143457300
2010-04-27,90.4122163395131,90.9292818963118,88.61371278022071,88.78607177734375,355853300
2010-04-28,89.2132128957222,89.68531770590404,88.62869482755919,89.46050262451172,300674100
2010-04-29,90.00003757796122,90.7569087800383,89.97755721744237,90.56956481933594,193775000
2010-04-30,90.58457147909883,90.68199402101925,89.01088297639131,89.03336334228516,270000900
2010-05-03,89.46049761229035,90.43468862069582,89.32560971446937,90.18739318847656,182747900
2010-05-04,89.18324001403741,89.19822501854169,87.61704118957795,88.06666564941406,360353400
2010-05-05,87.34725964951731,88.27648995190971,86.90513057953264,87.54209899902344,328973200
2010-05-06,87.12245725929161,87.67699391053546,78.6844817145831,84.63452911376953,647356600
2010-05-07,84.40969353916987,85.25648617391734,81.98921279545765,83.37555694580078,637558800
2010-05-10,86.78522970445783,87.41470849549758,86.11079590180199,87.04751586914062,396159600
2010-05-11,86.23069693776877,87.94676868068834,86.11079974958011,86.80022430419922,317849800
2010-05-12,87.14491766695662,88.141588912564,86.995039067645,88.01419067382812,235607100
2010-05-13,87.7743930091856,88.18655202184905,86.84516853742561,86.92010498046875,234452500
2010-05-14,86.2681165962743,86.42548477792973,84.58202158488949,85.34638214111328,345601400
2010-05-17,85.57871663627525,85.8185166707662,83.75773315904318,85.39137268066406,325739800
2010-05-18,86.08829976550837,86.34309053985473,83.95257963287163,84.22985076904297,360556800
2010-05-19,83.75774904261449,84.50712500716867,82.70113190558125,83.75025939941406,394742700
2010-05-20,81.966762913222,82.34894635841617,80.53545741029706,80.5879135131836,530418300
2010-05-21,79.36641112730284,81.96674092103537,78.95425206000314,81.76441192626953,500909400
2010-05-24,81.32230203047465,81.97426137726299,80.64037266714843,80.7153091430664,269823000
2010-05-25,78.76691354434186,80.83519295052858,78.21986653674242,80.79772186279297,396505200
2010-05-26,81.29229415453732,82.03417464000444,80.07080786852627,80.31060791015625,349719300
2010-05-27,81.82433486678512,83.03083020639122,81.51708808415914,83.0008544921875,300870500
2010-05-28,82.9109563643749,82.97090781376244,81.56957270007452,81.9592514038086,297933500
2010-06-01,81.19490201225848,82.39390266897796,80.46051661133048,80.58041381835938,277909400
2010-06-02,80.99256896313395,82.68615480556701,80.56542482166567,82.67866516113281,240243700
2010-06-03,82.91847157285139,83.22571281925748,82.11663932653649,82.96343231201172,226618300
2010-06-04,81.38973901313035,81.92929072211521,79.77857924804664,80.04835510253906,398475600
2010-06-07,80.33309843028104,80.64034530978338,78.99172052973991,79.05166625976562,264609100
2010-06-08,79.11165117882874,80.05586686296434,78.42222639492081,79.89849853515625,357774300
2010-06-09,80.36307459109037,81.14242625851112,79.13409850096508,79.47132110595703,268023300
2010-06-10,80.82768459611988,81.8917969962413,79.46382069415576,81.79438018798828,317890600
2010-06-11,81.07499021327725,82.24401492851581,81.02253412265206,82.19155883789062,214128200
2010-06-14,82.82102881326155,83.27065896433628,81.98173139479644,82.06416320800781,207196100
2010-06-15,82.6411495080122,84.00501302405662,82.4987662985368,83.9300765991211,238268700
2010-06-16,83.49545233866718,84.24482815728874,83.33058874380502,83.90011596679688,216374000
2010-06-17,84.13991581910807,84.17738689687206,83.21818676586477,84.03500366210938,263185800
2010-06-18,84.20143739961964,84.42731637093948,83.85508504800633,84.12614440917969,174006600
2010-06-21,85.17272954942077,85.23296049300362,83.41837478467892,83.88520050048828,213140700
2010-06-22,83.88517822402751,84.25411778762687,82.3792958891083,82.49976348876953,239355400
2010-06-23,82.55250031033022,82.8461470169538,81.67909121343347,82.2437973022461,254639900
2010-06-24,81.83715869196966,81.94256997184901,80.67009785039755,80.88092041015625,268523600
2010-06-25,81.1218939229481,81.6338942359033,80.39153994400608,81.21977996826172,238726500
2010-06-28,81.3402692727031,81.55862299689886,80.67015179770023,80.96379852294922,169218600
2010-06-29,79.82681077438353,80.94869711961742,77.96705113214225,78.4639892578125,373649500
2010-06-30,78.24564631271105,78.96846915862811,77.46258679351288,77.71858978271484,284101700
2010-07-01,77.66592305496329,77.92192042798278,76.14497788700527,77.37227630615234,382924800
2010-07-02,77.6357405339923,77.86915038640907,76.51386014544539,76.9505615234375,233385200
2010-07-06,78.0348404323037,78.5844901409957,76.7096620584125,77.455078125,256935300
2010-07-07,77.65084719625962,79.99249549070558,77.56802317983968,79.89461517333984,253769400
2010-07-08,80.56472255233568,80.77554520625199,79.74401925752053,80.68519592285156,210842100
2010-07-09,80.66259400522135,81.29506764204612,80.51200805308899,81.28753662109375,144999900
2010-07-12,81.0164831175862,81.4983650923261,80.67766182876439,81.34024810791016,131283600
2010-07-13,82.183548964731,82.89130992285835,82.01790094969485,82.56755065917969,213025900
2010-07-14,82.3040173998059,82.88378545811713,81.96519608899094,82.56002044677734,184426800
2010-07-15,82.52989779244974,82.86871908556662,81.44566046329756,82.58260345458984,232337900
2010-07-16,82.13836533123508,82.22872035708893,80.15060071834121,80.30872344970703,282693400
2010-07-19,80.60234628329026,81.03904775131274,79.97740379758021,80.78305053710938,186709000
2010-07-20,79.7138923923774,81.73930045337491,79.67624303199482,81.67906951904297,258162400
2010-07-21,82.10071927754906,82.12330659722113,80.28612800407694,80.61742401123047,264527000
2010-07-22,81.57365771618625,82.77836839224103,81.56613243921343,82.41695404052734,274781300
2010-07-23,82.25130982644482,83.25272318066551,82.01789985083192,83.13225555419922,222020800
2010-07-26,83.27533808424556,84.08098534975954,83.04192803132204,83.99816131591797,184445700
2010-07-27,84.4574435101486,84.54779855477692,83.65932738830477,83.9906234741211,204855600
2010-07-28,83.8173953071316,84.07339824469952,83.16986556117561,83.44845581054688,163056200
2010-07-29,83.96801526111072,84.19389995969986,82.37931432711683,83.04190063476562,220149100
2010-07-30,82.1985907665547,83.47106325355294,82.0555358424706,83.02682495117188,220070600
2010-08-02,84.32188912408287,85.03718675950473,83.98306785879441,84.90165710449219,188263200
2010-08-03,84.69083775250571,84.90918566868825,84.2164810693516,84.49507141113281,146657300
2010-08-04,84.72843471059379,85.16514179144006,84.44985026671279,85.05973052978516,158171700
2010-08-05,84.51765018363618,85.01459413583287,84.38965155758024,84.96941375732422,140473800
2010-08-06,84.13365678365392,84.75859942298433,83.51624516555856,84.6230697631836,239728300
2010-08-09,85.02210819520451,85.21787449095399,84.57034468111591,85.07481384277344,120800400
2010-08-10,84.3520036442624,85.06730124729769,83.85506542804018,84.61553192138672,242916300
2010-08-11,83.3129555009676,83.34307384212775,82.16095623790133,82.2964859008789,273406900
2010-08-12,81.05410554272731,82.08563110935576,81.01645619226574,81.79198455810547,239542600
2010-08-13,81.53601486841802,82.04048416570384,81.45319086504438,81.55107116699219,158698500
2010-08-16,80.99387365053862,81.77693308149183,80.70022708199176,81.5134048461914,147895300
2010-08-17,82.21365962865588,83.11718686056659,81.98024392723154,82.51483154296875,172270300
2010-08-18,82.47721566780163,83.1096837939777,82.00286457316957,82.66545104980469,182922100
2010-08-19,82.23623139699366,82.43952297516122,80.88846608070621,81.22728729248047,265847600
2010-08-20,80.98638584881641,81.27250729510152,80.37650507245122,80.96379852294922,209714200
2010-08-23,81.34778739363735,81.7468454059641,80.61743333583777,80.65508270263672,163490300
2010-08-24,79.77414265405163,80.10543872332873,79.0362632654637,79.4579086303711,280677800
2010-08-25,79.02118555440069,80.0677734808785,78.52424729348728,79.7666015625,272234800
2010-08-26,80.14307582363966,80.24848714872897,78.96848345988019,79.23201751708984,224439500
2010-08-27,79.72896597667419,80.5421440835703,78.53931716226919,80.45932006835938,272649000
2010-08-30,80.24846715239018,80.49693910439483,79.28470342344666,79.29222869873047,167238600
2010-08-31,78.99858211708315,79.79670362250852,78.67481720084571,79.29222869873047,273933100
2010-09-01,80.36146145831037,81.77698963286713,80.30875577480263,81.66404724121094,256828100
2010-09-02,81.85980101462661,82.43956344357831,81.68662194159607,82.42450714111328,156112200
2010-09-03,83.23012406275123,83.56894531768027,82.78588575093698,83.49365234375,212197300
2010-09-07,83.10215531502442,83.20756666532841,82.48474351560625,82.55250549316406,141973700
2010-09-08,82.71813552215713,83.4635458353464,82.68048615761276,83.13225555419922,149924400
2010-09-09,84.06587726780494,84.0884645823064,83.29034883266837,83.51622772216797,147017900
2010-09-10,83.66682980240978,84.0357693889669,83.47859449883168,83.9378890991211,127819000
2010-09-13,84.76614018221558,85.04472481057005,84.42731312154599,84.87155151367188,178503500
2010-09-14,84.70589768105013,85.30072200743764,84.38966370838426,84.81884002685547,209823600
2010-09-15,84.57037161211477,85.24048894937997,84.31437431225461,85.14260864257812,168608400
2010-09-16,84.87905419082176,85.17270076531484,84.59293289142916,85.1199951171875,199962900
2010-09-17,85.56816208758653,85.65142951486946,84.9171653516879,85.15182495117188,195836900
2010-09-20,85.4470219499996,86.6430394413544,85.17451148930509,86.45379638671875,214555200
2010-09-21,86.52190152323945,86.93066131920234,85.9238929528847,86.27967071533203,268389100
2010-09-22,86.14344232894138,86.62790409549918,85.6135583012914,85.85578918457031,191322400
2010-09-23,85.15180671219714,86.04503419743851,84.91714716297575,85.15937805175781,202354300
2010-09-24,86.105575069435,86.97609412628363,86.0298790156305,86.91553497314453,209671800
2010-09-27,86.94584612871733,87.04425045688008,86.4159677843936,86.49922943115234,128761800
2010-09-28,86.61276651334586,87.08209140398301,85.67412250731172,86.80200958251953,209207500
2010-09-29,86.58246612699395,86.98366618845174,86.30995571083785,86.65059661865234,179665800
2010-09-30,87.08966844101845,87.64982634534947,85.98448376253432,86.39324951171875,287106700
2010-10-01,87.04424683332213,87.142656932629,86.24185800953711,86.75659942626953,174638700
2010-10-04,86.57489266719638,86.93823600543591,85.67409410844557,86.1055679321289,166153200
2010-10-05,86.90040642999503,88.05100157410097,86.80199635286988,87.83905029296875,229634100
2010-10-06,87.82393348086727,88.05859884715207,87.47572687713607,87.83150482177734,148626600
2010-10-07,88.18726315729877,88.2099713997387,87.19563140249083,87.72550964355469,164860000
2010-10-08,87.84659939001541,88.45974483737004,87.5135298752856,88.21751403808594,177760100
2010-10-11,88.35380722663115,88.54305030044583,87.99802932382113,88.30081939697266,103098300
2010-10-12,88.01316247804611,88.83069390814504,87.54384337113899,88.57332611083984,182210000
2010-10-13,89.06535263925409,89.73905744140076,88.853395570113,89.26216125488281,194347200
2010-10-14,89.17888715657325,89.3302850517391,88.3537902850664,88.91394805908203,217764300
2010-10-15,89.53467976602185,89.58766759426406,88.38408444908819,89.09563446044922,243705000
2010-10-18,89.12592508475585,89.82990961874404,88.80042673516472,89.5346908569336,141204800
2010-10-19,88.70958810523257,89.20918683373755,87.82392610088749,88.36138153076172,280604700
2010-10-20,88.52033504813679,89.65579340113909,88.46734722267294,89.22431945800781,200051800
2010-10-21,89.6255207021024,90.14782765743452,88.72472182479413,89.42113494873047,221585500
2010-10-22,89.5573897879277,89.72392461577749,89.32273022608858,89.5876693725586,108212400
2010-10-25,90.1856620644636,90.65498687954451,89.7844677464418,89.85259246826172,151145700
2010-10-26,89.39841199259916,89.95856978052164,89.2243116278851,89.86773681640625,158982900
2010-10-27,89.23947485436247,89.70879981661284,88.76258432636364,89.61038970947266,190024000
2010-10-28,90.1251481864771,90.16299912333128,89.19407520238236,89.62554931640625,168576000
2010-10-29,89.5346781806857,89.86774782387647,89.37571469877376,89.69364166259766,144305500
2010-11-01,90.13268078640266,90.6474221200564,89.20917376644391,89.72391510009766,174074800
2010-11-02,90.39762728677387,90.64742952245496,90.15539639087586,90.43547821044922,158345900
2010-11-03,90.59443291379735,90.85180068907665,89.66335456888322,90.79881286621094,226702800
2010-11-04,91.8055890070581,92.59284080107912,90.81395725676956,92.54742431640625,215039400
2010-11-05,92.60796914310941,93.04701437182521,92.48685660343143,92.89562225341797,180654100
2010-11-08,92.6079877297897,92.87293265303626,92.30520343220556,92.7215347290039,156107100
2010-11-09,92.97136359681457,93.06976794418584,91.68451263784033,92.05542755126953,186621600
2010-11-10,92.03269985544875,92.47174520525259,91.3362866783231,92.42632293701172,221387400
2010-11-11,91.63145330377908,92.21431914156877,91.35137161405616,92.07806396484375,158017600
2010-11-12,91.45738486059456,91.85857921960991,90.57172873500522,90.9880599975586,239068800
2010-11-15,91.27571203273375,91.63148990157173,90.82152985399496,90.859375,163940800
2010-11-16,90.29921655387832,90.45060868734159,89.01236031848181,89.44384002685547,299566200
2010-11-17,89.48169410189392,89.86018024856055,89.21675495427534,89.48926544189453,172308900
2010-11-18,90.35219907660606,91.13187949114872,90.34462773780524,90.80638122558594,197723700
2010-11-19,90.76095657291044,91.09402037205211,90.26892354945892,91.0561752319336,156852900
2010-11-22,90.6019979360679,91.0183291509177,89.90557917307922,90.98048400878906,181361000
2010-11-23,89.90558383439948,90.09482688057172,89.31514645438043,89.6633529663086,222309000
2010-11-24,90.23108776538177,91.01077401572535,90.21595086184375,90.9880599975586,140046100
2010-11-26,90.2008170545469,90.69284440215937,89.92830657958984,89.92830657958984,76007800
2010-11-29,89.70120885178768,90.4430441749586,89.12590834250655,90.20081329345703,223642300
2010-11-30,89.30758996734293,90.20838303151064,89.17890029368466,89.69364166259766,233930700
2010-12-01,90.98805253352943,91.77530428344143,90.98048697000095,91.60120391845703,221037200
2010-12-02,91.74503811025768,92.84265138241098,91.69205028161858,92.77452087402344,191213600
2010-12-03,92.45658572009123,93.13029052827082,92.43387747771837,93.0243148803711,151288900
2010-12-06,92.8274856227417,93.13784695277646,92.72908132980419,92.92589569091797,103050500
2010-12-07,93.81915979722534,93.87214763347761,92.9259321466579,92.97891998291016,206581000
2010-12-08,93.09241565772224,93.39519982633217,92.6609418646915,93.31950378417969,138019200
2010-12-09,93.84184004824594,93.87968519128347,93.22112310508555,93.68287658691406,123705100
2010-12-10,93.97051649625269,94.31872297094438,93.66016093684351,94.22789001464844,117571700
2010-12-13,94.6594033095129,94.77294455217407,94.25820307622557,94.28848266601562,133812700
2010-12-14,94.43230142308067,94.7956506951131,94.08409483230503,94.37174224853516,147249600
2010-12-15,94.19762777719839,94.5685425592414,93.78129073340735,93.94025421142578,160823100
2010-12-16,94.00079831384454,94.55339050385022,93.67530007046891,94.48526000976562,185035200
2010-12-17,94.41906856454787,94.70822867250517,94.22121911930769,94.58647918701172,141075300
2010-12-20,94.8452123861702,95.04306185626324,94.34298626130337,94.81477355957031,119085500
2010-12-21,95.11156443741596,95.47682462617863,95.0202537444356,95.41594696044922,94965500
2010-12-22,95.48441739603801,95.74313871713908,95.43115090018703,95.71269989013672,78878100
2010-12-23,95.60617582935747,95.71270883101104,95.33984332522357,95.57573699951172,70053700
2010-12-27,95.21806302329408,95.70507256182222,95.14958002831901,95.61376190185547,58126000
2010-12-28,95.80400654165535,95.84205071729549,95.49962410847407,95.75074005126953,55309100
2010-12-29,95.86488263446641,96.03228745466934,95.8040049876952,95.81922149658203,58033100
2010-12-30,95.7278850766813,95.97899514223113,95.52242452551009,95.66700744628906,76616900
2010-12-31,95.52243924694169,95.78116631317721,95.370250953117,95.68984985351562,91218900
2011-01-03,96.42036533770737,97.09761312336184,95.65180109123236,96.67909240722656,138725200
2011-01-04,96.89218699131219,96.92262582058544,96.02470067667005,96.6258544921875,137409700
2011-01-05,96.32147360588952,97.18895993494891,96.2301571165521,97.12808227539062,133975300
2011-01-06,97.16611634710559,97.27264933107469,96.64866793685047,96.93782806396484,122519000
2011-01-07,97.06718806108192,97.22698753595883,95.99424707101925,96.74758911132812,156034600
2011-01-10,96.32147200506799,96.76282632111064,96.03230602977857,96.6258544921875,122401700
2011-01-11,96.97588813593222,97.20417063721175,96.60301684763388,96.96827697753906,110287000
2011-01-12,97.5617967260739,97.9498786058166,96.99107612666471,97.84334564208984,107929200
2011-01-13,97.88139557050934,97.92705089619584,97.44004140350293,97.68354034423828,129048400
2011-01-14,97.54660722575072,98.41409353967337,97.47812421415247,98.39126586914062,117677900
2011-01-18,98.2999599376486,98.6500036294584,98.18582156598673,98.5586929321289,114401300
2011-01-19,98.47495549991473,98.57387151937935,97.33352571033254,97.59224700927734,151958400
2011-01-20,97.3715893923094,97.70640491650825,96.73999672220498,97.46290588378906,175745700
2011-01-21,98.07163383501785,98.29230511290996,97.5770073805624,97.68354034423828,151462900
2011-01-24,97.62267004209549,98.3531901416408,97.59984237753686,98.23905181884766,113715500
2011-01-25,97.9803190577479,98.37601792929772,97.48570417672796,98.29231262207031,167552200
2011-01-26,98.53585501316779,98.9619870380385,98.33799970788722,98.67282104492188,141281500
2011-01-27,98.69564546021807,99.08373909316906,98.52062944389837,98.91632843017578,123302700
2011-01-28,99.03046282234571,99.19026812561607,97.02915771669811,97.18895721435547,295637300
2011-01-31,97.4552785631949,97.99554881442523,97.21176797413833,97.91944885253906,149249200
2011-02-01,98.51299570892228,99.66203073640533,98.45211806617029,99.48701477050781,167194300
2011-02-02,99.22825071669787,99.56307184104914,99.17499005303442,99.29674530029297,118323600
2011-02-03,99.12175714953449,99.66964436860049,98.5967092082183,99.5174560546875,145886700
2011-02-04,99.55548940295125,99.8370383172123,99.09891292626976,99.79898834228516,134634800
2011-02-07,100.01970744422186,100.75021613794067,100.01209047974528,100.42301177978516,112439100
2011-02-08,100.51428131060395,100.93280779253872,100.24033775981223,100.87954711914062,99072800
2011-02-09,100.60565843357848,100.92525748192502,100.14908172952462,100.65131378173828,146436700
2011-02-10,100.14148177176162,100.80350757821047,99.91319340743247,100.68936920166016,162708500
2011-02-11,100.29362717246246,101.41983457972898,100.27079950693313,101.29047393798828,137710300
2011-02-14,101.22958186390336,101.61766373380956,101.11544355252563,101.5339584350586,101690700
2011-02-15,101.22202583979664,101.37421419953677,100.6893607750924,101.21440887451172,119575400
2011-02-16,101.55681302399171,101.97532796963948,101.35135242130507,101.85358428955078,130183500
2011-02-17,101.55682628206887,102.2949402553534,101.4655039960508,102.15797424316406,109810500
2011-02-18,102.2492621759279,102.4927727361815,102.01336857769634,102.37101745605469,130002400
2011-02-22,101.29809185838697,102.39386638465149,100.04252365359012,100.31646728515625,233116400
2011-02-23,100.2555580533317,100.49906858745469,99.0836955387235,99.70006561279297,227584000
2011-02-24,99.5935686807672,100.01970065839669,98.69563777542605,99.63160705566406,260431400
2011-02-25,100.05011512122103,100.75780757589852,99.98923747696314,100.69692993164062,141686900
2011-02-28,101.06978804939702,101.45026456827976,100.7349668549847,101.32089233398438,141585500
2011-03-01,101.6405348551611,101.7318455328744,99.60117403350147,99.63160705566406,258565500
2011-03-02,99.4946447857356,100.30887039675878,99.19026810774574,99.84468841552734,200277400
2011-03-03,100.75022739839406,101.67859149264213,100.7426220442938,101.564453125,176480100
2011-03-04,101.48831232033955,101.68616755964507,100.1414336789685,100.80345916748047,277202300
2011-03-07,101.10022334982418,101.32851158856425,99.48700658884597,100.01205444335938,216790400
2011-03-08,100.17185592293332,101.20675250320443,99.73811873575488,100.88715362548828,174615000
2011-03-09,100.689323547351,101.05457779792782,100.14143636587413,100.74258422851562,153806000
2011-03-10,99.68487395352703,99.82183996267064,98.77933774455016,98.87826538085938,301291800
2011-03-11,98.5586582012111,99.92075927170912,98.53583053492294,99.5631103515625,225621800
2011-03-14,98.91632738512159,99.2891870850275,98.20863475154019,98.96198272705078,234974100
2011-03-15,96.32902398301113,98.41403909084063,96.26054100930197,97.8281021118164,359585400
2011-03-16,97.51614750563847,97.835758066107,95.3322155468575,96.01707458496094,468670300
2011-03-17,97.40199354858152,97.69876478322595,96.7171346203208,97.28784942626953,254303700
2011-03-18,98.46714193677107,98.49771883201697,97.45068174154954,97.6417465209961,230435400
2011-03-21,98.85690771396644,99.36130979823932,98.74226186534352,99.15496826171875,153992600
2011-03-22,99.1396496066434,99.26957219949271,98.71930494644653,98.8110122680664,129538600
2011-03-23,98.53591640522895,99.35367920862362,98.06972956722049,99.09383392333984,148603100
2011-03-24,99.65935918484777,100.18669970912046,99.10145343469895,100.04148864746094,159129800
2011-03-25,100.30136006883038,100.78283533150928,100.03386474160078,100.34721374511719,155642800
2011-03-28,100.56123662043338,100.82108197465826,100.0721111517926,100.10267639160156,109762400
2011-03-29,100.0185640800216,100.8057498579167,99.689938332324,100.77518463134766,129798800
2011-03-30,101.30252707456752,101.76872550476682,101.15731600688255,101.47066497802734,135835000
2011-03-31,101.34070363898036,101.61583722483411,101.2260578422386,101.33305358886719,132537100
2011-04-01,101.95977738928754,102.2349110455643,101.51650585074916,101.76106262207031,153850100
2011-04-04,101.97507644387142,102.1585028086755,101.5547433080714,101.84515380859375,100768900
2011-04-05,101.6464533910092,102.28078980029305,101.60059971399285,101.82987976074219,120791500
2011-04-06,102.31897099737253,102.41067832085284,101.73812685089396,102.15083312988281,120411600
2011-04-07,101.96739482550397,102.39537783361452,101.38656240902002,101.89097595214844,170731500
2011-04-08,102.3419181948674,102.40306030990982,101.11909921735126,101.53944396972656,147945400
2011-04-11,101.6464364462713,101.99035062823005,100.98917330804682,101.2337417602539,121385400
2011-04-12,100.66820710427616,100.86691026717912,100.1103012402912,100.47714233398438,161187400
2011-04-13,100.94331921897405,101.01973811372179,100.08735296313948,100.469482421875,162059000
2011-04-14,99.88863532082895,100.69874788428426,99.56000959332607,100.5458984375,161220400
2011-04-15,100.72931270644932,101.16493416069402,100.43125223933541,100.91272735595703,170006700
2011-04-18,99.80455067065864,100.90508517299021,98.97914979390997,99.78162384033203,210759300
2011-04-19,99.93450597269916,100.38542766059557,99.68994914861464,100.35485076904297,124258800
2011-04-20,101.55473197282701,101.94449983515524,101.4859398051618,101.72286987304688,156133800
2011-04-21,102.25016921176987,102.28838448017494,101.72284048976543,102.2425308227539,135935400
2011-04-25,102.16613193862185,102.30370461516974,101.79929090393786,102.13556671142578,65757100
2011-04-26,102.4488756112469,103.22077265893982,102.34187986541164,103.01441955566406,146600000
2011-04-27,103.21312932804003,103.8398153345907,102.7927847532225,103.68696594238281,143031000
2011-04-28,103.50356758567646,104.160830644904,103.48829080549889,104.02326965332031,124791100
2011-04-29,104.06151885794131,104.37486787871761,103.9239461598357,104.26786041259766,115094100
2011-05-02,104.75695493980817,104.84101220910136,103.90097718961538,104.10733032226562,126278700
2011-05-03,103.90863705074833,104.08441331873848,103.20550865545887,103.73284912109375,138375000
2011-05-04,103.68703407018239,103.7328877518069,102.58649906451882,103.04505920410156,182678500
2011-05-05,102.47185068217074,103.13675229706621,101.66173798777692,102.1126480102539,226900000
2011-05-06,103.12910870024659,103.65644926268745,102.16613492129667,102.56355285644531,222787200
2011-05-09,102.5559041023573,103.25902089401171,102.39540460152736,102.9609603881836,114104500
2011-05-10,103.3048421297822,104.02324713922602,103.17491955640686,103.8398208618164,114806900
2011-05-11,103.68701403644704,103.70230248125753,102.27314192563891,102.74697875976562,193564200
2011-05-12,102.47183272855803,103.45008316869554,101.94449223189568,103.23609161376953,171550700
2011-05-13,103.28961224340141,103.43482333762597,102.07444307857747,102.4412841796875,157444900
2011-05-16,102.07440563624746,102.87687972567237,101.62349573344271,101.79163360595703,141675400
2011-05-17,101.40951093778206,101.9139245888498,100.97387778595133,101.77635192871094,192686200
2011-05-18,101.8298629022224,102.79282494514456,101.6082212844473,102.68582916259766,135217900
2011-05-19,103.02209313550172,103.19786940202154,102.36483007192295,102.93037414550781,119489500
2011-05-20,102.66291543694918,102.9303990966387,101.92158325547547,102.1126480102539,182594900
2011-05-23,100.86688218312224,101.43243794392053,100.56882169092184,100.92802429199219,168700000
2011-05-24,101.21846235520027,101.44009233084664,100.65290650521752,100.8439712524414,147199600
2011-05-25,100.4388895924055,101.60056622783986,100.40832437169102,101.18022155761719,151050100
2011-05-26,100.90512164447568,101.82988022799653,100.71405688158579,101.64645385742188,164850000
2011-05-27,101.92922856176715,102.31135809724552,101.61589120554252,102.03622436523438,120921900
2011-05-31,102.99914978086599,103.11378392288898,102.28838311533599,103.09849548339844,164731200
2011-06-01,102.80042585910653,103.11377470149678,100.69871459111464,100.78278350830078,233094300
2011-06-02,100.85160733646964,101.0655988907863,100.08734845343434,100.67581939697266,200466800
2011-06-03,99.46829130167606,100.438903371224,99.4147992426714,99.67464447021484,234690200
2011-06-06,99.42246186174063,99.62881508056562,98.49006484236041,98.61998748779297,179951200
2011-06-07,99.1243897151118,99.40717347432478,98.47477656376705,98.55884552001953,161660500
2011-06-08,98.40595571949733,98.73459305697494,97.96268423037837,98.14611053466797,198696400
2011-06-09,98.41361306157413,99.30014444382627,98.17669468952121,98.89508819580078,160964400
2011-06-10,98.4747692042686,98.53589965727743,97.25959445614723,97.51943969726562,238629400
2011-06-13,97.74106676457214,98.00856203468705,97.0990921102943,97.59585571289062,207599800
2011-06-14,98.49003567008786,99.1778756418802,98.45183205637557,98.8339614868164,160570400
2011-06-15,98.0085668801763,98.81867945943533,96.81631901483664,97.07616424560547,300958000
2011-06-16,97.1067271820368,97.80220553123446,96.5411772681922,97.29015350341797,308032800
2011-06-17,98.25638553363666,98.26406765472848,97.25024448104337,97.58050537109375,233284900
2011-06-20,97.25023222208834,98.28709576860477,97.2195096013353,98.07971954345703,159479000
2011-06-21,98.58662064986902,99.6158019369341,98.11811100135732,99.42378997802734,193157300
2011-06-22,99.11656128768432,99.70027333986378,98.76325417749791,98.82469940185547,176703000
2011-06-23,97.66496095090778,98.80166841217599,96.91995364818676,98.54053497314453,334286500
2011-06-24,98.51750373027784,98.59430148571735,97.25022357072116,97.39614868164062,226129300
2011-06-27,97.45757797969041,98.64036635145655,97.26556604327212,98.26403045654297,168904700
2011-06-28,98.65573836782696,99.56204087332127,98.51749538805363,99.54667663574219,165556300
2011-06-29,99.99981993650401,100.56049154187542,99.56203879023515,100.39920806884766,244295500
2011-06-30,100.72179469530509,101.5205593036465,100.3915397447782,101.3592758178711,223322700
2011-07-01,101.4514276492555,102.99521117537486,101.21333471444558,102.8569564819336,202385700
2011-07-05,102.74944332709359,102.97986003247418,102.44990512594296,102.7724838256836,165936000
2011-07-06,102.52670319808482,103.02592957131942,102.23484128909767,102.8953628540039,143331600
2011-07-07,103.80934444259917,104.22408510195125,103.59429199412335,103.96295166015625,170464200
2011-07-08,102.78784291371981,103.9629551608457,102.44989999202717,103.22562408447266,194100500
2011-07-11,101.95835220399718,102.28860715452406,101.12118285921586,101.3592758178711,195918600
2011-07-12,101.14421870089363,101.9813880071349,100.89076151543462,100.92147827148438,214675700
2011-07-13,101.4514495459671,102.31934746809357,101.01366831445264,101.25943756103516,204062600
2011-07-14,101.51292317622152,101.9814330192565,100.36852720697613,100.56053924560547,226111800
2011-07-15,101.12120083094504,101.2824843453845,100.43763859095735,101.14424133300781,220012800
2011-07-18,100.6757112017184,100.82931842418706,99.56204418947078,100.31472778320312,196872100
2011-07-19,100.87539196668764,102.06586836196163,100.85235147099348,101.94297790527344,166554900
2011-07-20,102.20414409498592,102.26557761649751,101.70490590672337,101.88155364990234,137145400
2011-07-21,102.45759571257307,103.54823415591612,101.89692396934839,103.2947769165039,245246300
2011-07-22,103.3178182269727,103.47142548008121,102.73409425788536,103.36389923095703,126019400
2011-07-25,102.38080018483998,103.29477917496634,102.27327393420644,102.7878646850586,136653800
2011-07-26,102.71877220886138,102.88774375325265,102.17345282114674,102.40386962890625,131278200
2011-07-27,101.8354680593959,101.86619653824819,100.17648178579829,100.30706024169922,249020100
2011-07-28,100.30705205237578,101.20566661400575,99.85389492240792,100.01519012451172,207939900
2011-07-29,99.00904821102299,100.2686461787754,98.287081378382,99.33162689208984,307038400
2011-08-01,100.49137929380544,100.5835530063475,97.94914274968924,98.9092025756836,325790900
2011-08-02,98.16421832919048,98.69417335305177,96.3823471069336,96.3823471069336,346653800
2011-08-03,96.51289424258593,97.01212065004654,94.8769485956015,96.90459442138672,370830800
2011-08-04,95.56050863257133,95.7141217128565,92.21181965897263,92.36543273925781,520721800
2011-08-05,93.51750100886228,93.75559394981099,89.75406564749366,92.22718048095703,655619200
2011-08-08,89.79248572996129,92.2579188661944,86.03672598551834,86.22106170654297,702263900
2011-08-09,87.61120940322134,90.35313972380915,84.69262551621236,90.23025512695312,717828700
2011-08-10,88.52519009777735,89.30859626689944,85.98294792303784,86.24408721923828,662607400
2011-08-11,86.98909690626296,91.33624447903699,86.26713008721542,90.11505126953125,487979700
2011-08-12,90.93687713131446,91.55899408666268,90.07666133030027,90.7218246459961,313731600
2011-08-15,91.54362101577571,92.73409161410267,91.3976900556961,92.64192962646484,258810600
2011-08-16,91.75869096109938,92.69571041233264,90.8677525124707,91.8508529663086,294095200
2011-08-17,92.35776934338753,93.08741257850332,91.18265687474748,91.91230010986328,238201100
2011-08-18,89.47757900147612,91.94301202015052,87.08894959969611,87.94916534423828,512956300
2011-08-19,86.7587069651718,89.00140586329164,86.40540556558373,86.51293182373047,428281300
2011-08-22,88.45607169575324,88.50215855253188,86.33626379562257,86.58203887939453,275090600
2011-08-23,86.9046100626167,89.5313321419715,86.4668230493909,89.43148803710938,331136600
2011-08-24,89.23946092469079,90.81395513715144,89.0320847717044,90.69107055664062,246869700
2011-08-25,91.19032209231914,91.70491273579543,88.99370481388664,89.30860137939453,312365400
2011-08-26,88.85546485654748,91.0213597350253,87.44225365073201,90.60661315917969,314495900
2011-08-29,91.82780802219924,93.26405975121057,90.675736134896,93.21029663085938,190977200
2011-08-30,92.80323797067501,94.03211355535133,91.59740288762686,93.4560775756836,241315700
2011-08-31,94.05514895456332,94.86160162624515,93.16421640140824,93.87081909179688,301828400
2011-09-01,93.92455087233505,94.77708426030438,92.76479724243949,92.88768768310547,254585900
2011-09-02,90.95220650680474,92.8339268727342,90.19184093055806,90.51441955566406,255517200
2011-09-06,87.85701904320678,89.98451549756368,87.84933692171047,89.85394287109375,285130500
2011-09-07,91.21336127683506,92.42687238612262,90.90614097509217,92.38847351074219,209803200
2011-09-08,91.83548546238643,92.88771317534352,91.22104480990603,91.42842102050781,250568200
2011-09-09,90.38388582611462,91.44378992086159,88.54056951633382,89.03211975097656,380195100
2011-09-12,87.91843615375073,89.67726638994198,87.59585747106236,89.60813903808594,305793500
2011-09-13,89.90000548339135,90.76789746656006,89.26252434526573,90.4299545288086,272514700
2011-09-14,90.8907753376138,92.78017811333059,89.64654163133663,91.68186950683594,319389500
2011-09-15,92.66499210281417,93.29479122659534,91.70493210560254,93.26406860351562,326777200
2011-09-16,93.63848602646881,94.16346086852973,92.88962424837611,93.81604766845703,284528300
2011-09-19,92.27974393547734,93.36057538897653,91.65440830376362,92.88191986083984,241517000
2011-09-20,93.27562643437938,94.17889006963102,92.65029097767528,92.77381134033203,218932200
2011-09-21,92.82012148079006,93.10576558596976,89.8941601103393,90.04084014892578,316251300
2011-09-22,87.43140550062712,88.17254518481927,85.92596643743288,87.13031768798828,513911300
2011-09-23,86.55130566613394,88.13395163690575,86.4818206885115,87.6552963256836,307242500
2011-09-26,88.48138369936129,89.8633028773172,87.22299078739447,89.73977661132812,260673700
2011-09-27,91.50769245485452,92.30287352711854,90.20297444887434,90.74339294433594,311753900
2011-09-28,90.92868484964926,91.47681936879226,88.75930647401823,88.89054870605469,286696800
2011-09-29,90.36509995112924,90.81286785063898,87.95639125662358,89.59307861328125,298108900
2011-09-30,88.3578649082921,89.12988646586585,87.29247727926088,87.35424041748047,288392300
2011-10-03,86.8447052548204,87.97185604663468,84.77568719983134,84.86833190917969,365136800
2011-10-04,83.64851071987863,86.91416356833801,82.93825250316374,86.72887420654297,459177500
2011-10-05,86.94504379803857,88.56628740357394,86.1421409127137,88.33467864990234,284108000
2011-10-06,88.28838881020958,90.06404080928698,87.6321716418748,89.93279266357422,257800800
2011-10-07,90.45776293046907,90.51952606762568,88.82879700081939,89.33061218261719,312657900
2011-10-10,90.85146436092384,92.35690349916068,90.8437424989174,92.31830596923828,230666300
2011-10-11,91.77022194641975,92.67348592522119,91.67757722164852,92.41099548339844,209088000
2011-10-12,93.10576850184631,94.29468202214365,92.89732534045596,93.22157287597656,281544900
2011-10-13,92.6734572580356,93.31423648685671,91.96319892467203,93.03630828857422,212538800
2011-10-14,94.1171473210633,94.64983817023156,93.59217244633537,94.62667846679688,211397600
2011-10-17,94.17890595135002,94.61124201869477,92.58854346484955,92.82015228271484,202311600
2011-10-18,92.75064258628939,95.34463473947466,92.02494064758417,94.6343765258789,318857900
2011-10-19,94.479980399933,95.02039893449162,93.19070602657972,93.51495361328125,226601300
2011-10-20,93.74655815904741,94.26381107969004,92.50360324283969,93.92412567138672,262075600
2011-10-21,95.02810644672479,95.82329339577018,94.74246231294526,95.70748901367188,278999400
2011-10-24,95.86190569855205,97.12030447980797,95.77698286460019,96.88097381591797,203215600
2011-10-25,96.41777023278921,96.46408964064645,94.78880430249724,94.99725341796875,268596800
2011-10-26,96.0008854490658,96.32513310970512,94.34875968479034,95.96228790283203,289053800
2011-10-27,98.53308746929729,99.91500645836985,97.74562824644629,99.30511474609375,393220200
2011-10-28,98.81873437487022,99.47495724487278,98.6643324584317,99.28195190429688,225906500
2011-10-31,98.17023777367132,99.29738234873282,96.74971542567845,96.88867950439453,228146700
2011-11-01,94.20978232212632,95.35237672913688,93.81604970950055,94.1866226196289,416565800
2011-11-02,95.59938006990296,96.03943188819797,94.79647737002097,95.722900390625,244717600
2011-11-03,96.7111060455151,97.66069483993077,95.42183188298063,97.46768951416016,291174800
2011-11-04,96.68024750868058,97.04309263778033,95.73838040960939,96.87325286865234,249401600
2011-11-07,96.80375739045263,97.57577874671435,95.88505009168341,97.47541809082031,196617200
2011-11-08,97.98499511085905,98.8342237133636,97.05084953816232,98.72613525390625,224426300
2011-11-09,96.41778565462164,97.12032819979724,94.85058261083964,95.08219146728516,337982000
2011-11-10,96.34055027666828,96.45635466355418,94.97406911351507,95.97769927978516,231866500
2011-11-11,97.14346907813712,98.0390109766908,97.11258751059296,97.78424835205078,189924400
2011-11-14,97.42138155374008,98.39412426894113,96.44091108533077,96.85780334472656,159258300
2011-11-15,96.63392916954736,97.85372454594271,96.28652185262581,97.33647155761719,184709400
2011-11-16,96.35599177309425,97.53718360607672,95.6534553420631,95.79241943359375,235782500
2011-11-17,95.61486890297851,95.85419959150441,93.59217618805957,94.27155303955078,331219600
2011-11-18,94.57263695647836,94.7656423380222,93.77745572692686,94.17118835449219,215580400
2011-11-21,92.79697520261726,92.91277959721582,91.60034549858199,92.38008880615234,229611600
2011-11-22,92.1793662362428,92.71977891825004,91.49998356165486,92.01724243164062,216494900
2011-11-23,91.1525549636182,92.01722094296179,89.98680114746094,89.98680114746094,224329100
2011-11-25,89.84786765340466,90.86693588404614,89.70890353604187,89.81698608398438,99557000
2011-11-28,92.28745891896648,92.78155225113971,91.73160244775731,92.418701171875,210686000
2011-11-29,92.68118286132812,93.4146009257973,92.34149151859803,92.68118286132812,199241500
2011-11-30,95.33690974854106,96.6725092040257,92.64255703077804,96.49494171142578,324439500
2011-12-01,96.3868627654109,96.99676032856759,96.06261521742036,96.47950744628906,176954800
2011-12-02,97.36735630922442,97.66072236666432,96.33284440867688,96.39460754394531,221109700
2011-12-05,97.92319909580108,98.18568945486048,96.84237376454558,97.44454956054688,225263900
2011-12-06,97.43681466698501,98.13163506563167,97.08940741268945,97.47541809082031,178842100
2011-12-07,97.15117522337941,98.24745014508481,96.47952033993185,97.8382797241211,237802500
2011-12-08,97.19750008453646,97.41366514446129,95.4604518514969,95.69205474853516,240862800
2011-12-09,96.1244175529535,97.56037829707557,96.0394947000172,97.3133316040039,209111400
2011-12-12,96.46406299584493,96.47950672090285,95.08214999598162,95.89276885986328,215826100
2011-12-13,96.39461052886058,96.94274511871349,94.53403577916848,94.99725341796875,245159800
2011-12-14,94.61891990386009,94.98177082375477,93.77741959181034,93.9858627319336,238618800
2011-12-15,94.98178612492443,95.11302834133181,94.17888321093231,94.32556915283203,199109200
2011-12-16,94.96267939115914,95.52205531112428,94.2401454928642,94.46544647216797,220481400
2011-12-19,94.83056303042828,95.0325632717933,93.25342120638888,93.4554214477539,183903000
2011-12-20,94.92382573234998,96.4465840484847,93.51760628236809,96.28343200683594,225418100
2011-12-21,96.28342054319393,96.61749542510299,95.36665732730945,96.46987915039062,194230900
2011-12-22,96.82724370274623,97.42547360714178,96.51648138750882,97.32447052001953,119465400
2011-12-23,97.63525934407889,98.22571853683833,97.43326498207662,98.19464111328125,92187200
2011-12-27,98.02371016784622,98.52870788605253,97.93824874196153,98.27232360839844,86075700
2011-12-28,98.28784970656112,98.30338545089089,96.90493729218143,96.98262786865234,119107100
2011-12-29,97.30119463444221,98.08588336100593,97.00596797086789,97.9848861694336,123507200
2011-12-30,97.90716843433174,98.14801695809304,97.503173828125,97.503173828125,95599000
2012-01-03,99.25903003264592,99.74072125223192,99.00264570960438,99.0570297241211,193697900
2012-01-04,98.82392063870451,99.29784086946893,98.44323265785496,99.2123794555664,127186500
2012-01-05,98.6763212363428,99.62415587532755,98.22570753634906,99.4765396118164,173895000
2012-01-06,99.60084946160438,99.61639113537505,98.8938574177459,99.22016143798828,148050000
2012-01-09,99.44546449137351,99.58530398549938,98.98708589864115,99.46100616455078,99530200
2012-01-10,100.5253661922611,100.72736049731517,100.18352055692222,100.32337188720703,115282000
2012-01-11,100.01259437971437,100.50982114491717,99.84944833048755,100.37774658203125,111540700
2012-01-12,100.66526211892594,100.76625338878299,99.86502574268924,100.61863708496094,118983700
2012-01-13,99.94268707662926,100.26122616164862,99.22792425366417,100.09806823730469,179836200
2012-01-17,101.06147283989573,101.24793738700058,100.14470363516183,100.4865493774414,132209200
2012-01-18,100.46322154127367,101.65190462243088,100.28453379735942,101.59752655029297,163395200
2012-01-19,101.94717190334185,102.21909792125365,101.6208677947438,102.13363647460938,126328900
2012-01-20,101.96270009513181,102.5143051147461,101.71408069965896,102.5143051147461,138230200
2012-01-23,102.17244081842001,102.74736417492339,101.76067539241865,102.25013732910156,129295800
2012-01-24,101.6208677947438,102.16470797574055,101.46548657943428,102.13363647460938,103083300
2012-01-25,101.97817939071861,103.22901694924866,101.58195576217284,102.98817443847656,198613200
2012-01-26,103.44659985655615,103.64082930567083,102.05592221701784,102.45992279052734,184880500
2012-01-27,101.96267066862967,102.5919720314187,101.89273907456946,102.41328430175781,135259100
2012-01-30,101.39550248913118,102.1180419559434,101.045891971883,102.06365203857422,147311800
2012-01-31,102.56869668510144,102.69299452999037,101.52761776852525,102.02485656738281,157212000
2012-02-01,102.77845307141395,103.43883795957127,102.6541552300265,102.91830444335938,166234500
2012-02-02,103.12029967826282,103.34561248640146,102.71631094440255,103.08145141601562,113090400
2012-02-03,104.10698936273855,104.58867462445488,103.92830158094463,104.52651977539062,160598500
2012-02-06,104.09143645552963,104.5032019131796,103.97490353537363,104.45658874511719,107694500
2012-02-07,104.2390180753679,104.89940268293843,103.82725275458817,104.720703125,135528100
2012-02-08,104.77512512695083,105.05481598283585,104.34781800617876,105.03150939941406,139361400
2012-02-09,105.2024453690898,105.34228488706192,104.5420604769098,105.1635971069336,148602900
2012-02-10,104.23128417118686,104.4721267676401,103.9826648104457,104.38666534423828,167907500
2012-02-13,105.13252561010374,105.28790680390338,104.68191184970712,105.1635971069336,115841900
2012-02-14,104.88389313452701,105.09366424014671,104.3012048393352,105.03150939941406,165329500
2012-02-15,105.37334554665296,105.52872670699139,104.33226687725784,104.54203796386719,195195100
2012-02-16,104.5498489543494,105.79291049882477,104.36338438800617,105.6996841430664,186567800
2012-02-17,106.06480865094424,106.15027007288458,105.62973663191103,105.9793472290039,129869400
2012-02-21,106.22794952632933,106.47656887063842,105.69965120190676,106.02595520019531,134042300
2012-02-22,105.86280794068564,106.08812072602178,105.49765565120212,105.68412017822266,124455300
2012-02-23,105.62976548908662,106.22798375127385,105.27237803020354,106.15029907226562,137704300
2012-02-24,106.38329315185547,106.59306416774588,106.15022741733128,106.38329315185547,105539100
2012-02-27,105.67634890287904,106.84949036247045,105.50542606044542,106.5620346069336,145728900
2012-02-28,106.59307382581275,106.99707422695764,106.38330279091565,106.87276458740234,129355900
2012-02-29,107.02819682888668,107.3622776629048,106.0803561204986,106.45328521728516,185934700
2012-03-01,106.67857116045792,107.20688137914232,106.38333863075712,107.00487518310547,145023500
2012-03-02,106.93497318214227,107.07482456067473,106.43774622869759,106.6785888671875,120638300
2012-03-05,106.5154410015887,106.593125672982,105.87836268010602,106.24351501464844,140765000
2012-03-06,105.15579914959089,105.2179421237212,104.38664647798677,104.68964385986328,202129900
2012-03-07,104.93052088064462,105.59090578221347,104.82951776856753,105.41998291015625,143692200
2012-03-08,106.06482991151141,106.686366572498,105.84729385838996,106.46881866455078,116968900
2012-03-09,106.67081359678345,107.16026373704877,106.53873899672298,106.88058471679688,122836800
2012-03-12,106.86503722728227,107.02818331355238,106.50764985169843,106.88834381103516,104003500
2012-03-13,107.46327228269666,108.86949155807781,107.28457265904893,108.81510162353516,184090500
2012-03-14,108.84618652753203,109.11810063965483,108.36448943907732,108.69857025146484,145163600
2012-03-15,108.86174819778553,109.37451693157028,108.5820572388873,109.3279037475586,165118500
2012-03-16,109.526065491327,109.61970038023101,109.24514891783865,109.479248046875,152893500
2012-03-19,109.40901087947859,110.24394967073373,109.3309738753874,109.90841674804688,125291100
2012-03-20,109.28416804971066,109.72114674280051,108.96423296842117,109.58849334716797,121729700
2012-03-21,109.65092517866881,109.752359010895,109.1827268982605,109.40902709960938,122388400
2012-03-22,108.60527797271789,108.89400538937565,108.26194608029648,108.62088775634766,135216700
2012-03-23,108.71454230804883,109.09689273343696,108.11369061658269,108.97203826904297,120521000
2012-03-26,109.75235761537174,110.50147247314453,109.71335101481442,110.50147247314453,120164000
2012-03-27,110.60289339448207,110.67311954786041,110.08787778949275,110.1581039428711,119868500
2012-03-28,110.10354562296153,110.27521758180626,108.96426916033563,109.6119384765625,148562100
2012-03-29,108.96424175883526,109.62752069728266,108.53506196965031,109.42462921142578,164963700
2012-03-30,109.96304847818847,110.06449421631554,109.28417169355792,109.87721252441406,135486800
2012-04-02,109.74459194171118,110.96970438404361,109.52610252254544,110.68097686767578,151741100
2012-04-03,110.52486647704256,110.71214814323871,109.58067111511947,110.22834014892578,155806700
2012-04-04,109.41682662256893,109.5104615164397,108.73013898277812,109.13591003417969,146896000
2012-04-05,108.76136037432452,109.40121867112448,108.66771357210767,109.08128356933594,137439400
2012-04-09,107.70793795842923,109.12032009615308,107.55967474498347,107.856201171875,127555900
2012-04-10,107.64546240373883,107.94978763436303,105.93655460608993,106.0457992553711,235360300
2012-04-11,107.13044778332896,107.3255283664419,106.70907896278548,106.90415954589844,154133000
2012-04-12,107.00563039903028,108.38679267908104,106.92759338474166,108.30095672607422,154321500
2012-04-13,108.0512657970108,108.32438345562383,106.91198962083715,107.01343536376953,169246700
2012-04-16,107.55964868307716,107.71571079902415,106.57644663651249,106.94319915771484,147825300
2012-04-17,107.55965559476941,108.74574918438114,107.45041091590892,108.52725982666016,147877600
2012-04-18,108.04347120558596,108.52726740191203,107.98104396948294,108.16051483154297,123884200
2012-04-19,108.1760766303331,108.58183562484119,106.9587758332638,107.46598052978516,198666700
2012-04-20,107.9420265809837,108.33218788060117,107.58307294635331,107.64550018310547,143199600
2012-04-23,106.54526050367836,106.83398801089943,106.07707400891817,106.74034118652344,171844900
2012-04-24,106.83397099574995,107.4192129510753,106.74813503269777,107.1460952758789,137484200
2012-04-25,108.19168689859642,108.65988506193189,108.09805202863888,108.61306762695312,150252200
2012-04-26,108.37895205186958,109.49481901173465,108.31652484580694,109.36996459960938,136291600
2012-04-27,109.69775508485252,109.861616166863,109.08910439525712,109.54949188232422,130725000
2012-04-30,109.33098896699602,109.40902598185912,108.8471928138197,109.14370727539062,115092200
2012-05-01,109.08130051714963,110.54051200287135,108.95645793942577,109.82261657714844,138832200
2012-05-02,109.18271403958782,109.6040948236838,108.82377238608802,109.4948501586914,121081000
2012-05-03,109.51044542970774,109.59628137207257,108.45701730807598,108.65989685058594,143759700
2012-05-04,108.09025282512187,108.69890329189238,106.84173233048942,106.90415954589844,193927300
2012-05-07,106.52180897626384,107.34114989637676,106.48280238079076,106.98220825195312,127765900
2012-05-08,106.34237198521647,106.72473437805183,105.28113268303284,106.55306243896484,213377700
2012-05-09,105.42157642803757,106.5998591380054,104.94557921811847,105.92098236083984,220752500
2012-05-10,106.65446144486663,106.78712673272935,105.89755966025484,106.13945770263672,150600000
2012-05-11,105.47617528868972,106.80272096104311,105.42935785070159,105.81951904296875,153032400
2012-05-14,104.80511760635682,105.81953928162088,104.49299335555723,104.64905548095703,163910000
2012-05-15,104.57882035430221,105.19526986420992,103.88433383498929,104.0481948852539,207629300
2012-05-16,104.51638109316657,104.99237821946541,103.62681405954945,103.65022277832031,207265500
2012-05-17,103.67362066535352,103.7984750902699,102.05834779827785,102.11297607421875,247992900
2012-05-18,102.51095402693214,102.69043675907457,101.0907733929737,101.2390365600586,319615900
2012-05-21,101.56676721507455,103.0181673663982,101.40289427084566,102.9791488647461,177861100
2012-05-22,103.24448159239626,103.96237695760966,102.48756771571709,103.15864562988281,197531200
2012-05-23,102.41733215015331,103.36152765124322,101.43413004795153,103.21326446533203,204958400
2012-05-24,103.49417470630475,103.65803575990185,102.5499792631136,103.4161376953125,167357600
2012-05-25,103.37712665088061,103.66585408696942,102.83090325484059,103.08061218261719,135465600
2012-05-29,103.9077327092619,104.50857237899262,102.35488686075662,104.3291015625,152883500
2012-05-30,103.4395757914657,104.32134425761812,102.60463668927268,102.81531524658203,162370400
2012-05-31,102.7762862112361,103.35371726616624,101.70723624284895,102.58900451660156,196186000
2012-06-01,100.98153715406355,102.61240831451583,100.00613403320312,100.00613403320312,253240900
2012-06-04,100.18561600796112,100.45873367486631,99.21021277869646,99.9593276977539,202545800
2012-06-05,99.76426215872233,100.86451413783358,99.7096398044883,100.71626281738281,164149400
2012-06-06,101.41850405286151,103.02596630401864,101.38728448882982,102.9791488647461,184202800
2012-06-07,104.1496289206248,104.1964463583002,102.830882194487,103.04157257080078,184772700
2012-06-08,102.77627602836398,103.88433248825275,102.44853011853174,103.86092376708984,143915400
2012-06-11,104.69585316379096,104.75828038352148,102.44072194316529,102.54216766357422,169756100
2012-06-12,102.83872106078944,103.79071568573274,102.3471258675529,103.72048950195312,181931800
2012-06-13,103.41616987436909,104.06383916545036,102.70607333642432,103.0572280883789,172223900
2012-06-14,103.26789742120867,104.56323588759233,102.9869807888216,104.14966583251953,230615500
2012-06-15,104.61870720253098,105.3089409215795,104.39908575076943,105.2148208618164,169444500
2012-06-18,104.7755429563594,105.67755847701376,104.54023091708989,105.41871643066406,131360900
2012-06-19,105.95212025237282,106.86982668567737,105.39521533892949,106.43842315673828,137382600
2012-06-20,106.44631245097132,106.75221470454451,105.31682352440104,106.26589965820312,206451800
2012-06-21,106.39132998072552,106.50114066583471,103.79508223613419,103.88136291503906,205272200
2012-06-22,104.42260777711878,104.87754131195601,104.02257361678626,104.68144989013672,130029200
2012-06-25,103.57549806611044,103.61471874669316,102.63426157448173,103.00291442871094,146375700
2012-06-26,103.30094743647436,103.83432226967986,102.69698257148953,103.52056884765625,141634000
2012-06-27,103.86571279990035,104.65791791111519,103.51275060058569,104.45398712158203,108088000
2012-06-28,103.76370866115383,104.31277409615265,102.97150380004983,104.15589141845703,169242100
2012-06-29,106.04623050183214,106.88550746857786,105.77170971314001,106.75216674804688,212250900
2012-07-02,107.05024622745317,107.18358698370687,106.29726172525899,107.07377624511719,129524500
2012-07-03,107.05022727962769,107.85812299235609,106.94041656047443,107.77969360351562,80450000
2012-07-05,107.37966908010152,108.08560545388544,106.90120548186543,107.29338836669922,126177500
2012-07-06,106.25799860835154,106.49331065949893,105.77169581285688,106.27368927001953,151192100
2012-07-09,106.1874408902285,106.33647230024573,105.65406594745481,106.140380859375,103780500
2012-07-10,106.68158097932493,106.85414240120492,104.85400735193872,105.2148208618164,167884800
2012-07-11,105.2697123118289,105.57561441671149,104.6186874284184,105.2304916381836,141733400
2012-07-12,104.61869794906488,105.28540159420305,104.00689367777552,104.72065734863281,143583200
2012-07-13,104.99521019688461,106.58747186997483,104.97951952915494,106.4776611328125,129642600
2012-07-16,106.23450537051995,106.54040755235157,105.81094113815479,106.22665405273438,97525200
2012-07-17,106.65020594681968,107.17572953334981,105.53640808109556,106.95610809326172,138860300
2012-07-18,106.70509851630239,107.96008835258698,106.64235979611124,107.74830627441406,113349700
2012-07-19,107.96791948213088,108.3836322904568,107.62280867346854,108.03067016601562,129847300
2012-07-20,107.41885047902203,107.5835724965407,106.92470836340092,107.0423583984375,142904500
2012-07-23,105.47363524386107,106.97177629943464,104.9794811231769,105.9599380493164,145210900
2012-07-24,106.03838766418183,106.08544768535333,104.344155091192,105.05007934570312,173301200
2012-07-25,105.26975328027056,105.54427416568612,104.51675674602808,105.07366180419922,129122300
2012-07-26,106.58743883544157,107.0345329636247,106.0932846871274,106.80706024169922,156526500
2012-07-27,107.37180868472129,109.08173195103375,106.78353447278035,108.77581787109375,236768900
2012-07-30,108.65032846858315,109.29350205003445,108.45423706460285,108.77581787109375,106782000
2012-07-31,108.6268113143957,108.92486214516312,108.01500701904297,108.01500701904297,120575900
2012-08-01,108.79153735113246,108.81506736836513,107.77185938665008,107.92089080810547,138293800
2012-08-02,107.105130179911,107.90518648122493,106.34429455416077,107.17572021484375,199556600
2012-08-03,108.68170550130866,109.52882186253639,107.20709420934145,109.30136108398438,157825000
2012-08-06,109.59157917664295,109.94454135637147,109.46607778921515,109.51313781738281,86326200
2012-08-07,109.95237214241853,110.53280703771772,109.83472208116132,110.06219482421875,109545100
2012-08-08,109.69355540775955,110.32103843574451,109.66217407527735,110.19554901123047,89754700
2012-08-09,110.03867766902009,110.50930195716543,109.92886693091589,110.28968048095703,90291700
2012-08-10,109.84257488856223,110.50929056663557,109.66217411637253,110.4700698852539,99792700
2012-08-13,110.28181278203057,110.47005287412114,109.84255797405653,110.41515350341797,79426900
2012-08-14,110.82299941165391,110.89360140471703,110.10138456714563,110.43081665039062,102379400
2012-08-15,110.31315356336823,110.74455694343214,110.2425635471214,110.55630493164062,71085900
2012-08-16,110.71320172949795,111.50541866017959,110.43868094542972,111.37207794189453,112014200
2012-08-17,111.56030831749955,111.61521965061445,111.27009689523051,111.52108764648438,90813700
2012-08-20,111.36426959045217,111.55252171926054,111.05836736143488,111.52899169921875,78255700
2012-08-21,111.80346220233012,112.23486565613086,110.94850661018694,111.19165802001953,105581100
2012-08-22,110.90932534513483,111.4191703238575,110.65049514935896,111.23876953125,133243500
2012-08-23,110.96421460102167,110.97205394923546,110.15631890159078,110.3288803100586,111466400
2012-08-24,110.05434616239519,111.24658534192962,109.98375612393819,110.9955825805664,99481200
2012-08-27,111.29362146032639,111.44265282181323,110.86221803719815,111.01908874511719,68785900
2012-08-28,110.7367098815825,111.25439395753816,110.5719998373484,110.90927124023438,75689600
2012-08-29,111.00343389715302,111.29364536756762,110.689680445449,110.9955825805664,65421300
2012-08-30,110.5171298741077,110.5485112065899,109.96023689150032,110.19554901123047,96589900
2012-08-31,110.82304401513284,111.23876892038132,110.09358953046076,110.72108459472656,151970400
2012-09-04,110.62690367732293,110.95634771607078,109.91314017594948,110.61906433105469,120226200
2012-09-05,110.66612052948832,110.96418323594989,110.30531911810904,110.52494049072266,100660300
2012-09-06,111.19170455574302,112.7761270089619,111.18386520547253,112.7682876586914,158272500
2012-09-07,112.95650150059014,113.25456430006899,112.85454209692966,113.20750427246094,107272100
2012-09-10,113.09766769174702,113.2937590742576,112.52508420598727,112.56429290771484,86458500
2012-09-11,112.63492318557934,113.2388761780754,112.60354185415521,112.8780746459961,88760000
2012-09-12,113.25460815429688,113.3801095888287,112.8702644992215,113.25460815429688,87640900
2012-09-13,113.23889332726344,115.33314869931472,112.94084244442364,114.98018646240234,225470200
2012-09-14,115.20762576264659,116.17239212128767,115.11349374995928,115.48999786376953,169777000
2012-09-17,115.25472539802745,115.45081686985792,114.80763109738666,115.09785461425781,119427800
2012-09-18,114.90175609460091,115.15274693954238,114.71350398454015,115.00371551513672,98326600
2012-09-19,115.13703443668122,115.4350972289671,114.83898361286596,115.06644439697266,128318300
2012-09-20,114.5408897778036,115.13700323234656,114.22714837403727,115.07426452636719,154009800
2012-09-21,115.63338072923273,115.65703635036124,114.97888046916874,115.02619171142578,108737500
2012-09-24,114.45843812473447,115.1129384155918,114.37169683239527,114.85271453857422,95682000
2012-09-25,115.09719451105204,115.31798837568077,113.5989366783706,113.63048553466797,133165200
2012-09-26,113.60679667175678,113.63833348646452,112.72360943926445,112.99171447753906,146502200
2012-09-27,113.4648294655985,114.31646768995705,113.16517563692862,114.05624389648438,111830300
2012-09-28,113.62259949990403,113.9932203745079,113.1258192892109,113.5279769897461,150696100
2012-10-01,113.9616740155924,114.8842795095475,113.55950431633507,113.82762145996094,135911200
2012-10-02,114.27707545154335,114.45843923460711,113.41755574880487,113.94588470458984,113422200
2012-10-03,114.25340940750331,114.67922260549994,113.65411363897022,114.41111755371094,121283100
2012-10-04,114.84485927317814,115.39684397071613,114.687151078505,115.23125457763672,124311600
2012-10-05,115.84630958629604,116.04344781156752,114.89215528174266,115.23912048339844,124842100
2012-10-08,114.81328130054746,115.22332005327566,114.5845942727186,114.84481811523438,78415400
2012-10-09,114.75810451638513,114.8527270156304,113.66989764561418,113.7093276977539,148872900
2012-10-10,113.6935336288417,113.80394256870382,112.83401398955337,112.98384094238281,124247500
2012-10-11,113.77241856342418,113.93801997701841,113.02329566805516,113.04695129394531,123601500
2012-10-12,113.1257962038707,113.51217939640986,112.43186585135082,112.67631530761719,124181900
2012-10-15,112.9443952193533,113.73294788700962,112.58166773035234,113.61466979980469,107689100
2012-10-16,114.15083739809153,114.8447673379874,114.07198938005612,114.76590728759766,108815500
2012-10-17,114.84479706368964,115.38101907395269,114.67131453381255,115.28638458251953,128834100
2012-10-18,114.98681640625,115.53880115820174,114.60042106370119,114.98681640625,148108500
2012-10-19,114.77387186310986,114.78175306010657,112.80248970136755,113.07059478759766,185645200
2012-10-22,112.88131807753736,113.2913688647123,112.1952810552783,113.08634948730469,125578600
2012-10-23,111.86411608383271,112.02182425906406,111.0519075506469,111.51715087890625,192056300
2012-10-24,111.9192797502481,112.0533442987003,111.02822337476547,111.20170593261719,120179400
2012-10-25,111.99026442027414,112.19528380270224,110.84686534438973,111.52500915527344,134457400
2012-10-26,111.4225526665579,111.84836603573159,110.70496647562908,111.46198272705078,146023500
2012-10-31,111.85625926724924,111.99819304618542,110.93364157470354,111.46198272705078,103438500
2012-11-01,111.69850680880832,112.77093917012807,111.59600311992946,112.6290054321289,100995600
2012-11-02,113.29926105235891,113.33080990262687,111.5092548513818,111.62753295898438,137702200
2012-11-05,111.46195524646225,112.10856235613896,111.13075244587124,111.85623168945312,98378500
2012-11-06,112.19530700055381,113.1731169399798,112.07702887707437,112.73152923583984,107068100
2012-11-07,111.70638420896432,111.72214660048957,109.65614226884885,110.17658996582031,264304500
2012-11-08,110.1608069770428,110.7206846740173,108.76506536454046,108.851806640625,181517300
2012-11-09,108.52061646313943,109.95578812277701,108.46542403211595,108.94644165039062,201055300
2012-11-12,109.28554906776246,109.45903167715298,108.78876889756506,109.03321838378906,97677500
2012-11-13,108.45754777238591,109.80597836649333,108.31561404266984,108.6546859741211,123018300
2012-11-14,108.98589217814555,109.15936273137045,106.94353119917342,107.18798065185547,191505000
2012-11-15,107.22737793032078,107.62954745234667,106.59653345119516,107.00658416748047,178128400
2012-11-16,107.16433705063014,107.74787054327442,106.21807595278855,107.53495788574219,239483900
2012-11-19,108.74140580409377,109.72709661824385,107.56647005433635,109.71133422851562,151495800
2012-11-20,109.53788078314365,109.94003841050746,108.88338046478638,109.75867462158203,119807400
2012-11-21,109.85325668586266,110.05828805492877,109.63246292868173,109.96365356445312,81710800
2012-11-23,110.49994700637733,111.50140075517852,110.42896808454411,111.46198272705078,65409200
2012-11-26,110.90992115894316,111.46979881322366,110.54719369196546,111.22534942626953,100124400
2012-11-27,111.11500837236306,111.49351045098123,110.5866792955266,110.65764617919922,128646200
2012-11-28,110.20814887064024,111.61177206875587,109.60885299884377,111.54869842529297,177086500
2012-11-29,111.96658051833828,112.376619179621,111.4776697570289,112.06908416748047,151085900
2012-11-30,112.08488461245136,112.30567841436412,111.70638267093803,112.09276580810547,136568300
2012-12-03,112.60536090064527,112.69998340196493,111.45406832768369,111.54080963134766,124656300
2012-12-04,111.53289884165984,111.87197073633429,111.0834180149225,111.38307189941406,127512200
2012-12-05,111.4776997450252,112.10066316306735,110.68914698563226,111.58021545410156,147300500
2012-12-06,111.47770727855523,112.0060362191691,111.3121179260141,111.95872497558594,103220600
2012-12-07,112.39239009152472,112.51856138291521,111.71423444074658,112.29776763916016,108726400
2012-12-10,112.14006580834283,112.61319012896406,112.09274254715915,112.34508514404297,98840700
2012-12-11,112.81035434477616,113.63833713768359,112.75516190917436,113.1100082397461,152570400
2012-12-12,113.55159445367292,113.9853008667388,113.00749113840482,113.16519927978516,145880100
2012-12-13,113.09425735428496,113.4175669364269,112.18742631715403,112.47130584716797,135715000
2012-12-14,112.22681964387017,112.43183900253703,111.87985455046578,112.05333709716797,137701700
2012-12-17,112.34508797122182,113.43329439104289,112.31353912963877,113.37020874023438,143238200
2012-12-18,113.55157611529712,114.7344050331648,113.38597477255814,114.63188934326172,177762800
2012-12-19,114.75807550510875,114.79750554728041,113.74084779829334,113.78026580810547,150895400
2012-12-20,113.8512321745038,114.45052783957429,113.53580390418391,114.43475341796875,168487000
2012-12-21,112.9036754889032,114.42843354614315,112.72102539872702,113.39604187011719,245883800
2012-12-24,113.14981572903524,113.21334880534957,112.91951893037916,113.04658508300781,53874600
2012-12-26,113.27691075747268,113.33250675755562,112.25246842028623,112.57012176513672,106947700
2012-12-27,112.60185473468181,112.83216365345868,111.11680692799216,112.41920471191406,167920600
2012-12-28,111.68861469109125,112.3080471676163,111.07711930663014,111.20418548583984,148806700
2012-12-31,110.91033116238897,113.21334759511194,110.81502549008864,113.09423065185547,243935200
2013-01-02,115.23847634466816,116.0643824930972,114.93669711846283,115.99291229248047,192059000
2013-01-03,115.93728235734915,116.23904934601696,115.42108061658459,115.73079681396484,144761800
2013-01-04,115.9214365664197,116.42968927608095,115.68319045801901,116.23908996582031,116817700
2013-01-07,115.82613127906114,116.0326047560608,115.49257949034747,115.92142486572266,110002500
2013-01-08,115.7149491872028,115.87377586784997,115.1352142321771,115.58788299560547,121265100
2013-01-09,115.8419965405102,116.19937169835688,115.65934647424737,115.88170623779297,90745600
2013-01-10,116.52497694065629,116.81086983264363,115.92143066543846,116.80293273925781,130735400
2013-01-11,116.77113214152318,116.85848861862813,116.42965544228373,116.79496765136719,113917300
2013-01-14,116.65205832220975,116.79501084565729,116.28674597802286,116.71559143066406,89567200
2013-01-15,116.1755231024523,116.90614752061921,116.10405292601106,116.79496765136719,93172600
2013-01-16,116.55674635443097,116.96175622460227,116.42968015754212,116.77910614013672,104849500
2013-01-17,117.29526227933505,117.86704788372751,116.85847992629971,117.53350830078125,133833500
2013-01-18,117.50973847617342,117.92269762707751,117.0808930185457,117.7956314086914,169906000
2013-01-22,117.79558186670124,118.43090057373047,117.51762614559581,118.43090057373047,111797300
2013-01-23,118.4309490471548,118.72477907086976,118.21652632075937,118.62153625488281,104596100
2013-01-24,118.44679658002221,119.23300498807144,118.33561669463431,118.65328216552734,146426400
2013-01-25,119.02652832666124,119.32035827636719,118.62150637685211,119.32035827636719,147211600
2013-01-28,119.35212243237456,119.38389503843733,118.73268990883652,119.17742156982422,113357700
2013-01-29,118.93918414052918,119.79686280108552,118.85976473729819,119.6459732055664,105694400
2013-01-30,119.63007820577953,119.8683242804554,119.06622956630325,119.17742156982422,137447700
2013-01-31,119.0344497407033,119.42358533671513,118.80415291380437,118.88356018066406,108975800
2013-02-01,119.63797433956739,120.24946956108954,119.43150094164187,120.10652923583984,131173000
2013-02-04,119.3760061707743,120.13044228060613,118.66920475388243,118.75656127929688,159073600
2013-02-05,119.39972825943345,120.29710403972763,119.3520693715272,119.95562744140625,113912400
2013-02-06,119.53482276164505,120.12248286661853,119.44746624364863,120.04307556152344,138762800
2013-02-07,120.08276797808034,120.19394788336292,119.01066651323336,119.88423156738281,162490000
2013-02-08,120.09067896323695,120.62275497410366,120.09067896323695,120.55128479003906,103133700
2013-02-11,120.50368056418222,120.6307346748304,120.22572470437792,120.52750396728516,73775000
2013-02-12,120.535375797297,120.94833475698456,120.40037254691174,120.7259750366211,65392700
2013-02-13,120.97222194348464,121.19458178111252,120.48779255771629,120.82926940917969,82322600
2013-02-14,120.463949591835,121.08338219858973,120.32894629217824,120.9404296875,80834300
2013-02-15,121.05156741019452,121.17863357184493,120.35272775650955,120.79744720458984,215226500
2013-02-19,121.00392226701022,121.72659743877149,120.83715853057072,121.70277404785156,95105400
2013-02-20,121.61545384993154,121.65516355254121,120.12245627924732,120.18598937988281,160574800
2013-02-21,119.8842134100596,120.24951356450326,119.0741815841426,119.45536804199219,183257000
2013-02-22,120.03509253029522,120.62276458740234,119.51096568768529,120.62276458740234,106356600
2013-02-25,121.21040334968808,121.39305337924891,118.32765197753906,118.32765197753906,245824800
2013-02-26,118.89943404266201,119.28062038972301,118.11322584150913,119.13768005371094,186596200
2013-02-27,119.0345017534351,120.9722192534194,118.93125893193856,120.63867950439453,150781900
2013-02-28,120.63067982679064,121.40100182407772,120.24155634123326,120.40038299560547,126866000
2013-03-01,119.98741557118866,120.98009723840221,119.44740256071864,120.79744720458984,170634800
2013-03-04,120.51947769692782,121.44068908691406,120.32889059396153,121.44068908691406,99010200
2013-03-05,122.02839836575865,122.85430433994432,122.01251206307282,122.52870178222656,121431900
2013-03-06,122.96550984829695,123.02904295458151,122.42549662142963,122.69550323486328,94469900
2013-03-07,122.85428308005893,123.07664280838729,122.71134273371771,122.91781616210938,86101400
2013-03-08,123.45794106130884,123.60881862068737,122.82262184512891,123.44205474853516,123477800
2013-03-11,123.34665555828862,123.91842903410128,123.19576601032169,123.91049194335938,83746800
2013-03-12,123.82309123439973,123.96604364055013,123.25925505077866,123.63249206542969,105755800
2013-03-13,123.69611685133879,123.98200975795831,123.27522064405177,123.80729675292969,92550900
2013-03-14,124.13289859076174,124.52203430275642,123.81524519325205,124.46643829345703,126329900
2013-03-15,124.31807335595403,124.46962189352422,123.88732058552519,124.30211639404297,138601100
2013-03-18,123.11355572240886,124.15053901869909,123.00188134721417,123.61609649658203,126704300
2013-03-19,123.87931021468222,124.04681566281403,122.51527642193501,123.32891082763672,167567300
2013-03-20,124.05483357475742,124.3978291275286,123.84742959252816,124.19043731689453,113759300
2013-03-21,123.44860572502782,124.15056604856363,122.92214765397263,123.1295394897461,128605000
2013-03-22,123.5203561183962,124.11861419677734,123.42462654917281,124.11861419677734,111163600
2013-03-25,124.4457258426315,124.65312988819704,123.1215897679232,123.60018920898438,151322300
2013-03-26,124.11060689598659,124.62111987581744,123.97500321698662,124.58921813964844,86856600
2013-03-27,123.84737192913153,124.62910443855185,123.63998021505914,124.58921813964844,99950600
2013-03-28,124.50947542096941,125.11571809796928,124.23826799788654,124.97212982177734,102932800
2013-04-01,124.90835598606266,125.1636187085,124.1744939164501,124.47761535644531,99194100
2013-04-02,124.92424876044682,125.40286003329817,124.73280181698821,125.09176635742188,101504300
2013-04-03,125.16360640478328,125.2593238304899,123.49646299188468,123.82350158691406,154167400
2013-04-04,123.98301923115588,124.5733050164837,123.71181177773248,124.3260269165039,131885000
2013-04-05,122.8024819154898,123.91923802058922,122.65890576900908,123.7676773071289,159666000
2013-04-08,123.85538295929616,124.61317411403994,123.44058727092158,124.6052017211914,86571200
2013-04-09,124.83653794673451,125.4906393872868,124.42174220813045,125.03595733642578,101922200
2013-04-10,125.37098091087675,126.72703033143806,125.3390791639102,126.56749725341797,135711100
2013-04-11,126.59144100262853,127.39710322138014,126.46380965706064,126.98230743408203,110142500
2013-04-12,126.5754587786252,126.86262316304094,125.96922826556649,126.67118835449219,116359900
2013-04-15,126.03306372728397,126.13676571260274,123.71980350219314,123.73574829101562,217259000
2013-04-16,124.66906204082478,125.62628516907864,124.36595274370224,125.56246948242188,147507800
2013-04-17,124.66900625646636,124.69294777839777,123.06567892578161,123.72775268554688,226834800
2013-04-18,123.93513455132951,123.9670484636287,122.48336800308928,122.95399475097656,167583200
2013-04-19,123.24119042405951,124.07875434669722,122.93806903813868,124.02291107177734,149687600
2013-04-22,124.26223990214261,124.86847061515317,123.44063278688493,124.57333374023438,106553500
2013-04-23,125.19548539626994,125.97720596448367,124.57329789909673,125.85755920410156,166141300
2013-04-24,125.89749923140535,126.27240880268933,125.66616583383949,125.93738555908203,96781200
2013-04-25,126.30426479509217,127.04611127195354,126.11282996616839,126.4478530883789,131060600
2013-04-26,126.29629062331249,126.51166697441396,125.81767921455226,126.22450256347656,95918800
2013-04-29,126.56748188525039,127.3492023927458,126.3680625190409,127.07002258300781,88572800
2013-04-30,127.0460999003973,127.40505234409441,126.51962982479202,127.37313842773438,116010700
2013-05-01,127.09392651996103,127.15774216497877,126.11278684244145,126.25636291503906,138874200
2013-05-02,126.57551026480137,127.5407057796796,126.45586346079055,127.42903137207031,96407600
2013-05-03,128.53775949597969,129.1280452628055,127.45291754469578,128.72122192382812,144202300
2013-05-06,128.81703382148706,129.23181764762177,128.76119051512205,129.04835510253906,66882100
2013-05-07,129.32748310363812,129.74226672390836,128.96054602398885,129.702392578125,90359200
2013-05-08,129.5587560830934,130.3325041003952,129.48696804146928,130.29261779785156,97419200
2013-05-09,130.2368139652392,130.579809461391,129.59866950577353,129.92572021484375,106738600
2013-05-10,130.0134723624088,130.46016985706163,129.6305783627688,130.34849548339844,103203000
2013-05-13,130.18100196800114,130.66758586592758,129.87789270992621,130.45220947265625,81843200
2013-05-14,130.55593272446208,131.89603784657444,130.55593272446208,131.80030822753906,119000900
2013-05-15,131.58494160514024,132.77347379477905,131.54505527889242,132.51023864746094,120718500
2013-05-16,132.23898055053093,132.70163498062428,131.68858110487514,131.88800048828125,109913600
2013-05-17,132.3746013983846,133.2440671013516,132.19911134455342,133.164306640625,129801000
2013-05-20,133.03669475834502,133.67483939548035,132.9010910008382,133.15634155273438,85071200
2013-05-21,133.27600549978493,133.8503344775121,132.81335092486043,133.34779357910156,95804200
2013-05-22,133.4833709514435,134.86336200732845,131.75241196442164,132.358642578125,244031800
2013-05-23,130.9467701965626,132.3427061293837,130.77128013413744,131.97576904296875,211064400
2013-05-24,131.19399811931555,131.91988744775995,130.80313182593991,131.86404418945312,151573900
2013-05-28,133.24406699593087,133.83435282849558,132.2629269114471,132.65379333496094,143679800
2013-05-29,131.95184573023792,132.25496715587354,131.0903523402177,131.7923126220703,160363400
2013-05-30,131.8959573835576,132.88506952793068,131.79225543103178,132.27883911132812,107793800
2013-05-31,131.9119257085326,132.66174451410706,130.12513587900324,130.38038635253906,176850100
2013-06-03,130.68354705804813,131.18608793474743,129.7502655524612,131.0983428955078,168390700
2013-06-04,131.17013047728656,131.69660071073977,129.80609617635716,130.46817016601562,157631500
2013-06-05,130.09324650253228,130.3564815906289,128.52980510677637,128.6414794921875,211737800
2013-06-06,128.5856907228916,129.81412165475766,127.82789905982115,129.80613708496094,200225500
2013-06-07,130.69948407913998,131.57692216606145,130.13312760835328,131.457275390625,188337800
2013-06-10,131.86408659870358,131.93587466396545,131.1142676817161,131.457275390625,105667100
2013-06-11,130.26074462141668,131.24985698047632,129.81404714679704,130.10121154785156,159505400
2013-06-12,130.99464867540982,131.13025244018223,128.9047367441219,129.02438354492188,177361500
2013-06-13,128.9525831970827,131.21798500176598,128.6654187308837,130.98666381835938,163587800
2013-06-14,130.8430546265045,131.35356779924052,129.94965961711506,130.16502380371094,141197500
2013-06-17,131.05044603889058,131.79229252757403,130.1969373459514,131.17010498046875,136295600
2013-06-18,131.241912162944,132.40652697070135,131.23393976764828,132.2071075439453,114695600
2013-06-19,132.09540029906617,132.3267214210703,130.3245552561627,130.38038635253906,206149500
2013-06-20,129.11204890853614,130.39630985480224,126.81473437817446,127.1497573852539,321255900
2013-06-21,128.01503615006982,128.11126002455816,126.27491841576008,127.5579605102539,271956800
2013-06-24,126.226851633299,127.04477933103747,124.87965572855221,125.94618225097656,222329000
2013-06-25,127.08483279670835,128.3839162981609,126.23482259901502,127.15701293945312,162262200
2013-06-26,128.19954531941934,128.70474543196312,127.70237202517214,128.4160614013672,134848000
2013-06-27,129.1858106779038,129.76317838654214,129.06551860093975,129.16976928710938,129483700
2013-06-28,128.808922207946,129.42637506200893,128.1914571178866,128.64051818847656,160402900
2013-07-01,129.31412289793735,130.29243985914096,129.16978706890617,129.39431762695312,131954800
2013-07-02,129.20182194461188,130.14806809453694,128.7046490227835,129.2740020751953,154863700
2013-07-03,128.68866370998123,129.72311959383046,128.48017451165487,129.33018493652344,75216400
2013-07-05,130.28443256373,130.7735910716765,129.34621291458643,130.72547912597656,122416900
2013-07-08,131.3990235136918,131.824028528971,130.77354397286598,131.47119140625,108092500
2013-07-09,132.29720361774588,132.57787297126393,131.72786256712266,132.41749572753906,119298000
2013-07-10,132.28917281340395,132.91465255241786,132.01653030891026,132.46559143066406,121410100
2013-07-11,134.00519332302164,134.40614237703872,132.45752361179888,134.2698211669922,135592200
2013-07-12,134.22981062622057,134.662830500773,134.02132138825115,134.32603454589844,104212700
2013-07-15,134.69491277826668,135.0317087318417,134.46235532527317,134.83924865722656,69450600
2013-07-16,134.92744249236935,135.00763723991193,133.97319351821577,134.33404541015625,88702100
2013-07-17,134.84720649888263,135.10380756444695,134.50238390441078,134.67880249023438,92873900
2013-07-18,134.96748863324112,135.73731631502574,134.87927933882827,135.4165496826172,103620100
2013-07-19,135.13593640538627,135.705277478786,134.96753233933856,135.65716552734375,103831700
2013-07-22,135.84963077612517,136.11425875520035,135.52886402754905,135.9217987060547,79428600
2013-07-23,136.16234300868584,136.18639898043526,135.5609192429549,135.63308715820312,80829700
2013-07-24,136.15428135607394,136.21042009979016,134.86322484654312,135.13587951660156,112914000
2013-07-25,134.89531975959278,135.58495271931804,134.67078923651906,135.46466064453125,111088600
2013-07-26,134.89536539649566,135.64915193725741,134.3340388989071,135.6090545654297,107814600
2013-07-29,135.26418450399132,135.56890974001837,134.80710888594643,135.1920166015625,79695000
2013-07-30,135.60099252065052,135.74532832550815,134.87126221121505,135.1920166015625,85209600
2013-07-31,135.4727022278883,136.20243262543573,135.11185043617712,135.28826904296875,142388700
2013-08-01,136.31470406450202,136.97225434464943,136.2425239140975,136.8519744873047,110438400
2013-08-02,136.54726321346777,137.10057508603097,136.36283000127966,137.08453369140625,91116700
2013-08-05,136.7798252421093,137.09256514988948,136.603406603259,136.88406372070312,54072700
2013-08-06,136.61946156655895,136.916172371212,135.80153379849273,136.1062469482422,87495000
2013-08-07,135.67315742821305,135.86560516377514,135.1599430733885,135.66513061523438,84854700
2013-08-08,136.3067199071867,136.46709717916897,135.4647239342779,136.16238403320312,102181300
2013-08-09,135.98592516265728,136.4029157353404,135.29629208460355,135.7694091796875,91757700
2013-08-12,135.08782543966885,135.7694318167407,135.02367209194446,135.6090545654297,68593300
2013-08-13,135.8495715441072,136.24249381529376,135.04767337630443,136.00994873046875,80806000
2013-08-14,135.94585712722704,136.1623731569092,135.28027987746376,135.31236267089844,79829200
2013-08-15,134.24581521997368,134.26184437819077,133.18730344971087,133.41986083984375,152931800
2013-08-16,133.16320817747012,133.62029600773366,132.71414715994493,132.97877502441406,130868200
2013-08-19,132.8264010951702,133.2834888864818,132.12072685005506,132.12875366210938,96437600
2013-08-20,132.34528838378748,133.27549333672852,132.20095256488122,132.7783203125,89294400
2013-08-21,132.409464604604,133.13919511121296,131.66370493934357,131.9604034423828,159530500
2013-08-22,132.23306380378227,133.35572909673166,132.2250492233757,133.16326904296875,101471400
2013-08-23,133.5561476586389,133.7806781757617,132.9306680415118,133.61227416992188,90888900
2013-08-26,133.74865254591336,134.15762863370887,133.0269487519224,133.1151580810547,89702100
2013-08-27,131.79998367702538,133.11509618605015,130.87780567615857,130.97402954101562,158619400
2013-08-28,130.91793713035497,131.90428103820685,130.74954530725785,131.43917846679688,108113000
2013-08-29,131.15047100644423,132.34529165693021,131.03017891838377,131.64764404296875,119200500
2013-08-30,131.92031556062318,131.93635695642723,130.84577452574845,131.23068237304688,134928900
2013-09-03,132.49768849712046,132.77835787238436,131.27078474536745,131.8240966796875,142375100
2013-09-04,131.85610043726086,133.13914230846845,131.61554079290428,132.91461181640625,97389400
2013-09-05,132.99485953090235,133.4358938786728,132.89862339880784,133.08306884765625,63090500
2013-09-06,133.52409475530177,133.9009879725176,131.896242023922,133.14720153808594,159756500
2013-09-09,133.47596437360573,134.50239317862886,133.47596437360573,134.42221069335938,87559300
2013-09-10,135.23211651647972,135.44060565054835,134.92739127469056,135.4165496826172,105847200
2013-09-11,135.23212968623076,135.84156799316406,134.99958456158427,135.84156799316406,94545900
2013-09-12,135.79348332056017,135.9699019619923,135.29631018706937,135.48074340820312,83209000
2013-09-13,135.6250841883918,135.8897121362839,135.31234429288278,135.78546142578125,72727800
2013-09-16,137.2529381396011,137.31709148228552,136.35480357801802,136.57131958007812,106299200
2013-09-17,136.6916427489717,137.21287195223226,136.6916427489717,137.18080139160156,82523300
2013-09-18,137.13261438147168,139.14538680612327,136.7878040096287,138.76849365234375,203460600
2013-09-19,139.14540026280395,139.20955359688514,138.39962846060772,138.53594970703125,146616900
2013-09-20,138.8647326760714,138.8647326760714,137.45457031547815,137.5673828125,132867100
2013-09-23,137.3820484092429,137.51096819258325,136.49565573580432,136.9307861328125,104616500
2013-09-24,136.90665000377106,137.41431251754625,136.35065331683055,136.60850524902344,106333100
2013-09-25,136.69711221190212,136.97108366745204,136.09275690343833,136.213623046875,117306500
2013-09-26,136.43928202618847,137.12421077392506,136.2217106377817,136.7374267578125,77146900
2013-09-27,136.05248956961051,136.29423419739675,135.75434482953827,136.10890197753906,99141800
2013-09-30,134.95657493736573,135.81072852943117,134.69065710850063,135.38365173339844,143937000
2013-10-01,135.48843230597524,136.58433067222114,135.35144654714986,136.4553985595703,127160000
2013-10-02,135.6576222408335,136.45536335380012,135.2385991306487,136.32643127441406,113350000
2013-10-03,136.01217454222467,136.13305298420312,134.44085316162887,135.0693817138672,176698000
2013-10-04,135.17418406044246,136.22978973021344,134.996905458351,136.09280395507812,96878000
2013-10-07,134.90823663783192,135.73821704981256,134.77125089267065,134.91629028320312,96295000
2013-10-08,134.89211903644744,135.06939760235707,133.24827777468045,133.344970703125,178015000
2013-10-09,133.60282461628967,133.9251425500409,132.579446118386,133.44166564941406,168973000
2013-10-10,134.80348365183602,136.39092484979776,134.75513718621562,136.3184051513672,195955000
2013-10-11,136.10885379453765,137.24504453596774,135.9960413142591,137.19668579101562,105040000
2013-10-14,136.35063177113503,137.85748719055837,136.24587290817493,137.7446746826172,112106000
2013-10-15,137.398123955827,137.9138398569676,136.5600902273374,136.74542236328125,155485000
2013-10-16,137.56745889982994,138.72782367992218,137.50299282364185,138.65530395507812,161676000
2013-10-17,138.09113090985605,139.66246427409422,138.06695768538822,139.58187866210938,129389000
2013-10-18,140.09767282431358,140.6214427077128,139.8156353205479,140.52474975585938,138316000
2013-10-21,140.57306869950185,140.8148133274328,140.21851155128874,140.53277587890625,104104000
2013-10-22,140.94366947843645,141.76558355656041,140.55687336394007,141.34657287597656,126663000
2013-10-23,140.86318570609217,140.92765177177532,140.17825681254268,140.6697998046875,105484000
2013-10-24,140.95169184681075,141.31430236501677,140.62130818317792,141.13702392578125,70350000
2013-10-25,141.42716601559144,141.82201582699386,141.15319461778776,141.78172302246094,93625000
2013-10-28,141.73339855482695,142.2007681094842,141.58029325124136,142.0073699951172,84979000
2013-10-29,142.3297163645197,142.82125920239216,142.12826458335297,142.7648468017578,87401000
2013-10-30,142.93411022126384,143.0388568146584,141.548120609734,142.05577087402344,140002000
2013-10-31,141.94287722397885,142.53917874257544,141.4432808921724,141.6527862548828,133795000
2013-11-01,141.83818190141602,142.3136051820868,141.19353370449136,141.9912872314453,142805000
2013-11-04,142.3780474918727,142.54726008427116,141.80591908489023,142.49085998535156,85677000
2013-11-05,141.9348377180096,142.426380456389,141.47553414365026,142.0395965576172,85825000
2013-11-06,142.6520342961301,143.0307646283748,142.25718437861258,142.7648468017578,87348000
2013-11-07,143.03078462784882,143.14359714925072,140.8228683711059,140.95985412597656,157000000
2013-11-08,140.91150500468348,142.87767659405904,140.8953977131028,142.86155700683594,136713000
2013-11-11,142.72455566536883,143.05493954132263,142.55534305275714,142.88572692871094,62614000
2013-11-12,142.57952250367805,142.91796003930807,142.12020651526768,142.59564208984375,83990000
2013-11-13,141.89453297417887,143.78011815466328,141.89453297417887,143.73983764648438,103844000
2013-11-14,143.86882884893188,144.57794320219992,143.6351501437741,144.4570770263672,103435000
2013-11-15,144.690751816864,145.14200192195545,144.50541958705355,145.08560180664062,102818000
2013-11-18,145.32728771331983,145.4481538370344,144.25556299904406,144.577880859375,104796000
2013-11-19,144.50541651062187,144.94054701822694,144.0138735932598,144.263671875,93891000
2013-11-20,144.55376491508815,144.98889542852228,143.41757371939468,143.8124237060547,124909000
2013-11-21,144.21530239540516,145.08557556739376,144.12666311967556,144.97276306152344,92841000
2013-11-22,145.0291917833058,145.7141328941522,144.85997913893235,145.69801330566406,81296000
2013-11-25,145.9558209670044,145.98804783584623,145.3433997982615,145.55291748046875,79486000
2013-11-26,145.62545511083798,146.02835864704645,145.37565688569114,145.5932159423828,86994000
2013-11-27,145.74634787771268,146.0445049100082,145.5690693057453,145.9477996826172,58800000
2013-11-29,146.10893837341948,146.45542949866194,145.6899152699014,145.85107421875,55870900
2013-12-02,145.92357045918052,146.19754185777435,145.24669560537066,145.47232055664062,99726000
2013-12-03,144.9969774350752,145.35958828571898,144.37650232890593,144.8438720703125,116563000
2013-12-04,144.32003246778618,145.43203771936143,143.7156772435419,144.8276824951172,123033000
2013-12-05,144.5698772300971,144.83579508990124,144.05416109777335,144.19114685058594,106934000
2013-12-06,145.58516302158694,145.93972010251483,145.16613989906853,145.802734375,127728000
2013-12-09,146.2298285416646,146.3909875169971,145.98003028555303,146.1734161376953,70124000
2013-12-10,145.8349293121813,146.14113986877052,145.56095791714753,145.64959716796875,80976000
2013-12-11,145.70602403930639,145.7301972650576,143.83654594362275,144.01382446289062,130591000
2013-12-12,143.9493329150621,144.12661140290868,143.2402189636757,143.5383758544922,115565000
2013-12-13,143.83655734613754,143.96548942412403,143.2483216468288,143.5222930908203,107808000
2013-12-16,144.19917668920297,144.89217128031646,144.1588838754651,144.416748046875,96195000
2013-12-17,144.5456759918279,144.56984922025003,143.63511006912705,143.95742797851562,89886000
2013-12-18,144.17500314624834,146.43931910308544,142.88571917892682,146.41514587402344,234906000
2013-12-19,145.99617632042884,146.41519960400652,145.61745816093253,146.24598693847656,136531200
2013-12-20,146.3917643799095,147.44500328563038,146.2945465112687,147.09661865234375,197087000
2013-12-23,147.81769128605507,147.97162783139441,147.5098305577716,147.88250732421875,85598000
2013-12-24,147.89064870910352,148.27143532014992,147.8825513378213,148.2066192626953,45368800
2013-12-26,148.538769634162,149.04109089655717,148.52257489457256,148.96006774902344,63365000
2013-12-27,149.15452611114378,149.21932979873748,148.7980440173909,148.9519805908203,61814000
2013-12-30,148.9681420273581,149.08967672981967,148.73319471576394,148.92764282226562,56857000
2013-12-31,149.13016805269376,149.63247680664062,149.016730734171,149.63247680664062,86119900
2014-01-02,149.05724655469206,149.1301723133106,147.84197383469942,148.19845581054688,119636900
2014-01-03,148.44960740394913,148.74938307567257,147.96350574252648,148.1741485595703,81390600
2014-01-06,148.66018358392296,148.71688985121108,147.5178248886915,147.7446746826172,108028200
2014-01-07,148.33619022120848,148.90331503712193,148.2227652580258,148.65216064453125,86144200
2014-01-08,148.62788215737586,148.93575526656878,148.17418222534167,148.68460083007812,96582300
2014-01-09,149.16258578737953,149.17879288638107,148.10124950707313,148.78179931640625,90683400
2014-01-10,149.03292262844516,149.25167515094913,148.2713498453803,149.18685913085938,102026400
2014-01-13,148.80609133435902,149.21927960637308,146.91836623642428,147.20193481445312,149892000
2014-01-14,147.6880364567109,148.88711443441463,147.41257760874925,148.80609130859375,105016100
2014-01-15,149.15454580217204,149.83509587332802,148.8385752432497,149.60824584960938,98525800
2014-01-16,149.30033234299026,149.60820544735148,148.93575292921267,149.41375732421875,72290600
2014-01-17,149.15448841907593,149.4380446584342,148.5225475443531,148.78179931640625,107848700
2014-01-21,149.64058207221814,149.69730073447315,148.30378699281854,149.2192840576172,88621200
2014-01-22,149.4704037629455,149.53521977266675,149.00049696425876,149.31646728515625,61270900
2014-01-23,148.56303131271588,148.58733577749584,147.30725942444167,148.09312438964844,132496900
2014-01-24,147.12903957428043,147.17764851082234,144.88483222556744,144.93344116210938,208677100
2014-01-27,145.07121374920715,145.4439029775294,143.4994584007847,144.22052001953125,180843100
2014-01-28,144.32579386233442,145.26560777269015,144.3095867639093,145.0792694091797,110463200
2014-01-29,143.87206831070006,144.65794555164769,143.304943591045,143.68572998046875,216597300
2014-01-30,144.88480979510462,145.67878448129093,144.423000244662,145.20887756347656,118938100
2014-01-31,143.4103494005094,145.25756386138025,143.33743596814858,144.35826110839844,194677900
2014-02-03,144.18808417422994,144.51215201274135,140.83393135981478,141.10939025878906,254837100
2014-02-04,141.7413420296369,142.46240353346562,141.06079209931698,142.0978240966797,165012400
2014-02-05,141.60363090598042,142.23557197487895,140.73674246014195,141.9196014404297,164230500
2014-02-06,142.25175112791763,143.7910919189453,141.96008512555076,143.7910919189453,132877600
2014-02-07,144.46352587406375,145.72740760114038,143.99361891049014,145.57347106933594,170787200
2014-02-10,145.58962023676472,145.88939581293016,145.19263919417222,145.8407745361328,92218800
2014-02-11,145.96241042796842,147.80962463108952,145.86518016932146,147.4369354248047,117814100
2014-02-12,147.65566874424871,148.12557578533114,147.2181759059423,147.5098419189453,94717700
2014-02-13,146.51329949081497,148.42532936929877,146.50520212185364,148.27139282226562,100542200
2014-02-14,148.13359419420522,149.36507363294947,147.9958648118125,149.08961486816406,96498400
2014-02-18,149.2192925212143,149.4704592880835,148.78989711439067,149.26791381835938,80460900
2014-02-19,148.87903725558706,149.84315579664292,148.157975782743,148.27951049804688,126524300
2014-02-20,148.4820579574759,149.4947854530835,147.93923750331774,149.15451049804688,104998100
2014-02-21,149.43804435438753,149.79452635733034,148.91143108065475,148.98434448242188,118116400
2014-02-24,149.3003266619537,150.8153629312274,149.23551062337577,149.8107452392578,114063900
2014-02-25,149.93225406093626,150.3616494606869,149.2598016290414,149.75401306152344,117085000
2014-02-26,149.97274302255957,150.36973652730612,149.34080225166824,149.76210021972656,98677200
2014-02-27,149.5433438462918,150.58847282903034,149.37320024508728,150.5479736328125,93880800
2014-02-28,150.52371148178065,151.62555951927064,149.9241847012029,150.92880249023438,150842000
2014-03-03,149.6000853844687,150.24823338775485,148.87092660726864,149.86744689941406,167748500
2014-03-04,151.3338721036812,152.2979905454811,151.3014702670402,151.9739227294922,167545900
2014-03-05,152.1035664491777,152.37092798092115,151.86860675655663,152.11166381835938,88376900
2014-03-06,152.48433880273475,152.80840661345044,152.13595416194056,152.46002197265625,82516500
2014-03-07,153.09199384873963,153.09199384873963,151.852404034045,152.5248565673828,114513500
2014-03-10,152.28989585532068,152.50053870317868,151.56883444402814,152.44383239746094,74939200
2014-03-11,152.67067893018606,152.88943150424993,151.34198111115174,151.6903533935547,99009100
2014-03-12,150.95308259567648,151.78756888106017,150.6127953524619,151.73085021972656,104824400
2014-03-13,152.18453586952128,152.30607054859146,149.60816385681258,150.02944946289062,155014300
2014-03-14,149.76218244336113,150.5318530497208,149.43000477920197,149.60824584960938,153919600
2014-03-17,150.36164263686388,151.3176636232725,150.296826607074,150.961181640625,98359500
2014-03-18,151.269086895497,152.2413028245348,151.10704060532714,152.03875732421875,101804600
2014-03-19,152.05492272348843,152.26557791510368,150.26442776912222,151.22854614257812,176267300
2014-03-20,150.89639087174132,152.22508879888122,150.62902933999786,152.11166381835938,117241000
2014-03-21,152.75046482513406,153.816485435852,151.38334541893903,151.5216827392578,163128000
2014-03-24,152.04248187469906,152.22965508121388,150.23593883265067,150.89508056640625,121411000
2014-03-25,151.66001426979915,152.12386210576946,150.7648882753869,151.61119079589844,103852000
2014-03-26,152.2051929552425,152.4493226816059,150.48003107832736,150.52072143554688,119843000
2014-03-27,150.34166061470816,150.82177443985063,149.64996194550557,150.2033233642578,142383000
2014-03-28,150.63464636058725,151.70066666376567,150.54513254185719,150.94387817382812,101642000
2014-03-31,151.9040963308741,152.41676747967358,150.9682802632413,152.18077087402344,99745000
2014-04-01,152.6772090689357,153.27939421088394,152.17268329027638,153.18988037109375,89193000
2014-04-02,153.38513450506684,153.90593873660976,153.10031445254006,153.70249938964844,78774000
2014-04-03,153.93849276609907,153.97918312131296,153.02708841068298,153.4990692138672,77435000
2014-04-04,154.33724450198577,154.36978933727593,151.440269899971,151.68438720703125,169381000
2014-04-07,151.3182067303883,151.57046957215786,149.6988372298853,150.008056640625,140803000
2014-04-08,149.94296010724932,150.87064320776088,149.39774404454954,150.62652587890625,112660000
2014-04-09,151.03343487087818,152.29474937886064,150.59399875710085,152.2459259033203,100254000
2014-04-10,152.23774883428374,152.3109840264459,148.86064788679155,149.04782104492188,172959000
2014-04-11,148.21779511557287,149.25940375427803,147.54237487974848,147.7051239013672,167251000
2014-04-14,148.86065940946747,149.21871471035846,147.6481686333057,148.86880493164062,132382000
2014-04-15,149.17803633871435,149.9999269737949,147.70512477938016,149.89413452148438,157093000
2014-04-16,150.92765383291942,151.47287004603055,150.26036650474998,151.46473693847656,105197000
2014-04-17,151.26127286711665,152.0994422361472,151.00086446429438,151.67628479003906,105255000
2014-04-21,151.71704439536407,152.25412765858073,151.52988353101708,152.20529174804688,68329000
2014-04-22,152.35982863677876,153.311923517907,152.27846032873288,152.89691162109375,85790000
2014-04-23,152.84000876687873,152.92137710352367,152.4168511986621,152.53890991210938,73869000
2014-04-24,153.28749181097186,153.30377043724212,152.11567905858783,152.8480682373047,88170000
2014-04-25,152.3517567567259,152.44127062341806,151.25317861250056,151.59495544433594,100380000
2014-04-28,152.21336477070057,152.7341691489963,150.51261433093316,152.0750274658203,135121000
2014-04-29,152.56327147305893,153.01897374265013,152.23777339962396,152.78298950195312,84098000
2014-04-30,152.53077365636585,153.39335499215466,152.31918866814334,153.23873901367188,101508000
2014-05-01,153.165399530674,153.66992508170583,152.7666539847918,153.25491333007812,93019000
2014-05-02,153.2387177549438,153.91413816795452,152.8074271468821,153.0352783203125,98122000
2014-05-05,152.2865774327571,153.43397848315044,151.86342005773432,153.32818603515625,75883000
2014-05-06,152.98642230818965,153.09221476512624,151.9610922458024,151.99363708496094,85454000
2014-05-07,152.5063420703446,152.96204442112963,151.3670737764242,152.88880920410156,106500000
2014-05-08,152.75045259526684,153.84088485656233,152.23778130687074,152.7260284423828,93618000
2014-05-09,152.75040281867805,153.01893182637855,152.0342923529376,152.95384216308594,83679000
2014-05-12,153.63742691805237,154.51628655633604,152.98641839892133,154.4430389404297,86940000
2014-05-13,154.64654111909843,154.95577308506066,154.4268354330345,154.58145141601562,66454000
2014-05-14,154.44300791739994,154.51625551859303,153.6292505361846,153.84896850585938,72367000
2014-05-15,153.53977767771636,153.57233493514147,151.74951344495696,152.4981689453125,154956000
2014-05-16,152.58767882300322,153.09221696437143,151.9448158005078,153.02711486816406,97458000
2014-05-19,152.73414468476298,153.7106511855358,152.59580740204095,153.58859252929688,63839000
2014-05-20,153.51538050943756,153.5316591396947,152.2296543091269,152.62025451660156,111644000
2014-05-21,153.05966050365586,153.97921054405273,153.0352487695706,153.90597534179688,89093000
2014-05-22,153.94667557711986,154.59768421988227,153.68627957018913,154.2803192138672,61549000
2014-05-23,154.41866195586297,155.0045685132304,154.2803246321731,154.89878845214844,61092800
2014-05-27,155.47655707675784,155.89971459261952,155.38704322565167,155.85089111328125,72010000
2014-05-28,155.85084877760173,156.0949785249351,155.4765148427632,155.73692321777344,66723000
2014-05-29,156.09503041449796,156.5669990214263,155.69628461406936,156.54258728027344,64377000
2014-05-30,156.3960969893883,156.89248969144475,156.265892775121,156.79483032226562,76316000
2014-06-02,157.01452153887968,157.04707879535923,156.21704259250285,156.9738311767578,64656000
2014-06-03,156.59138778063894,156.97385489184703,156.4449173552182,156.89248657226562,65047000
2014-06-04,156.6239779847239,157.2993985057916,156.46122889437305,157.2098846435547,55529000
2014-06-05,157.3889266951483,158.39797859735341,156.81115309230444,158.2352294921875,92103000
2014-06-06,158.5769951848325,159.03269761403016,158.50375995520287,158.9920196533203,78696000
2014-06-09,158.96756333664337,159.5371912134205,158.821080501497,159.15472412109375,65119000
2014-06-10,158.95938983091966,159.2035195685508,158.6176131650178,159.1709747314453,57129000
2014-06-11,158.60138189057085,158.78040959048786,158.2596051226269,158.61766052246094,68772000
2014-06-12,158.43045752788692,158.5199713540095,157.1447191240147,157.49462890625,106350000
2014-06-13,157.80385216644697,158.1293626150857,157.29932649224943,157.97474670410156,82017000
2014-06-16,157.77948235059347,158.43862411088267,157.59232155350134,158.10498046875,87424000
2014-06-17,157.8852765674043,158.65834391926754,157.71438198246568,158.54441833496094,84834000
2014-06-18,158.54437109545253,159.7975521494304,158.19444892272875,159.70803833007812,105267000
2014-06-19,159.84640985367636,159.9847595816383,159.33375097570436,159.88710021972656,85929000
2014-06-20,160.28528656861064,160.34252854225846,160.0154582852451,160.21170043945312,100587000
2014-06-23,160.25255565925482,160.3016130694721,159.86825597728316,160.16261291503906,70611000
2014-06-24,159.87650239427978,160.66963083212752,159.0179598869081,159.19784545898438,96237000
2014-06-25,158.8625738760735,160.08088730400664,158.82987308554198,159.9173583984375,82782000
2014-06-26,159.94188715648718,159.95824378998552,158.73175828318043,159.80288696289062,84312000
2014-06-27,159.42679070074033,160.16268963586512,159.35320455016532,160.11363220214844,71445100
2014-06-30,160.01545794326594,160.3997576966512,159.8764577630028,160.0318145751953,70201200
2014-07-01,160.42430946520486,161.5935655253552,160.36707995990795,161.10296630859375,90470000
2014-07-02,161.1193224722518,161.47090901128735,161.04573633288945,161.26649475097656,52475000
2014-07-03,161.72435849484407,162.13318695933793,161.60171494607775,162.05960083007812,52938800
2014-07-07,161.74892178491837,161.87973742932755,161.25832256990083,161.4954376220703,61696000
2014-07-08,161.20110504663452,161.25834703686934,160.06456208664272,160.45704650878906,108143000
2014-07-09,160.85761277203565,161.32368311935264,160.51419842601626,161.17649841308594,72992000
2014-07-10,159.6230159060952,160.9639730161399,159.49218777915013,160.53878784179688,99040000
2014-07-11,160.44065102516717,160.87400821945897,160.08087996353885,160.75953674316406,64243000
2014-07-14,161.57714180208137,161.78155597811372,161.4381416595535,161.5689697265625,58658000
2014-07-15,161.66715119270998,161.97786486084837,160.55513711756103,161.26649475097656,111307000
2014-07-16,161.98603162310204,162.10867518468064,161.4218462869287,161.86338806152344,79986400
2014-07-17,161.36463882838706,161.97788167296954,159.79472616697322,160.023681640625,145398000
2014-07-18,160.54696723289518,161.82251023843452,160.45702445807092,161.6589813232422,124330000
2014-07-21,161.15200056340612,161.48724289744106,160.61234399785548,161.35641479492188,67592000
2014-07-22,161.90424401733773,162.3539578235719,161.78977254633764,162.05960083007812,67678000
2014-07-23,162.30490108711192,162.59108600404383,161.97784330472226,162.41937255859375,65612000
2014-07-24,162.57475128375143,162.76280891014906,162.26403761508513,162.4275665283203,56888000
2014-07-25,161.96965858883283,162.10865877003243,161.34824381233076,161.66712951660156,76837000
2014-07-28,161.69989170396792,161.96972009103237,160.76776294704501,161.73260498046875,69259000
2014-07-29,162.03509446894986,162.26403744252693,161.01302316674642,161.0375518798828,80466000
2014-07-30,161.60990144804896,161.82250025349185,160.39160050005088,161.06207275390625,104222000
2014-07-31,159.9418771902756,160.08087737521083,157.78326333186325,157.88137817382812,183479000
2014-08-01,157.44805950818028,158.42924559725353,156.6385869110124,157.3990020751953,189261000
2014-08-04,157.70147843246164,158.87073425846435,157.03100627870552,158.53549194335938,91340000
2014-08-05,157.88959252168598,158.29842107562465,156.42597931176957,156.9983367919922,152690000
2014-08-06,156.26243755010094,157.71786608445714,156.237908836996,157.04739379882812,94818000
2014-08-07,157.75874940644033,157.91410623841466,155.80454960327822,156.197021484375,135733000
2014-08-08,156.54861511346368,158.11033050538586,156.13160205745635,158.00404357910156,117014000
2014-08-11,158.6009295143126,159.16511484135017,158.38834318553347,158.46192932128906,74544000
2014-08-12,158.30659448627696,158.748123838602,157.75876571656772,158.24118041992188,73632000
2014-08-13,158.86255731738208,159.49215663847684,158.59274151336737,159.31227111816406,69047000
2014-08-14,159.57392749405196,160.06451416015625,159.42674276070255,160.06451416015625,57371000
2014-08-15,160.64505726977333,160.79222952777386,158.87891531503954,160.0318145751953,139951000
2014-08-18,160.91490154768604,161.44637361190075,160.824958777816,161.37278747558594,75424000
2014-08-19,161.7651911254611,162.33754829395923,161.43813345101947,162.21490478515625,59135000
2014-08-20,161.99421778358717,162.84458813930624,161.9615169898089,162.64834594726562,72763000
2014-08-21,162.787316255925,163.33514490540614,162.65648815192674,163.12255859375,67791000
2014-08-22,162.99176894486075,163.27795393032054,162.50118215380382,162.86912536621094,76107000
2014-08-25,163.6458278432208,164.01377089981412,162.83634313755357,163.69488525390625,63855000
2014-08-26,163.8012237548828,164.20188016527197,163.76033841072794,163.8012237548828,47298000
2014-08-27,163.88299686555166,163.99748083017533,163.48235289519477,163.73582458496094,47874000
2014-08-28,163.19614495430284,163.75215815885414,163.0326160623012,163.64585876464844,58330000
2014-08-29,163.899339676143,164.12828263316752,163.38422426106558,164.1119384765625,65907000
2014-09-02,164.32447777818842,164.34900648253233,163.4168782881074,164.03012084960938,72426000
2014-09-03,164.65975816233868,164.6842868723616,163.71127311993584,163.94021606445312,57462000
2014-09-04,164.21820984871746,164.82328045009893,163.25338068926362,163.70309448242188,85236000
2014-09-05,163.67042618063405,164.50443994646744,163.049011253489,164.43902587890625,102177000
2014-09-08,164.2836375023405,164.52076501130287,163.53139458442675,164.01380920410156,64146000
2014-09-09,163.8666306451541,163.98110211790924,162.64014523286824,162.9753875732422,88591000
2014-09-10,163.06528023008573,163.6948794231787,162.52563625531513,163.58859252929688,67251000
2014-09-11,162.93447161110825,163.8011858100119,162.81181560705713,163.7766571044922,66774400
2014-09-12,163.61310477522696,163.62944892559426,162.35390651570918,162.81997680664062,117409300
2014-09-15,162.84457244427148,162.9754005596893,162.20680097717937,162.6973876953125,76401000
2014-09-16,162.39481393546944,164.21818506551173,162.30487119041163,163.923828125,116201000
2014-09-17,164.1609641738447,164.90502240215133,163.32695071931792,164.1446075439453,151266000
2014-09-18,164.64346446028281,165.04412100455457,164.43087806667754,165.01959228515625,94990000
2014-09-19,165.54442251137664,165.8565759528991,164.5339944938234,164.8708038330078,121649000
2014-09-22,164.58336503767555,164.60800841123827,163.2525601913986,163.5975799560547,125553000
2014-09-23,163.00609149453186,163.68792065044275,162.6117850369992,162.66107177734375,111393000
2014-09-24,162.6857050276994,164.0411529767406,162.25854494810054,163.93435668945312,107276000
2014-09-25,163.50719084186272,163.51541365493313,161.23170281148873,161.28919982910156,150300000
2014-09-26,161.58493681333388,162.9732385009077,161.35492366761738,162.57070922851562,103547000
2014-09-29,161.17418447817954,162.5624860556339,161.05096763659645,162.27496337890625,95112000
2014-09-30,162.39822892842787,162.8993317537754,161.5110298670857,161.84783935546875,131302000
2014-10-01,161.58488671510403,161.64239625109093,159.29296624703053,159.6544189453125,177798000
2014-10-02,159.51478657901976,160.23769211185038,158.01149103608077,159.67909240722656,157285000
2014-10-03,160.74702079838477,161.78209246427897,160.25414086989917,161.43707275390625,121569000
2014-10-06,162.11066336986852,162.32425593280718,160.6648648377657,161.24810791015625,104778000
2014-10-07,160.4184243574114,160.7798771370357,158.72617955714793,158.759033203125,147913000
2014-10-08,158.84938944579716,161.76564238855954,158.01970017235396,161.53562927246094,186461000
2014-10-09,161.28101656749686,161.5028194663607,158.20046949630316,158.3319091796875,210705000
2014-10-10,158.29081533332499,159.07942827749446,156.48356375692845,156.52462768554688,221909000
2014-10-13,156.45891339605353,157.0257234403883,153.86303645668144,153.95339965820312,230939000
2014-10-14,154.78307049251805,155.93314860459063,153.6494254700568,154.1916046142578,215847000
2014-10-15,152.1050158731017,154.18335621050053,149.44342007908787,153.14828491210938,380715000
2014-10-16,150.37992347073177,154.09301156012987,150.24027356372258,153.01687622070312,270391000
2014-10-17,154.78305074586507,155.87561917229954,154.1258651277756,154.82412719726562,214625000
2014-10-20,154.54483063223748,156.45065517651102,154.49554390342996,156.3274383544922,130011000
2014-10-21,157.461076526223,159.53120695586858,157.2967832458834,159.42442321777344,154949000
2014-10-22,159.70371619727962,160.1144556478967,158.22505166810348,158.290771484375,151822000
2014-10-23,159.87629435507725,161.17423312889727,159.580561311235,160.13095092773438,154944000
2014-10-24,160.39378937044268,161.41242793581398,159.76946978605272,161.36312866210938,117927000
2014-10-27,160.78808440907653,161.3795503038094,160.2130516044126,161.14132690429688,82954000
2014-10-28,161.68349077766734,162.99784955909732,161.60954814673516,162.98963928222656,106736000
2014-10-29,163.1046320293955,163.57286846688046,161.66704400791843,162.74317932128906,142557000
2014-10-30,162.30783420821595,164.2547355696385,162.15996145930595,163.7864990234375,113330000
2014-10-31,165.7580736159183,165.7909398037196,164.9283841282159,165.6595001220703,146903000
2014-11-03,165.87304899744913,166.30843189307168,165.371946273366,165.7498321533203,93600000
2014-11-04,165.30620127205367,165.61015699924428,164.34507242988303,165.17477416992188,93343000
2014-11-05,166.38238720071865,166.42346366657512,165.48697790502428,166.2180938720703,91709000
2014-11-06,166.25910343999612,166.97378602617616,165.64299430438646,166.8834228515625,107089000
2014-11-07,166.89988559774514,167.25312808301717,166.4398593669697,167.03953552246094,89540000
2014-11-10,167.07241245147236,167.6145790956135,166.86704268989263,167.56529235839844,66319000
2014-11-11,167.63102551675448,167.83639529466578,167.29421607263362,167.72959899902344,54499400
2014-11-12,167.04777117544438,167.7788870344358,167.01490499370564,167.5488739013672,90120300
2014-11-13,167.71316485896764,168.26355431502145,166.93276227306376,167.73780822753906,85357900
2014-11-14,167.66383257764343,167.9842088168202,167.3516666141684,167.77883911132812,80417500
2014-11-17,167.4585362615405,168.0582125546518,167.29423039732146,167.8856964111328,80441000
2014-11-18,167.94318397116785,169.15896949150834,167.94318397116785,168.8550262451172,76068100
2014-11-19,168.65786870783663,168.85502820048956,167.8281793456274,168.5839385986328,82373000
2014-11-20,167.79538660138286,168.98654182217373,167.72966674173512,168.87974548339844,72840300
2014-11-21,170.57187414146568,170.73616741051077,169.20821619232294,169.7832489013672,142327300
2014-11-24,170.18585076135489,170.3665771949351,169.97227067384108,170.25978088378906,65880800
2014-11-25,170.48975034775842,170.69512010282136,169.88186389502815,170.1365203857422,79108300
2014-11-26,170.28437674955342,170.67047288313998,170.07079672162726,170.5718994140625,62167800
2014-11-28,170.44871571261106,170.76086927029675,169.97225629482244,170.21047973632812,57890100
2014-12-01,169.55330356492345,169.66831015268465,168.7154037975682,169.02755737304688,103968400
2014-12-02,169.06854903721995,170.3254105926009,169.04390567611614,170.1200408935547,74507200
2014-12-03,170.2926130737235,170.99086275971644,170.1283197673002,170.77728271484375,68952000
2014-12-04,170.4897471256687,171.08943582415705,169.79970777004428,170.5883331298828,91316600
2014-12-05,170.76086422350582,171.2537567196929,170.4979974177091,170.86766052246094,91025500
2014-12-08,170.47333323362324,170.96621313485872,169.1671720386272,169.7257843017578,108588200
2014-12-09,167.885713117218,169.71762090037495,167.50783967537865,169.61082458496094,125180100
2014-12-10,169.1507605881323,169.20825760572254,166.70274390155328,166.89169311523438,159856400
2014-12-11,167.48315172911757,169.3807663177685,167.3435017956211,167.73780822753906,159012800
2014-12-12,166.4644893682512,167.43384102078957,164.9940476033174,165.0269012451172,202330200
2014-12-15,165.92238061971358,166.37419672836853,163.293649444056,163.89332580566406,189965800
2014-12-16,163.12933852595322,166.26738250350382,162.5378725082869,162.57894897460938,259543800
2014-12-17,163.0143633584135,166.21812779257704,162.89113393569642,165.7663116455078,253910100
2014-12-18,168.18965125066777,174.95042136921452,167.51603230867772,169.86546325683594,257633900
2014-12-19,170.51381455293904,171.25723362789523,169.83649061775313,170.58816528320312,245084600
2014-12-22,170.77819441316655,171.3729248046875,170.5386561795622,171.3729248046875,148318900
2014-12-23,171.95112622110676,172.0006849849126,171.3150926763629,171.6042022705078,122167900
2014-12-24,171.82723079267222,172.0915484032343,171.57942436754888,171.6207275390625,42963400
2014-12-26,172.06679333682945,172.51284748587747,172.01723456559301,172.17417907714844,57326700
2014-12-29,171.99241954537655,172.61192926539766,171.9263369960994,172.40542602539062,79643900
2014-12-30,171.98418463246966,172.1163371429564,171.40596540775925,171.48031616210938,73540800
2014-12-31,171.80248998148065,171.96769010066538,169.6548506201955,169.77874755859375,130333800
2015-01-02,170.47252742690722,170.88553383109766,168.6552891653052,169.68780517578125,121465900
2015-01-05,168.64701970898204,168.8122197362849,166.31767033491698,166.623291015625,169632600
2015-01-06,166.9289650053605,167.44935723130908,164.26094653071848,165.05392456054688,209151400
2015-01-07,166.37553619335011,167.44935560927416,165.9294947211136,167.11068725585938,125346700
2015-01-08,168.5148859394458,170.29082122362388,168.49837475641723,170.0760498046875,147217800
2015-01-09,170.48905745841736,170.5055812455194,168.10188068241575,168.713134765625,158567300
2015-01-12,168.84528539651083,169.00222985064968,166.78850891492957,167.39149475097656,144396100
2015-01-13,168.60573013625051,169.72910805795988,165.6238233987396,166.92066955566406,214553300
2015-01-14,164.91349780540452,166.11122679229365,164.0214148168744,165.91297912597656,192991100
2015-01-15,166.54896025835984,166.86283654292797,164.27742512162916,164.39306640625,176613900
2015-01-16,164.18662850345416,166.70597099593076,164.0049046119339,166.5490264892578,211879600
2015-01-20,167.1850467519091,167.44937699436866,165.34304106412313,166.90420532226562,130991100
2015-01-21,166.44157190471358,168.22576249946007,165.97900677362105,167.74667358398438,122942700
2015-01-22,168.49838416512793,170.3734244640465,167.12719965980176,170.24127197265625,174356000
2015-01-23,169.98521597655784,170.24129060330148,169.17572673589194,169.30789184570312,117516800
2015-01-26,169.09316504647256,169.7952686930043,168.38279320153632,169.70440673828125,92009700
2015-01-27,167.655921914295,168.6058321756703,166.63992907589042,167.4659423828125,134044600
2015-01-28,168.64705303956416,168.74617055474414,165.12824260715124,165.31822204589844,168514300
2015-01-29,165.51650818201227,167.1024518135914,164.1122758358799,166.8463897705078,173585400
2015-01-30,165.67337277227227,166.9949855257789,164.48391247134884,164.74822998046875,197729700
2015-02-02,165.24388830461308,166.87939036836673,163.43491798072392,166.7885284423828,163107000
2015-02-03,167.6806093444516,169.20873816577404,167.3089060809817,169.20046997070312,124212900
2015-02-04,168.4405873095906,169.64657196321926,168.101918918727,168.5562286376953,134306700
2015-02-05,169.21704055366874,170.40650140888124,169.1427024012078,170.2578125,97953200
2015-02-06,170.62125595934074,171.18295139519486,169.26659504269838,169.7869873046875,125672000
2015-02-09,169.14271042465256,169.8613378071158,168.62231812482196,169.02706909179688,87219000
2015-02-10,170.0595726937605,171.08382082082983,169.06834693936443,170.8277587890625,96164200
2015-02-11,170.66250131159907,171.35634902319828,170.01821235026344,170.92681884765625,91087800
2015-02-12,171.7198861110306,172.6285056856697,170.95995546858762,172.5706787109375,97545900
2015-02-13,172.69452848136683,173.3305493595107,172.43845388699384,173.28099060058594,93670400
2015-02-17,172.96709889458353,173.72704186582325,172.7193051039149,173.55357360839844,76968200
2015-02-18,173.18188702097638,173.64445228011232,172.91755681349412,173.5701141357422,80652900
2015-02-19,172.9753918948121,173.80966051892923,172.83497119197804,173.4462127685547,91462500
2015-02-20,173.03320849141335,174.56133766054108,172.4136987099765,174.48699951171875,140896400
2015-02-23,174.2391921889939,174.46221923828125,173.85922064591023,174.46221923828125,74411100
2015-02-24,174.38787367741764,175.15607237940614,174.09050847083483,174.95782470703125,72472300
2015-02-25,174.83390718824936,175.3129962204007,174.47045946703403,174.8091278076172,73061700
2015-02-26,174.7182566612815,174.87520113297848,173.99961684898244,174.6026153564453,72697900
2015-02-27,174.50347369283446,174.76780386009438,173.95831477978405,174.00787353515625,108076000
2015-03-02,174.10707055309138,175.1643664970403,174.05751177508782,175.10655212402344,87491400
2015-03-03,174.67697275512717,175.15606181483415,173.52881517195365,174.3878631591797,110325800
2015-03-04,173.7931306588669,173.86748140808916,172.68627626062957,173.6527099609375,114497200
2015-03-05,173.97478855966102,174.12347739776735,173.33876786384678,173.84263610839844,76873000
2015-03-06,172.98364859577046,173.41317890386983,171.06730490510006,171.397705078125,188128000
2015-03-09,171.5959539499552,172.46325756122909,171.4390094552801,172.1080780029297,89818900
2015-03-10,170.74515846303427,170.82775220341048,169.27484367841856,169.31614685058594,157121300
2015-03-11,169.57223785067123,169.7457061618348,168.8370866347127,168.91969299316406,110145700
2015-03-12,169.5474329380123,171.13337647061587,169.497874171987,171.0673065185547,93993500
2015-03-13,170.794734369721,171.75289999879354,168.98576364127752,170.01828002929688,162410900
2015-03-16,170.74512438440473,172.38062632334677,170.04300840956867,172.28976440429688,136099200
2015-03-17,171.55460667379185,172.15759251056483,170.96813201877035,171.7776336669922,94510400
2015-03-18,171.3067711027498,174.51170436999337,170.67073780298216,173.84263610839844,228808500
2015-03-19,173.42966934545456,173.850931375652,172.66147081514595,173.04969787597656,117917300
2015-03-20,173.99645232282884,175.08335767044954,173.81391724732686,174.57723999023438,177715100
2015-03-23,174.58551785943564,175.15801303387462,174.23704528808594,174.23704528808594,71784500
2015-03-24,174.11257043384242,174.5688953590549,173.191602819688,173.2579803466797,77805300
2015-03-25,173.46545013430293,173.69776520861421,170.67765658234543,170.71913146972656,159521700
2015-03-26,170.05534076691788,171.22520830472868,169.35838305008411,170.3125457763672,153067200
2015-03-27,170.1963970468826,170.8767445914697,170.00555689564965,170.7025146484375,118939000
2015-03-30,171.7313419103126,173.08375727229875,171.71475702185867,172.78506469726562,96180400
2015-03-31,171.96361589192352,172.66057350740502,171.2168909627428,171.27496337890625,126768700
2015-04-01,171.24180662976426,171.26669662045506,169.6819663586385,170.6693115234375,137303600
2015-04-02,170.6029193047295,171.73131187302016,170.4203842819018,171.2832794189453,86900900
2015-04-06,170.39548636758687,172.950963908092,170.26274398824668,172.43655395507812,114368200
2015-04-07,172.461467457011,173.20819250095542,171.94705743385904,171.98023986816406,81236300
2015-04-08,172.20425493830373,173.0007599290921,171.81429488606952,172.56101989746094,89351900
2015-04-09,172.3951263173616,173.5567016665092,171.9056061816652,173.3243865966797,85548900
2015-04-10,173.5732271988262,174.31165964872955,173.3741073131458,174.27017211914062,72722900
2015-04-13,174.12915970810909,174.7597399003102,173.4322146474628,173.48199462890625,74436600
2015-04-14,173.28288096153133,173.99642359516923,172.6606058505757,173.8138885498047,75099900
2015-04-15,174.2785335608359,175.09992867523593,174.1955584748344,174.59381103515625,99529300
2015-04-16,174.2619722880361,175.05018512825168,174.06283963631105,174.5440673828125,68934900
2015-04-17,173.35758646133294,173.59819398304518,171.75625826434415,172.5361785888672,191113200
2015-04-20,173.45709394440155,174.44443904955597,173.37413153385023,174.11256408691406,92189500
2015-04-21,174.7929085814658,174.95055361711223,173.60644358302048,173.90513610839844,72559800
2015-04-22,174.24529722556355,174.942254866461,173.32432969387318,174.7597198486328,78264600
2015-04-23,174.36151849374383,175.8466891674251,174.24536095448013,175.19952392578125,102585900
2015-04-24,175.6143536888242,175.87155873444283,175.1580160303617,175.60604858398438,61327400
2015-04-27,176.17029193501781,176.2947419340959,174.68512109149293,174.87596130371094,79358100
2015-04-28,174.85100566816996,175.4815731938354,173.68112547509182,175.43179321289062,86863500
2015-04-29,174.54402602905753,175.30734868948554,173.9051659940532,174.70997619628906,125684900
2015-04-30,174.13746218128156,174.52742224365647,172.26233184044423,172.95928955078125,161304900
2015-05-01,173.7391862143041,174.87588389704135,173.63962625911066,174.8343963623047,103399700
2015-05-04,175.25759274103953,175.91306307493306,175.14974030981077,175.332275390625,70927200
2015-05-05,175.09165227666028,175.4484299868982,173.1833390657276,173.3243865966797,113326200
2015-05-06,173.8719109567246,174.1788958718779,171.54874867878237,172.6107635498047,135060200
2015-05-07,172.5112411819484,173.722608883763,172.17936621005825,173.29945373535156,88244900
2015-05-08,174.96714580500512,175.78024828688288,174.8841707381896,175.58111572265625,155877300
2015-05-11,175.53965118852454,175.8051486295798,174.66846357652057,174.74313354492188,75708100
2015-05-12,173.91347393603724,174.75977175549593,173.09206611183717,174.220458984375,119727600
2015-05-13,174.6269635497374,175.24923856234108,174.0212860823308,174.25360107421875,94667900
2015-05-14,175.26586853292397,176.16194623607984,174.99206595749692,176.0706787109375,95934000
2015-05-15,176.26148986816406,176.40253736481634,175.7802622947641,176.26148986816406,76510100
2015-05-18,176.0955850883532,177.05802775369216,176.02920754932617,176.8091278076172,74549700
2015-05-19,176.92520384593013,177.19900632072304,176.46886638794197,176.75096130371094,72114600
2015-05-20,176.85056630185804,177.3732814015002,176.31126631603755,176.62655639648438,76857500
2015-05-21,176.48551842661584,177.34840098253736,176.31956827412938,177.14097595214844,64764600
2015-05-22,176.75930935079924,177.17415941398292,176.65145694332057,176.71783447265625,57433500
2015-05-26,176.228328472623,176.65148370371313,174.40299045014385,174.81784057617188,124308600
2015-05-27,175.2741711023209,176.70954893500715,174.86761343770593,176.47723388671875,93214000
2015-05-28,176.17022636479442,176.3859438363147,175.58943881822523,176.27809143066406,74974600
2015-05-29,176.2117399535306,176.25321483710226,174.91740961261766,175.1829071044922,124919600
2015-06-01,175.84661200993233,176.1784869307174,174.75140198295153,175.5396270751953,93338800
2015-06-02,175.08336818147808,176.05411605389597,174.46109293042386,175.36546325683594,91531000
2015-06-03,175.8964098715841,176.45230738355588,175.34051235961232,175.8300323486328,87820900
2015-06-04,175.1248145661451,175.78027210602187,174.0296043048185,174.3448944091797,151882800
2015-06-05,174.19554356303513,174.71825870761285,173.39073340655372,174.04620361328125,121704700
2015-06-08,173.93831567945017,174.08766826979198,172.90119063064117,172.97586059570312,89063300
2015-06-09,172.9510040283203,173.49031675404825,172.32043643447227,172.9510040283203,105034700
2015-06-10,173.71435575987715,175.4069515395513,173.65628331951808,175.02528381347656,134551300
2015-06-11,175.46496915471943,175.971086709297,175.2326541454266,175.5894317626953,73876400
2015-06-12,174.7680918906073,175.46503718871605,173.97157393546635,174.24537658691406,135382400
2015-06-15,173.1086208896227,173.78067591599498,172.40337077095992,173.4985809326172,124384200
2015-06-16,173.3492325606859,174.52741782155275,173.17500263268036,174.44444274902344,85308200
2015-06-17,174.72654724121094,175.33223745113244,173.7060196267391,174.72654724121094,126708600
2015-06-18,175.3239644513541,177.00825500991627,174.75977433686225,176.5436248779297,165867900
2015-06-19,176.30183904524156,176.37687224004762,175.3847242582681,175.75990295410156,130478700
2015-06-22,176.67701763935042,177.24395207329624,176.4519053332587,176.66033935546875,70696000
2015-06-23,176.8687332929665,177.1188566072924,176.39351044536755,176.7853546142578,68476800
2015-06-24,176.51854725890612,176.89372583021103,175.47637749317096,175.5013885498047,92307300
2015-06-25,176.00164097690288,176.12669626422877,174.8927707826826,174.96780395507812,97107400
2015-06-26,175.32633823537532,175.56812880012623,174.38422520408892,174.9344940185547,104174800
2015-06-29,173.45878205663925,174.9428311592116,171.19101905728778,171.26605224609375,202621300
2015-06-30,172.80005411145086,172.8500889390393,171.14926101134824,171.62449645996094,182925100
2015-07-01,173.19198460957617,173.44210796677788,172.21651496611176,173.00022888183594,135979900
2015-07-02,173.47545965044043,173.6422043099479,172.4249441241193,172.84181213378906,104373700
2015-07-06,171.55783748282298,173.12525230369525,171.35773628956693,172.34988403320312,117975400
2015-07-07,172.55000349604325,173.55881690458054,170.17385087151584,173.4337615966797,173820200
2015-07-08,172.0997778121791,172.3832449894244,170.29057227957045,170.52401733398438,164020100
2015-07-09,172.61671425266942,172.87518312654962,170.72414249051633,170.83251953125,144113100
2015-07-10,172.82512389656327,173.4004037522597,170.87418477691543,172.98353576660156,129456900
2015-07-13,174.24247873239707,175.0011687694546,174.20078939102447,174.89279174804688,106069400
2015-07-14,174.85107946681126,175.959949648478,174.79271185218707,175.65145874023438,81709600
2015-07-15,175.6931533625977,176.15171062773106,175.11787358650312,175.59310913085938,97914100
2015-07-16,176.6436231738465,177.00213623046875,176.4018453575481,177.00213623046875,106683300
2015-07-17,176.99380980423336,177.21058930613975,176.5852873062746,177.1522216796875,89030000
2015-07-20,177.37734308080402,177.73584347269255,176.92713121534828,177.2439422607422,70446800
2015-07-21,177.1105134144091,177.3689822330543,176.24343366482006,176.5435791015625,77965000
2015-07-22,175.85994547068282,176.56029344734014,175.8266016250339,176.22679138183594,88667900
2015-07-23,176.36018313968574,176.4602273932913,174.87613400945932,175.23463439941406,90509100
2015-07-24,175.3346636099752,175.3930185080703,173.08357920770112,173.4170684814453,117755000
2015-07-27,172.53331692506057,173.04189635575844,171.96636987227896,172.4082489013672,132361100
2015-07-28,173.24199465957545,174.66768879097515,172.4166041766928,174.5259552001953,123544800
2015-07-29,174.651066130604,175.95169264543316,174.509332494686,175.72659301757812,105791300
2015-07-30,175.21793500317514,175.9349483664293,174.60096587420767,175.76820373535156,91304400
2015-07-31,176.2684239707699,176.29343502740363,175.21792142675645,175.5013885498047,103266900
2015-08-03,175.46806861139632,175.52642351088926,173.9589958987843,174.90945434570312,113965700
2015-08-04,174.83441582600307,175.29297311573126,174.08405860412074,174.567626953125,81820800
2015-08-05,175.45974010894733,176.1767535837583,174.85944916623106,175.14292907714844,85786800
2015-08-06,175.32629910097288,175.43468882799883,173.1252370562084,173.7088623046875,116030800
2015-08-07,173.55054798095728,173.70061440565385,172.47502105007425,173.37545776367188,117858000
2015-08-10,174.48431810419805,175.6432109610536,174.48431810419805,175.55984497070312,80270700
2015-08-11,174.22584665937362,174.64271474005895,173.21702030652125,173.97572326660156,126081400
2015-08-12,172.6751130263745,174.36759657437065,171.21607460763263,174.18417358398438,172123700
2015-08-13,174.02574688422862,174.70941664884634,173.4254558251804,173.96739196777344,89383300
2015-08-14,173.77557948836994,174.67601584894675,173.63384590223302,174.60098266601562,72786500
2015-08-17,174.00903163484438,175.57644653320312,173.5504743287551,175.57644653320312,79072600
2015-08-18,175.301331420975,175.65149902362893,174.83444128410312,175.06788635253906,71692700
2015-08-19,174.3258512052676,175.09288677233275,172.87515875699717,173.6838836669922,172946000
2015-08-20,172.1748126984539,173.65886172552786,169.99876128116887,170.05712890625,194327900
2015-08-21,168.18952235257711,170.03208410082271,164.67950169657928,164.93795776367188,346588500
2015-08-24,156.31716098493249,164.64617515076566,152.07343524562975,157.9929656982422,507244300
2015-08-25,162.93697156316705,162.9536498402753,155.84188490846205,156.13369750976562,369833100
2015-08-26,160.14404551360946,162.40346341649578,157.0508787165583,162.1283416748047,339257000
2015-08-27,164.26261393065198,166.26357455548757,162.75355432383384,166.13851928710938,274143900
2015-08-28,165.49655295162776,166.6137558477925,165.0129846707956,166.14686584472656,160414400
2015-08-31,165.17142653523922,166.02184075075263,164.25431191833255,164.80458068847656,163298800
2015-09-01,161.0110797024553,162.386751628339,159.0184513266002,159.8855438232422,256000400
2015-09-02,162.26172097409798,162.96206898938476,160.42750403896449,162.92037963867188,160269300
2015-09-03,163.62902429870644,165.12141887676555,162.54517766608922,163.03707885742188,152087800
2015-09-04,160.78597809066974,161.62804679436817,159.75214096468508,160.56919860839844,207081000
2015-09-08,163.36218825996093,164.75452546456324,162.72020815711616,164.6044464111328,116025700
2015-09-09,166.18032529944557,166.30538065563044,162.03665487376858,162.4034881591797,149347700
2015-09-10,162.21167436195108,164.42941517842976,161.95321823706104,163.28720092773438,158611100
2015-09-11,162.8953391442491,164.0959209857846,162.1866584755701,164.0292205810547,119691200
2015-09-14,164.20427649476838,164.25429861131062,162.93699441456607,163.42056274414062,79452000
2015-09-15,163.92082498705662,165.90512061114862,163.37890171043026,165.46324157714844,113806200
2015-09-16,165.76339385199034,167.08903100857285,165.4215590465416,166.8972625732422,99581600
2015-09-17,166.76387002000322,169.15668815047755,166.14690083072153,166.52207946777344,276046600
2015-09-18,164.01873347461128,166.5077903403786,163.39018079009878,163.8008270263672,223657500
2015-09-21,164.63055861904252,165.66975777619078,163.5997355626022,164.64732360839844,105726200
2015-09-22,162.48506704497171,162.97114933314833,161.3788081571345,162.5102081298828,153890900
2015-09-23,162.67783852718148,163.14715588396928,161.67215665007348,162.25042724609375,92790600
2015-09-24,161.0352045931169,162.12469855128106,159.70267587228614,161.66375732421875,159378800
2015-09-25,163.1220430473588,163.42374894153775,160.7503019768851,161.6219024658203,155054800
2015-09-28,160.72507955247994,160.83403275544816,157.25546991913012,157.5655517578125,178515900
2015-09-29,157.78352463470284,159.0154891991918,156.66050053114188,157.65780639648438,159045600
2015-09-30,159.5434342791708,160.7670225082803,158.76403506104677,160.5994110107422,163452000
2015-10-01,160.97660282342954,161.32021483947682,159.08256786590152,161.0185089111328,131079000
2015-10-02,159.04063173097632,163.44887766254922,158.495878269638,163.42373657226562,211003300
2015-10-05,164.64731598970752,166.55811547378664,164.5383627458455,166.3318328857422,126320800
2015-10-06,166.19770194699007,166.75920745532682,165.09983201367962,165.76190185546875,110274500
2015-10-07,166.6922352386378,167.47164753708097,165.50217653537078,167.11965942382812,124307300
2015-10-08,166.73409610650796,168.91308416476795,166.4323902644095,168.62814331054688,153055200
2015-10-09,168.77065059171088,169.20643806817367,168.1001915975367,168.72874450683594,107069200
2015-10-12,168.80412730347533,169.0890681515825,168.37671603131454,168.887939453125,56395600
2015-10-13,168.15881617556323,169.42431063021064,167.65598162169104,167.82359313964844,88038700
2015-10-14,167.76490977995587,168.34318034427724,166.72571077201667,167.01902770996094,99106200
2015-10-15,167.68116384176335,169.5919637486582,167.3124107390394,169.58358764648438,134142200
2015-10-16,169.98584592238217,170.37135120218616,169.22319867641423,170.35459899902344,114580100
2015-10-19,169.7092222226557,170.43833923339844,169.39914032851217,170.43833923339844,76523900
2015-10-20,170.0026262672648,170.83230797669893,169.7512025297619,170.22052001953125,78448500
2015-10-21,170.63953499864772,170.79038155042025,168.9969111921257,169.16453552246094,102038000
2015-10-22,170.1115694105604,172.23188703797183,169.16455831386938,172.02236938476562,174911700
2015-10-23,173.6900957948435,174.27674253547696,172.89393144770239,173.90798950195312,144442300
2015-10-26,173.7319992431136,173.7906575223188,173.1118225335832,173.48057556152344,69033000
2015-10-27,172.81010415201033,173.48056299169156,172.4664922383321,173.1453399658203,77905800
2015-10-28,173.48055729377796,175.13993295683485,172.81848736364915,175.1147918701172,135906700
2015-10-29,174.61192058310567,175.38294358529686,174.49459127381434,175.01419067382812,90525500
2015-10-30,175.20698758913662,175.52545841839262,174.10074136256867,174.2599639892578,131076900
2015-11-02,174.58681062981634,176.51436208500124,174.46109241234478,176.3216094970703,86270800
2015-11-03,175.9696437316192,177.3859847602942,175.74336114194094,176.83285522460938,95246100
2015-11-04,177.1261725166253,177.2518779531897,175.76011376224523,176.29647827148438,96224500
2015-11-05,176.3551573584658,176.8160986601643,175.23214603282946,176.12049865722656,78408700
2015-11-06,175.7768941585432,176.26297653576705,174.7041650460284,176.02830505371094,110471500
2015-11-09,175.4165348072266,175.56739414738445,173.43868791009058,174.38571166992188,131008700
2015-11-10,173.90794182713537,174.821448059916,173.63976601405153,174.7879180908203,75874600
2015-11-11,175.05618423722112,175.10646642520203,174.0337371218026,174.1007843017578,67846000
2015-11-12,173.0615183821333,173.53083570794695,171.6535664046923,171.67031860351562,121315200
2015-11-13,171.25967005237672,171.5278458972901,169.6589527183827,169.7427520751953,153577100
2015-11-16,169.5584435170665,172.3827372401027,169.4411013610799,172.32406616210938,117645200
2015-11-17,172.6341492455715,173.51411305218159,171.70389046640724,172.19834899902344,121123700
2015-11-18,172.67599358057856,175.07287507507408,172.63410029724014,174.93040466308594,121342500
2015-11-19,174.81316502860352,175.19868317902942,174.4863179656541,174.77964782714844,88220500
2015-11-20,175.53386378238736,176.0953694832022,175.03940525616932,175.41653442382812,94011500
2015-11-23,175.47516229396336,175.97799679772703,174.7544213294247,175.21536254882812,64931200
2015-11-24,174.2096893297508,175.85231293454058,173.82418410838238,175.45004272460938,98874400
2015-11-25,175.57572749693176,175.77686897218496,175.1650684470999,175.4248809814453,51980100
2015-11-27,175.51714534670077,175.82724020995468,175.0394516844116,175.6260986328125,37317800
2015-11-30,175.78527952413694,175.90260887737918,174.78797362760773,174.8969268798828,112822700
2015-12-01,175.52542212341538,176.68196307435335,175.24885742697646,176.5646209716797,97858400
2015-12-02,176.51439684031868,176.8328677084274,174.51140894509155,174.76283264160156,108441300
2015-12-03,175.0142153336303,175.28239116925315,171.59488711086138,172.3156280517578,166224200
2015-12-04,172.31562763233055,175.96961449785195,172.31562763233055,175.67628479003906,192913900
2015-12-07,175.34949288008445,175.76852814381505,173.6482107323735,174.61199951171875,102027100
2015-12-08,173.05316968576795,174.56168624677528,172.45813404692703,173.4386749267578,103372400
2015-12-09,172.80170502995315,174.88849174566798,171.11717566134053,172.08934020996094,162401500
2015-12-10,172.1564097185433,173.84092651795578,171.92175104363824,172.53353881835938,116128900
2015-12-11,170.42160059431686,171.08367050452372,168.87954152371802,169.18963623046875,211173300
2015-12-14,169.34890738654443,170.17021287319162,167.57218927991457,170.04449462890625,182385200
2015-12-15,171.55299458177075,172.73467682022866,170.01932433805825,171.82955932617188,154069600
2015-12-16,172.9525654775375,174.6454710813745,171.63680174288578,174.34376525878906,197017000
2015-12-17,174.65386687143496,174.72091403822824,171.6703382828012,171.68710327148438,173092500
2015-12-18,170.9469351054431,171.0818146567759,168.4683416450139,168.62852478027344,251393500
2015-12-21,169.80037124585664,170.19660966654243,168.6875281416203,170.01956176757812,99094300
2015-12-22,170.9047174300948,171.85737707901342,169.91834112162374,171.5623016357422,111026200
2015-12-23,172.56559014783053,173.7290146149224,172.47285322851093,173.68685913085938,110987200
2015-12-24,173.4339217902471,173.94818777080295,173.1810017751457,173.4001922607422,48539600
2015-12-28,172.7089070220809,173.0461251635995,171.93329500535015,173.0039825439453,65899900
2015-12-29,174.0999897995572,175.1791035487547,174.0662731229169,174.85031127929688,92640700
2015-12-30,174.60579258526704,174.6901035548786,173.46765881575018,173.61097717285156,63317700
2015-12-31,172.9365444743356,173.57726411896667,171.87428283691406,171.87428283691406,114877900
2016-01-04,169.02475303297206,169.4799988274123,167.42293464087555,169.47157287597656,222353500
2016-01-05,169.7918953745946,170.21342442255937,168.65377466351708,169.7581787109375,110845800
2016-01-06,167.21214413008352,168.6622051229766,166.58828935540473,167.6168212890625,152112600
2016-01-07,164.6745725350337,166.45342598970592,163.20764652208442,163.595458984375,213436100
2016-01-08,164.55650127523245,165.11292267031985,161.51306122906905,161.79969787597656,209817200
2016-01-11,162.71867774379808,163.05590878200323,160.02933257438642,161.95993041992188,187941300
2016-01-12,163.40150918986092,164.01693793340905,161.14210704043757,163.26661682128906,172330500
2016-01-13,163.93267001905855,164.27832698024162,158.81531325949402,159.19468688964844,221168900
2016-01-14,159.80162123440437,162.92935871655774,158.20824238061778,161.80809020996094,240795600
2016-01-15,157.45795733418973,159.13563463917376,156.40413476008618,158.33473205566406,324846400
2016-01-19,160.14728896606061,160.27374250909304,156.97738293758923,158.54547119140625,195244400
2016-01-20,155.99105620650136,158.07341096946286,152.61039748829143,156.5137481689453,286547800
2016-01-21,156.98580824517373,159.2283323543087,155.6622012430965,157.39047241210938,195772900
2016-01-22,159.99553252671654,160.8217256941212,159.23678553722863,160.61940002441406,168319600
2016-01-25,160.11359294935863,160.30749271059665,157.99752174755105,158.19142150878906,130371700
2016-01-26,158.84899758001725,160.62785059511515,158.51177950278483,160.34963989257812,141036800
2016-01-27,159.82696974006484,161.4962213181551,157.70245954537472,158.6045379638672,185681700
2016-01-28,160.14734498842466,160.3496707280536,157.7867794017223,159.4307403564453,143798800
2016-01-29,160.19793252616049,163.45213789098824,160.07990488553142,163.31724548339844,210529300
2016-02-01,162.314018537112,164.04229067887618,161.73230623370387,163.25823974609375,136061600
2016-02-02,161.83348660747848,161.84191255992488,159.79327407909,160.31597900390625,182564900
2016-02-03,161.36974495700076,161.68167232000985,157.73616680805867,161.27700805664062,205054900
2016-02-04,160.77961654673646,162.49944941735478,160.14732296923702,161.52993774414062,139531800
2016-02-05,161.0157089956883,161.58898246369031,157.8205108418134,158.4528045654297,180788300
2016-02-08,156.61489968589137,156.9099622889876,154.1110162141271,156.31982421875,191526700
2016-02-09,154.58319904916527,157.6013498661601,154.44830660879595,156.3283233642578,184513100
2016-02-10,157.1544910391713,158.781587282469,156.06693869578498,156.1934051513672,148214100
2016-02-11,153.72319680234816,155.20698715558402,152.66937427376337,154.16159057617188,219058900
2016-02-12,155.93207520421836,157.3568329836755,155.08901686974585,157.33998107910156,127632400
2016-02-16,159.14404531652525,160.02081988298823,158.1829598134219,159.9955291748047,120250700
2016-02-17,161.15897844483843,162.97998690347998,161.03251202007326,162.60903930664062,136009500
2016-02-18,162.8788033190904,162.9378235539374,161.6310810787867,161.94300842285156,102343000
2016-02-19,161.1674172080311,162.01890126735088,160.56041434022336,161.86715698242188,114793000
2016-02-22,163.4437207844097,164.35422536050385,163.37627457165644,164.21090698242188,103640300
2016-02-23,163.5532945241324,163.82307932901813,162.01892239045185,162.136962890625,111455300
2016-02-24,160.7121922829566,163.1570559705891,159.60778807514922,162.87884521484375,150812200
2016-02-25,163.3256295149316,164.86000131333842,162.5668824290666,164.8515625,110728300
2016-02-26,165.71996446159756,165.81268851853963,164.3120458800102,164.47222900390625,129833700
2016-02-29,164.48905454530703,165.43327543273068,162.98841226463242,163.18231201171875,125918100
2016-03-01,164.40482419838662,167.10262153774923,163.93271352321347,167.018310546875,141799700
2016-03-02,166.70638196910357,167.81921243002574,166.2932786989452,167.7686309814453,102415000
2016-03-03,167.59153048775184,168.44302748531464,167.0182570982276,168.42616271972656,95172200
2016-03-04,168.62003825160113,169.7497458306991,167.79384495325377,168.97412109375,129293600
2016-03-07,168.05521656875482,169.5137165001027,167.97934441899835,169.10903930664062,100219000
2016-03-08,168.03835062068885,168.54417777416353,167.10255559310772,167.26272583007812,123974900
2016-03-09,168.07204820145247,168.4345569770791,167.28799754972553,168.0889129638672,94801200
2016-03-10,168.57789636690103,169.5136913337756,166.4028050151373,168.2238006591797,156838700
2016-03-11,169.67388925834564,170.98063204544795,168.20697621851687,170.9384765625,137964500
2016-03-14,170.4326625925799,171.17454512106875,170.10387038253248,170.71929931640625,73612000
2016-03-15,169.75822588499912,170.74460258765515,169.4968798608829,170.44110107421875,93169100
2016-03-16,169.96054660976955,171.83213693477836,169.9183911248905,171.42745971679688,129303200
2016-03-17,171.34313387955126,173.02081127539734,170.94689554110465,172.51498413085938,134278500
2016-03-18,173.01494060113356,173.53185895502068,172.70140441169823,173.19290161132812,138372400
2016-03-21,172.93025403387017,173.6674935655199,172.70145065389715,173.43869018554688,72926700
2016-03-22,172.66748565017772,173.91317382020262,172.5064893309166,173.3454132080078,97471900
2016-03-23,172.96412238673693,173.150552830856,172.0319701661417,172.2014617919922,81052500
2016-03-24,171.17607690453912,172.15907134055288,170.95575591594056,172.1251678466797,84360900
2016-03-28,172.5404191676539,172.7522707695527,171.77775857297658,172.2268829345703,62408200
2016-03-29,171.82012757996412,173.93017430072314,171.51506073997965,173.82000732421875,92922900
2016-03-30,174.81994487938724,175.3029598090337,174.21828063922183,174.58267211914062,86365300
2016-03-31,174.4894540415597,174.91315723940892,173.99795678040715,174.15896606445312,94584100
2016-04-01,173.16750911313966,175.53176736306241,172.85395994142385,175.3453369140625,114423500
2016-04-04,175.26903929948693,175.4724214579797,174.47247534171535,174.7775421142578,63497000
2016-04-05,173.43867285349214,174.78604597682616,172.7776968710869,173.03192138671875,99662200
2016-04-06,173.03193326593185,174.98097077905592,172.85397221365315,174.92164611816406,91839800
2016-04-07,173.83696804503958,174.1928772216563,172.09978214243185,172.82855224609375,113859000
2016-04-08,174.0064043614394,174.4385898444838,172.76071608159464,173.29458618164062,95040600
2016-04-11,173.93013874413782,174.6250180994244,172.79461743370686,172.88783264160156,83757500
2016-04-12,173.05730624126357,174.77753990260072,172.6166513686354,174.49789428710938,115350600
2016-04-13,175.41313736255353,176.3452896414696,175.27754922554817,176.2605438232422,96336400
2016-04-14,176.31986770012065,176.76899208786213,175.92158563093162,176.26901245117188,65212900
2016-04-15,176.26896597530424,176.4045540759585,175.7520476556538,176.07406616210938,75761600
2016-04-18,176.07410600301003,177.3452156408778,175.4131300257505,177.3113250732422,82531000
2016-04-19,177.73503026630098,178.12482998523546,177.05710253247176,177.87060546875,88316100
2016-04-20,177.91296612418077,178.73495134365143,177.4384206222998,178.0400848388672,81100300
2016-04-21,178.05703173609004,178.16719870773824,176.8113432719301,177.08251953125,85695000
2016-04-22,176.7266103886894,177.3536828601742,176.1842708004453,177.08251953125,99251700
2016-04-25,176.4808531477876,176.81982346782792,175.87071950211055,176.77745056152344,66166500
2016-04-26,177.14179997053336,177.54856428767246,176.56556991684315,177.0401153564453,75864200
2016-04-27,176.6588344153114,177.79435602411078,176.30292523630249,177.40455627441406,77329400
2016-04-28,176.65032222852545,177.751940069478,175.37921278398585,175.79443359375,97216200
2016-04-29,175.1758401291601,175.5232798328265,173.74372134169164,174.84535217285156,142424100
2016-05-02,175.34526740202588,176.41299442542282,174.913094949068,176.23504638671875,62188000
2016-05-03,175.00640660086017,175.24367940351192,173.95561781026115,174.7013397216797,106422100
2016-05-04,173.70988307735092,174.43865326842055,173.22685511018216,173.72682189941406,92243800
2016-05-05,174.19279180147717,174.5487008035642,173.2691222772234,173.6928253173828,67619200
2016-05-06,172.92168716630363,174.37075729060723,172.76916027447746,174.32838439941406,89315000
2016-05-09,174.20132510208984,174.90466097577874,174.0233640837867,174.4724884033203,74374900
2016-05-10,175.1758363826888,176.65879745012035,175.10804232510174,176.641845703125,77472200
2016-05-11,176.1842718141911,176.71812906590588,174.9894256591797,174.9894256591797,81727000
2016-05-12,175.65885569735008,175.82834731079288,174.03183706537783,175.04025268554688,89586300
2016-05-13,174.74367267247877,175.29448163900955,173.1929174688306,173.51492309570312,96474600
2016-05-16,173.68442685674904,175.70124535905617,173.62510220030677,175.22669982910156,77486800
2016-05-17,174.95549581119738,175.2436108258989,173.06577060975354,173.59117126464844,114924900
2016-05-18,173.24374681139082,174.81992305361686,172.557349774201,173.64202880859375,120062100
2016-05-19,172.92175363194215,173.32850509687862,171.8370744385142,173.04039001464844,115430500
2016-05-20,173.65053228615866,174.650478644596,173.59968996682053,174.13356018066406,104990400
2016-05-23,174.15046704320636,174.4301126786471,173.7098250695369,173.89625549316406,58682600
2016-05-24,174.7097415792183,176.46387868885245,174.6843204266491,176.15032958984375,93537800
2016-05-25,176.8282659808313,177.7604180561647,176.15033837426097,177.34518432617188,76621400
2016-05-26,177.48080294319328,177.7096062974516,177.08252089075677,177.39605712890625,55280700
2016-05-27,177.55704249760646,178.16717607316846,177.50620018804196,178.15870666503906,64211200
2016-05-31,178.42986622882066,178.5400331841697,177.26044141171204,177.81973266601562,109879400
2016-06-01,177.209602796253,178.3620758910807,177.01470296613778,178.1841278076172,69936200
2016-06-02,177.7858949456015,178.743455544572,177.31134935135105,178.7265167236328,63044700
2016-06-03,178.16716002426546,178.5400208346773,176.98926588067863,178.1925811767578,101757100
2016-06-06,178.548497626974,179.45522853801452,178.38748836760095,179.0993194580078,64887000
2016-06-07,179.25186150671053,179.93825857110662,179.22644035102138,179.37896728515625,60974800
2016-06-08,179.5145293053772,180.09077225481346,179.38742354540955,179.96365356445312,66170900
2016-06-09,179.2348678020025,179.83653185005488,178.96370456133056,179.7178955078125,73786900
2016-06-10,178.34519752722005,178.68415499278345,177.47235683911725,178.01470947265625,113829200
2016-06-13,177.41298856148404,178.26886429403115,176.55711282893694,176.641845703125,117751200
2016-06-14,176.2605430248504,176.88762845786226,175.34534249980456,176.29443359375,125059300
2016-06-15,176.29446353832938,177.4130464579594,175.86229082687157,176.04872131347656,109124500
2016-06-16,176.04869354899654,176.7435730586443,174.2182924766721,176.57408142089844,149533100
2016-06-17,176.47014679380524,176.49570015111058,175.2605735566787,175.91647338867188,117055700
2016-06-20,177.87563727878802,178.5485639825912,176.96419092301392,177.04937744140625,82789600
2016-06-21,177.4326875929435,177.96080760410712,176.98974110100497,177.55194091796875,72461700
2016-06-22,177.73084655371028,178.4548930850924,177.11753991475223,177.26235961914062,95560500
2016-06-23,178.7189417271232,179.62186172192614,178.2589682760942,179.5707550048828,102731400
2016-06-24,173.4547347208247,179.6048273711775,172.67958155075527,173.12252807617188,333444400
2016-06-27,171.71702689879322,171.7255533496306,169.21269390864185,170.0219268798828,230775800
2016-06-28,171.6233504543078,173.11402381972314,171.31669712780246,173.08847045898438,159382400
2016-06-29,174.48542967094025,176.26571631196322,174.383216236283,176.03573608398438,137328600
2016-06-30,176.5041987902838,178.48891188233904,175.950512474756,178.43780517578125,165021900
2016-07-01,178.43783741644256,179.29817712440217,178.27599081800903,178.81263732910156,106055300
2016-07-05,177.98640172520842,178.09714162296606,176.93016146096247,177.52642822265625,109803700
2016-07-06,177.0323211874561,178.71039406322262,176.37642144980018,178.5911407470703,96021500
2016-07-07,178.77009748323886,179.4345109823379,177.71385704756486,178.48048400878906,85593800
2016-07-08,179.77518342317939,181.38510989572447,179.54519021349057,181.13807678222656,133971000
2016-07-11,181.59802778174412,182.347627431479,181.39358796882487,181.7769012451172,73633900
2016-07-12,182.7394995083198,183.39539936460767,181.8024997136228,183.09725952148438,101275600
2016-07-13,183.51464757652928,183.52316102982908,182.58617425894235,183.0717010498047,87324100
2016-07-14,184.3323634575898,184.56235665116716,183.70203003483041,184.09385681152344,91230900
2016-07-15,184.65605216198605,184.85196554560372,183.4038858015429,183.84683227539062,107155400
2016-07-18,183.96611194887564,184.50275846526557,183.71056536975473,184.34091186523438,58725900
2016-07-19,183.92351020759827,184.18757022804962,183.6764900910065,184.15350341796875,54345700
2016-07-20,184.15346318478564,185.15859633305274,184.15346318478564,184.9200897216797,58159500
2016-07-21,184.8094176802233,185.03088445714766,183.77871787722287,184.22166442871094,67777300
2016-07-22,184.3409060500352,185.09901931234043,184.07684602574125,185.04791259765625,62787500
2016-07-25,184.84347369635424,184.89458041130248,183.96610709603976,184.5453338623047,55873100
2016-07-26,184.44310848175783,184.98826840194747,183.78720868792976,184.63050842285156,70080500
2016-07-27,185.0053294300427,185.0734760525525,183.66797633386125,184.4346160888672,84083900
2016-07-28,184.23865756764218,184.93715057841146,183.77868419290988,184.6475372314453,65035700
2016-07-29,184.38349187444857,185.3034386969352,184.1023919573851,184.9456787109375,79519400
2016-08-01,185.00534225200298,185.39716911154125,184.34092888353362,184.79238891601562,73311400
2016-08-02,184.54530878477047,184.69864190641763,182.77354891834582,183.6083221435547,92295500
2016-08-03,183.54872231596235,184.20462218226243,183.25059546592718,184.14498901367188,53993600
2016-08-04,184.25572533964777,184.65607861415472,182.5009920927308,184.34091186523438,46585500
2016-08-05,184.34090225224605,185.89119555549402,184.34090225224605,185.84860229492188,71892200
2016-08-08,186.03601136483033,186.13823779474342,185.4738244896835,185.73788452148438,39906500
2016-08-09,185.806022031988,186.34265552275468,185.52492210937768,185.84860229492188,51251700
2016-08-10,185.95932408260404,186.0359841455934,185.03936433382066,185.38861083984375,57941100
2016-08-11,185.91680144859453,186.496041361253,185.65274135512274,186.24900817871094,72504300
2016-08-12,185.9422775017856,186.30005044482607,185.68674396766605,186.08709716796875,61313500
2016-08-15,186.45341923045174,186.97302588150868,186.44490577630455,186.623779296875,49813500
2016-08-16,186.20635372599986,186.27448733786065,185.66119384765625,185.66119384765625,53213600
2016-08-17,185.69528553228906,186.14674550776292,184.86051219996892,186.0104522705078,75134300
2016-08-18,185.984894674359,186.46190799624154,185.87416779454654,186.42784118652344,52989300
2016-08-19,185.9593752599649,186.33417522346545,185.47384839644144,186.15528869628906,75443000
2016-08-22,185.91673532345644,186.3767217077936,185.5504619041114,186.146728515625,61368800
2016-08-23,186.76003679823123,187.05817660563002,186.46189699083246,186.5215301513672,53399200
2016-08-24,186.37669414673954,186.47039410023814,185.15008130007953,185.56747436523438,71728900
2016-08-25,185.1842117036874,185.85715150928922,185.03089154401502,185.43975830078125,69224800
2016-08-26,185.627131094704,186.64930433578445,184.20460460957435,185.09048461914062,122506300
2016-08-29,185.21827125245898,186.26599788851843,185.18419144450021,186.00193786621094,70502200
2016-08-30,185.9167640174861,186.19786396293492,185.14162380170342,185.69529724121094,58114500
2016-08-31,185.3630887083761,185.48234204788133,184.3920220873651,185.16717529296875,85269500
2016-09-01,185.1586040200542,185.46525724706987,184.01717761857662,185.17564392089844,97844200
2016-09-02,186.02749217457432,186.43635888870114,185.43973896184536,186.0104522705078,79293900
2016-09-06,186.29154717458266,186.64930716450087,185.57602719474625,186.57264709472656,56702100
2016-09-07,186.41082683790157,186.73452006397048,185.95085335663944,186.55563354492188,76554900
2016-09-08,186.22338441350036,186.49597085702842,185.8230311980916,186.1296844482422,74102900
2016-09-09,184.81790583378086,184.8690125447181,181.649159779297,181.67471313476562,221589100
2016-09-12,180.91659072552463,184.68160321216067,180.84844411519546,184.28125,168110900
2016-09-13,183.00356100687588,183.26762104268442,181.01032106144442,181.63214111328125,182828800
2016-09-14,181.68329450700915,182.88435465358302,181.01036756537584,181.5640411376953,134185500
2016-09-15,181.40217203040726,183.76168559041375,181.22328551258488,183.3783721923828,134427900
2016-09-16,182.76366792581595,182.94345806111463,181.98461217497623,182.66949462890625,155236400
2016-09-19,183.32010935228303,183.96219630356973,182.3783765984122,182.70370483398438,80250500
2016-09-20,183.55979385126534,183.71388842659687,182.67799561253793,182.7122344970703,69665300
2016-09-21,183.4143028791124,184.94674482420382,182.72940744279296,184.7669677734375,110284400
2016-09-22,185.77717979797526,186.23092025195749,185.52891189540338,185.9312744140625,76678700
2016-09-23,185.53748245832742,185.67446416968156,184.81834806866058,184.9125213623047,73630900
2016-09-26,184.08207611232544,184.2618531667787,183.21739054421255,183.414306640625,89827300
2016-09-27,183.2516479102736,184.6471082252483,182.8835112062276,184.55294799804688,78494800
2016-09-28,184.7756029863872,185.62316291970185,183.81675680483494,185.46905517578125,87411000
2016-09-29,185.26353650265202,185.66591215313227,183.24310179121994,183.791015625,128070600
2016-09-30,184.62141895723138,185.87991058216204,184.37315105327025,185.1779022216797,117202900
2016-10-03,184.76699427111006,184.9553278063955,184.09921165404296,184.7327423095703,83512100
2016-10-04,184.84404793411028,185.06663343857537,183.20030643277005,183.791015625,119948100
2016-10-05,184.4160082345692,185.03241299195625,184.34751736560426,184.60435485839844,72816000
2016-10-06,184.38173155191478,184.9553278063955,183.84238725897382,184.7327423095703,62927400
2016-10-07,185.00667607802794,185.1778966683796,183.37149135408836,184.09918212890625,89788300
2016-10-10,185.05801391601562,185.5203107487633,184.91247578231187,185.05801391601562,51855000
2016-10-11,184.62997321386428,184.69846405905517,181.99313445883374,182.7208251953125,130367400
2016-10-12,182.85784372771823,183.48281791726936,182.36129479750986,182.96058654785156,73866100
2016-10-13,181.63357631731463,182.8578159446073,180.82026871823211,182.36126708984375,101357000
2016-10-14,183.33722747021903,183.79953740371388,182.3783817759969,182.45542907714844,93346200
2016-10-17,182.42976500852797,182.68660243484823,181.6421398142282,181.82192993164062,58275700
2016-10-18,183.414327058279,183.4742483953358,182.58389335505242,182.96058654785156,76869700
2016-10-19,183.22596189159376,183.75674966585316,182.8663947158089,183.44854736328125,66519200
2016-10-20,183.097540097914,183.6625798404998,182.44689658612387,183.10610961914062,73639800
2016-10-21,183.10609240583523,183.2773129914425,182.14723361250657,183.1916961669922,89089100
2016-10-24,184.06495270797885,184.33891611727435,183.61976869952085,183.9707794189453,60146600
2016-10-25,183.79096929824388,184.04780670068533,183.19169073474242,183.35435485839844,66542300
2016-10-26,182.53248092126256,183.56837386828238,182.29275644560417,182.98622131347656,75705500
2016-10-27,183.70538728812593,183.73962618296824,182.42121318718085,182.49826049804688,77220200
2016-10-28,182.47262886613797,183.1489549997593,181.24838881942526,181.95895385742188,140623200
2016-10-31,182.29279876235523,182.51539731357715,181.8048193679365,181.9674835205078,61272500
2016-11-01,182.29274295115147,182.3441208756771,179.44188864631383,180.6490020751953,122781800
2016-11-02,180.34088447977118,180.72614724641807,179.1252009612941,179.56182861328125,103330800
2016-11-03,179.77583549116116,179.98986452919675,178.465978823447,178.73992919921875,88939300
2016-11-04,178.85121684361937,179.69020696041335,178.39747635756683,178.5430145263672,109122100
2016-11-07,178.54305873236126,182.51543788086946,178.54305873236126,182.48118591308594,109794900
2016-11-08,182.08735611804934,183.86807937626546,181.82196218697854,183.30303955078125,106772100
2016-11-09,181.8133801094974,185.8628188492065,181.78769767041217,185.2464141845703,258429000
2016-11-10,186.03402274157074,186.8986952607369,184.2532997663908,185.7086944580078,172113300
2016-11-11,184.98956331771262,185.52035110471618,184.33891980256973,185.2806396484375,100552700
2016-11-14,185.80285585272793,186.00832839708144,184.68134597429705,185.42616271972656,94580000
2016-11-15,185.81142771850293,186.87301635742188,185.60596822040515,186.87301635742188,91652600
2016-11-16,186.25663975757348,186.7531887248366,186.13678401122007,186.52203369140625,65617700
2016-11-17,186.67608388481742,187.54075628400358,186.56478463203283,187.4808349609375,69797200
2016-11-18,187.5493174090308,187.72053797721748,186.88153498550636,187.0613250732422,86265800
2016-11-21,187.63496313098892,188.49963568487826,187.4894249623122,188.4739532470703,72402600
2016-11-22,188.7821371419699,189.02184858031546,188.11436769753672,188.84207153320312,67429000
2016-11-23,188.32840436105832,188.9961738326538,188.13150132797097,188.94480895996094,56620200
2016-11-25,189.28725291578274,189.68105896052663,189.2101925476429,189.64682006835938,37872300
2016-11-28,189.33863545407894,189.61258580686132,188.65373997718095,188.7564697265625,76572500
2016-11-29,188.79073376013366,189.57835903678915,188.4910878875461,189.12461853027344,69886700
2016-11-30,189.7409976860947,189.9036618200159,188.61091826935393,188.6708526611328,113291800
2016-12-01,188.97050173292382,188.97050173292382,187.61783673708024,187.9774169921875,79040500
2016-12-02,188.0630225212601,188.55957142791652,187.71201178431926,188.0715789794922,74840300
2016-12-05,188.90205999654486,189.54414723387276,188.70515690148784,189.2017059326172,67837800
2016-12-06,189.38997132242855,189.83515527372356,188.91054848101518,189.8009033203125,59877400
2016-12-07,189.6468220127813,192.34358221640227,189.5269662940269,192.28366088867188,110738100
2016-12-08,192.25801124482192,193.22541361716267,191.9926042635398,192.75454711914062,99714400
2016-12-09,192.9771338845785,193.93597973954576,192.94288192501824,193.91885375976562,88005800
2016-12-12,193.82467072858418,194.304106695277,193.27675697280102,193.69625854492188,102016100
2016-12-13,194.35545044058355,195.48551672384679,194.33832446352554,194.9889678955078,110477500
2016-12-14,194.68932715558245,195.3913354266373,192.942843339538,193.3794708251953,142501800
2016-12-15,193.61921946002988,195.0318057935021,193.38806445632346,194.17568969726562,124972600
2016-12-16,194.63124198664173,194.691529641135,193.4772879233699,193.79591369628906,156420200
2016-12-19,193.97677116092234,194.63986968501598,193.830375174617,194.2178955078125,90341100
2016-12-20,194.75179627515462,195.11349590689724,194.51929197797907,194.9670867919922,89838800
2016-12-21,194.8379146533777,195.010144436063,194.424560546875,194.424560546875,67909000
2016-12-22,194.27820185658513,194.39876404162973,193.69260471473083,194.0887451171875,56219100
2016-12-23,194.13175682131336,194.38150117720235,193.94231325723612,194.37289428710938,36697800
2016-12-27,194.63988827841183,195.2513060949005,194.62266135476222,194.8551788330078,42672500
2016-12-28,195.1134687068661,195.13068248480434,193.13279360002076,193.24473571777344,64095000
2016-12-29,193.3136327930532,193.66671234975908,192.7624896651442,193.20169067382812,48696100
2016-12-30,193.52892088429107,193.61504233520182,191.80659698838423,192.4955291748047,108998300
2017-01-03,193.7958967308444,194.4762220905839,192.79695876636885,193.9681396484375,91366500
2017-01-04,194.29536427788966,195.26848153297962,194.2867573884805,195.12208557128906,78744400
2017-01-05,194.85514465863406,195.12210279706622,194.17481926686474,194.9670867919922,78379000
2017-01-06,195.07899964620458,196.12961819114082,194.5364634568541,195.6645965576172,71559900
2017-01-09,195.4062733251903,195.54406239938967,194.98429921306328,195.0187530517578,46939700
2017-01-10,195.0359668308157,195.87129502525147,194.63121963803593,195.0187530517578,63771900
2017-01-11,194.93260546757773,195.5698699951172,194.26950713462466,195.5698699951172,74650000
2017-01-12,195.05322197351856,195.26851250549817,193.72703807825238,195.0790557861328,72113200
2017-01-13,195.2512620548958,195.82823903423753,195.2168213556575,195.52684020996094,62717900
2017-01-17,194.88958876507553,195.2943359950259,194.4504008335571,194.83792114257812,61240800
2017-01-18,195.08762859655678,195.31153912048646,194.53648545658123,195.2684783935547,54793300
2017-01-19,195.34599463170878,195.483783712224,194.11453921786523,194.5451202392578,66608800
2017-01-20,195.22543385479455,195.75074323022767,194.59678923838771,195.2598876953125,129168600
2017-01-23,195.25985025879095,195.32012475770603,193.99394123841128,194.7517547607422,75061600
2017-01-24,194.967083306671,196.41384238690753,194.855141175314,196.00048828125,95555300
2017-01-25,196.94777099923576,197.69699096679688,196.7841480966616,197.69699096679688,84437700
2017-01-26,197.55060044787433,197.8175717636981,197.2147477205455,197.49032592773438,59970700
2017-01-27,197.56783347843495,197.7142294779201,196.9994632637566,197.18031311035156,59711100
2017-01-30,196.49139014809327,196.51722396452,194.97574930978664,195.9574737548828,79737300
2017-01-31,195.46661993622376,196.00054951062995,194.8982627910021,195.9402618408203,75880800
2017-02-01,195.94021401779992,196.8530437527953,195.43213152610113,196.01771545410156,79117700
2017-02-02,196.01771416236227,196.43108143382898,195.32879499049955,196.1468963623047,69657600
2017-02-03,197.0511370106404,197.67978172491428,196.74111809916565,197.49893188476562,80563200
2017-02-06,197.09416062482688,197.4903009625108,196.80997556219742,197.1458282470703,57790100
2017-02-07,197.53334759389273,197.77447190734355,196.96497750920597,197.15443420410156,57931200
2017-02-08,197.15442953477168,197.54194980504766,196.61189327221177,197.41278076171875,51566200
2017-02-09,197.41275789372457,198.88533737824977,197.41275789372457,198.5839385986328,65955200
2017-02-10,198.92844207107467,199.59154055725963,198.60119627316433,199.3676300048828,66015900
2017-02-13,199.85850903956066,200.71106428018317,199.83267522684102,200.4527130126953,55182100
2017-02-14,200.2718463350098,201.26219058701622,199.92738676753206,201.25357055664062,71109000
2017-02-15,201.03830504218527,202.49367120529897,200.98663741466746,202.30421447753906,86785800
2017-02-16,202.33003687434092,202.51088670074023,201.38276642928537,202.13197326660156,84722400
2017-02-17,201.46889815625454,202.45062255859375,201.4516712326226,202.45062255859375,77204100
2017-02-21,202.82092162875713,203.828479809059,202.8123015971143,203.65625,88946100
2017-02-22,203.25147490734517,203.69926972156108,203.08785201202807,203.47537231445312,62115200
2017-02-23,203.99205730062485,204.00927107949298,202.85531716144558,203.61314392089844,74615900
2017-02-24,202.76921937918132,203.91455332700036,202.72615864919575,203.8715057373047,82381600
2017-02-27,203.78539254474492,204.36236955714747,203.535661325161,204.1901397705078,56515400
2017-02-28,203.81120682091307,204.0523311271555,203.25145678291233,203.63897705078125,96961900
2017-03-01,205.29241099116604,206.95446050303505,205.27518407168895,206.4894256591797,149158200
2017-03-02,206.29998018539592,206.308600215748,205.13741929311072,205.1890869140625,70246000
2017-03-03,205.102992538464,205.4819059958703,204.72407908105768,205.3182830810547,81974300
2017-03-06,204.52599832218158,205.0599146181717,204.10402416355956,204.70684814453125,55391500
2017-03-07,204.40543208279615,204.75851168969493,203.88872957805205,204.0954132080078,65103700
2017-03-08,204.3881664263323,204.64651762974174,203.57867212111717,203.71646118164062,78168800
2017-03-09,203.83703393035415,204.30206874874492,203.01032580477525,203.97482299804688,90683900
2017-03-10,204.93071475412785,204.97377548062298,203.7423070323635,204.68959045410156,81991700
2017-03-13,204.62934583908455,204.8360294855501,204.30211315754522,204.79296875,57256800
2017-03-14,204.25040165819996,204.3020824172589,203.39785966792678,204.00927734375,59880800
2017-03-15,204.5776435433198,206.1966323155387,204.34512612298658,205.774658203125,96081800
2017-03-16,205.91248570942832,205.98998715057468,205.04271665366073,205.3699493408203,78344000
2017-03-17,205.63198195982773,205.82226287274787,205.00924682617188,205.00924682617188,89002100
2017-03-20,205.00928004947667,205.2947014651116,204.3952023470911,204.78440856933594,52537000
2017-03-21,205.38982235241298,205.51090901439778,202.02532881856098,202.15505981445312,131809300
2017-03-22,202.18966922638143,202.91618921870486,201.56693403368797,202.63076782226562,97569200
2017-03-23,202.63077792289533,203.54757889187846,202.04264643239952,202.41455078125,100410300
2017-03-24,202.7172885306516,203.2881181952796,201.48911986212113,202.2675323486328,112504900
2017-03-27,200.59822377562864,202.31939645634566,200.321459915953,202.05992126464844,87454500
2017-03-28,201.75720838274196,203.9540701538015,201.6447660551732,203.5302734375,93483900
2017-03-29,203.24486140080134,203.95407953685887,203.01997673531778,203.72055053710938,61950400
2017-03-30,203.66001404084622,204.56817064319617,203.48703497312647,204.36923217773438,56737900
2017-03-31,204.03194530025047,204.55954010476322,203.84166434141252,203.89356994628906,73733100
2017-04-03,203.94540265571393,204.14432789174012,202.31072631325307,203.5388946533203,85546500
2017-04-04,203.2534725441906,203.7551209962921,202.8729107393236,203.6686248779297,56466200
2017-04-05,204.34324734155686,205.32059802569498,202.85560388501835,203.0631866455078,108800600
2017-04-06,203.20157900865607,204.15297031801492,202.76046728392677,203.634033203125,69135800
2017-04-07,203.38323508840378,204.11841261621606,202.94213649019045,203.42648315429688,74412300
2017-04-10,203.56484825057547,204.34326055720862,203.0199517174591,203.54754638671875,67615300
2017-04-11,203.16700087724368,203.4091742008586,201.8177457321159,203.30538940429688,88045300
2017-04-12,203.02864167040403,203.21892261084852,202.18967930502347,202.41455078125,81864400
2017-04-13,202.07720426085868,202.81238170244328,201.099853515625,201.099853515625,92880400
2017-04-17,201.6187589333394,202.88153076171875,201.41983373482805,202.88153076171875,68405400
2017-04-18,202.14642256401504,202.81240582699647,201.59288163305118,202.27615356445312,83225800
2017-04-19,202.83833857341216,203.21024288163855,201.6793511907246,201.90423583984375,68699900
2017-04-20,202.51830324525685,203.98865813160546,202.1982913499118,203.54754638671875,92572200
2017-04-21,203.46972277708795,203.52161517502364,202.50102948907167,202.8988800048828,110389800
2017-04-24,205.13896965036957,205.33790808615962,202.8729138470728,205.1303253173828,119209900
2017-04-25,205.770403129318,206.66990224429958,205.68390699246353,206.32394409179688,76698300
2017-04-26,206.28935434519522,207.17156485058885,206.15097899328634,206.1942138671875,84702500
2017-04-27,206.51420510170553,206.66988229606818,205.83091999989713,206.36717224121094,57410300
2017-04-28,206.62665285973316,206.65259906113272,205.78769048792753,205.9174346923828,63532800
2017-05-01,206.4363250732422,206.86013492902634,206.02117274759829,206.4363250732422,66882500
2017-05-02,206.57475792811164,206.69584459897976,206.10771311117955,206.51422119140625,57375700
2017-05-03,206.51419754423213,206.60933800312412,205.58873915342298,206.26336669921875,73137700
2017-05-04,206.5661041306076,206.64394273028756,205.65794754197145,206.50555419921875,61462700
2017-05-05,206.87745917038717,207.33585960395547,206.4363474040606,207.3185577392578,62001300
2017-05-08,207.3618199234985,207.50885278980158,206.86017139275205,207.2839813232422,48385700
2017-05-09,207.54346036253196,207.7423856326874,206.74773288699615,207.0937042236328,51363200
2017-05-10,207.05045428669604,207.46560668945312,206.842871486589,207.46560668945312,54293800
2017-05-11,207.0158476249322,207.20612854417598,205.9606582354735,207.0417938232422,62358300
2017-05-12,206.79098702830493,207.0850527749916,206.42772701225834,206.6958465576172,53912700
2017-05-15,207.11961833133617,207.95858054618077,207.10231646782097,207.83749389648438,61918900
2017-05-16,208.13157869892072,208.1575248978483,207.258025874294,207.64723205566406,51241800
2017-05-17,207.6471970595044,207.6471970595044,203.90214234181187,203.9626922607422,172174100
2017-05-18,203.88489625385785,205.63201528405148,203.6254210398754,204.78440856933594,107047700
2017-05-19,205.268726412231,206.7823162173544,205.21683401621968,206.1163330078125,115011400
2017-05-22,206.62669620624416,207.32728338337506,206.5575151196374,207.16294860839844,61010600
2017-05-23,207.53476547872376,207.7855963023231,207.15420367564522,207.6212615966797,48341700
2017-05-24,207.85483417668863,208.20943666083193,207.5175071643434,208.10565185546875,46927700
2017-05-25,208.6159188746887,209.377042546185,208.40834928970304,209.1002655029297,64071700
2017-05-26,208.90997604809624,209.22134361030675,208.83213745690742,209.05702209472656,46629900
2017-05-30,208.73703870247456,209.12624493362787,208.5813614889964,208.87542724609375,35201900
2017-05-31,209.1694902615477,209.2040939957279,208.13160259292346,208.8235321044922,91796000
2017-06-01,209.28190858500193,210.5014327244796,208.9964871993291,210.484130859375,68962000
2017-06-02,210.53602626420476,211.3403980348541,210.24196054050776,211.18470764160156,88666100
2017-06-05,211.01173560965785,211.29715700891515,210.83009901105527,211.02903747558594,44698800
2017-06-06,210.466814497772,211.0203553658864,210.27653358709625,210.35438537597656,50375400
2017-06-07,210.69174467946053,210.96850857461544,210.02576134813626,210.74363708496094,54144300
2017-06-08,210.83872200018845,211.32306858716709,210.31977168702295,210.8473663330078,65950700
2017-06-09,211.11550569356558,211.91121990384883,209.26460209199337,210.52737426757812,132256400
2017-06-12,210.28520560176892,210.53602325723256,209.63652423363692,210.484130859375,86108100
2017-06-13,211.0204082115211,211.56530488286464,210.6744500313574,211.51341247558594,60067000
2017-06-14,211.78153945021077,211.79018378590663,210.4236264907958,211.24530029296875,78602300
2017-06-15,209.89600002888105,210.9598470447608,209.61923615628442,210.83876037597656,66464900
2017-06-16,210.99780206763052,211.04994752534736,210.00699858556482,210.8848114013672,84553100
2017-06-19,211.71053116415712,212.70133489147645,211.61492671407285,212.6405029296875,65123800
2017-06-20,212.2840964967575,212.29278298541092,211.18900214476346,211.2063751220703,56906400
2017-06-21,211.59751403942832,211.7104914506489,210.684928689232,211.1542510986328,55977600
2017-06-22,211.16291317368038,211.6583082251127,210.8847864163885,211.05860900878906,44148100
2017-06-23,211.11946010978448,211.64092790155846,210.73704243872845,211.3106689453125,66986800
2017-06-26,211.9798898399386,212.39707999389566,211.2411404748748,211.44972229003906,56700500
2017-06-27,211.2324448471982,211.52795786080534,209.7288600990162,209.74624633789062,82247700
2017-06-28,210.76309547675208,211.82343046133272,210.52842769837758,211.62353515625,70042600
2017-06-29,211.77130561765378,211.82345107085214,208.55554113955273,209.7636260986328,106949700
2017-06-30,210.5719621526262,210.94569343453097,209.96357627003223,210.15478515625,86820700
2017-07-03,211.09343678832516,211.52800001408386,210.51112365722656,210.51112365722656,39153800
2017-07-05,210.8761255787128,211.20638456590143,210.06783119610182,210.997802734375,54427600
2017-07-06,210.23293954349657,210.35461668308216,208.88579125834767,209.0683135986328,65400800
2017-07-07,209.64195547243426,210.5719136942868,209.07701543431983,210.42416381835938,57972300
2017-07-10,210.42414792570648,211.02384713446918,210.1199484464805,210.65011596679688,36663300
2017-07-11,210.65014975664388,210.80659939619719,209.3290872496961,210.49371337890625,50354600
2017-07-12,211.45839782242825,212.2406060633384,211.45839782242825,212.07546997070312,59610400
2017-07-13,212.0842090236191,212.54484491380276,211.85822769210736,212.43185424804688,39471600
2017-07-14,212.4318497416446,213.77899816590127,212.3362453176828,213.4226531982422,60262700
2017-07-17,213.34446098258874,213.72687872498506,213.2227838156278,213.3966064453125,33531900
2017-07-18,212.98813184736824,213.56175850371997,212.64917305258177,213.50961303710938,42742500
2017-07-19,213.82248890102755,214.6742290926207,213.81378914912898,214.66554260253906,51034300
2017-07-20,214.91756003256464,215.03923718954388,214.21356981991232,214.76112365722656,47135200
2017-07-21,214.18749805873117,214.59598850082523,213.96151672202305,214.56991577148438,82340800
2017-07-24,214.4917057542839,214.65684189782053,214.04845604938308,214.51779174804688,46622300
2017-07-25,215.26524423783036,215.36954843542247,214.81330800826342,215.03927612304688,54915600
2017-07-26,215.32603937745765,215.36079859402545,214.7871853188609,215.04791259765625,47575400
2017-07-27,215.50856694803846,215.54332616544713,213.52694674855073,214.8480224609375,70766600
2017-07-28,214.37001170050198,214.72635669145512,213.91807554115323,214.5959930419922,50088400
2017-07-31,214.99575673459248,215.09136115279443,214.2656938656761,214.4742889404297,65838700
2017-08-01,215.07402396682556,215.10878318749505,214.430865659001,214.9523468017578,55050400
2017-08-02,215.08269809566875,215.1956887645296,214.1266538094975,215.05662536621094,47211200
2017-08-03,214.9436210594324,214.9696937872359,214.36130803546263,214.63943481445312,40856000
2017-08-04,215.12615252230128,215.36080708246598,214.6481303893106,215.03054809570312,60191800
2017-08-07,215.10011510452918,215.4303741455078,214.9958109099624,215.4303741455078,31995000
2017-08-08,215.11747386415053,216.3342588003273,214.5264742685518,214.9001922607422,61719400
2017-08-09,214.2135164014434,214.94357916126282,213.85717150850337,214.8914337158203,62632600
2017-08-10,214.05708832253737,214.18746521106263,211.80605462255747,211.8582000732422,120479500
2017-08-11,212.0842378910968,212.76215545427516,211.84957003866828,212.171142578125,74869900
2017-08-14,213.4487314454998,214.491680385441,213.4139722276217,214.27439880371094,73291900
2017-08-15,214.65681195914163,214.6741981986198,213.94413528231837,214.24832153320312,55242700
2017-08-16,214.76982020562247,215.16962417546023,214.19619361221802,214.6220703125,56715500
2017-08-17,214.013680686834,214.32656670840692,211.2759246826172,211.2759246826172,128490400
2017-08-18,211.11078631966924,212.23196674420893,210.5024005235471,210.94566345214844,136748000
2017-08-21,210.88481073859253,211.37151935817374,210.18082053799722,211.11077880859375,65469700
2017-08-22,211.693127736705,213.47482628195309,211.6757414950578,213.31838989257812,63140100
2017-08-23,212.3535867611172,212.97935862925812,212.20583691194673,212.55348205566406,50203800
2017-08-24,212.93596411886358,213.09240050234038,211.8495561386653,212.0581512451172,50741700
2017-08-25,212.848981754005,213.46606713518722,212.40573220649358,212.55348205566406,64445900
2017-08-28,213.08369316418083,213.10976589220928,212.1450351697119,212.56222534179688,40565600
2017-08-29,211.24988964883278,213.06636089124456,211.1368989575475,212.80563354492188,51135700
2017-08-30,212.7882037622832,214.0832067852587,212.6056813953853,213.8137664794922,62030800
2017-08-31,214.430836191857,215.34342143536554,213.84852317749608,215.10006713867188,103803900
2017-09-01,215.47375226406803,215.83009716633168,215.25647072783104,215.4042205810547,62007000
2017-09-05,214.9001417922281,215.12612309426453,212.8924623701218,213.85719299316406,91398800
2017-09-06,214.53513481681557,214.91755251446293,214.00496723813447,214.5872802734375,57916900
2017-09-07,214.8914446724098,214.90883090904782,214.15268212614149,214.56117248535156,58034700
2017-09-08,214.274416360231,214.769824772838,214.06583451224182,214.30918884277344,63832800
2017-09-11,215.57809645054567,216.67320415146062,215.56072347185696,216.59498596191406,71364800
2017-09-12,216.960011255318,217.3598019428115,216.77748888976458,217.32504272460938,56896000
2017-09-13,217.03820188154188,217.46407850587528,216.92521122855646,217.42930603027344,59228000
2017-09-14,217.10777668488015,217.55972612475762,216.93395405779384,217.3598175048828,95446300
2017-09-15,217.21568500777204,217.73974074405513,217.1108765260414,217.65240478515625,95432400
2017-09-18,218.0192775480726,218.4647269838403,217.73104085635288,218.1153564453125,46235200
2017-09-19,218.3598660581464,218.42101321790437,218.01049560350478,218.3336639404297,47108100
2017-09-20,218.42102014628162,218.52582862047296,217.41655673397517,218.4122772216797,59574100
2017-09-21,218.25504699942346,218.34238294503282,217.65237166591905,217.82705688476562,48211400
2017-09-22,217.53016287852802,218.03675951066276,217.50396075338588,217.8708038330078,51214000
2017-09-25,217.61743545677857,217.9668192362781,216.68286216782775,217.42527770996094,57064400
2017-09-26,217.85331699185963,218.0978790288707,217.32051826959304,217.5563507080078,54082000
2017-09-27,218.25508132737005,218.78787999161077,217.37289884285593,218.403564453125,81001400
2017-09-28,218.12412292065795,218.7442710581649,218.03678693507663,218.66566467285156,44778800
2017-09-29,218.65684347170293,219.51282378636614,218.47342863829596,219.4342041015625,85578000
2017-10-02,219.6613502279669,220.3863067626953,219.4866516296174,220.3863067626953,59023000
2017-10-03,220.3862130168088,220.88406649296323,220.3075933499413,220.8578643798828,66810200
2017-10-04,220.70944693575927,221.36452661284386,220.59589552688965,221.11996459960938,55953600
2017-10-05,221.45186859770155,222.447589200853,221.15490233464226,222.4301300048828,63522800
2017-10-06,221.98466107631256,222.46505550467177,221.7226398677804,222.17681884765625,80646000
2017-10-09,222.40389755498163,222.46503138780173,221.54791727447073,221.80995178222656,35803100
2017-10-10,222.37774343936067,222.77078862202265,221.836201785734,222.39520263671875,43057400
2017-10-11,222.29912037898842,222.7445831298828,222.13317804080668,222.7445831298828,47674300
2017-10-12,222.4301464750898,222.77951700719035,222.17684151083012,222.4126739501953,47065100
2017-10-13,222.84935102131928,222.9629024198992,222.41263127617069,222.6833953857422,54800400
2017-10-16,222.91051376147277,223.17253496477068,222.56987286955564,222.98037719726562,38221700
2017-10-17,222.9280192023774,223.1813241882859,222.70965926924444,223.1376495361328,31561000
2017-10-18,223.51320028799114,223.55687493585796,223.1638297603191,223.35598754882812,40888300
2017-10-19,222.5786044856064,223.45204404486665,222.15935722889787,223.41709899902344,61903800
2017-10-20,224.21196630472966,224.59628187884428,223.3996605089635,224.57005310058594,89176400
2017-10-23,224.89322883296725,224.9194309537116,223.61798787604818,223.69659423828125,63915300
2017-10-24,224.1246056918486,224.32547973958586,223.73154721149646,224.08966064453125,66935900
2017-10-25,223.75773786485246,223.87128927136814,221.85364604019503,222.98037719726562,103715300
2017-10-26,223.59179742215292,223.86254822529017,223.1463347175475,223.26861572265625,69798000
2017-10-27,224.01107480102058,225.25137086942868,223.27738867171036,225.09413146972656,85562500
2017-10-30,224.0110684569867,224.99805952789407,223.9586642103246,224.25563049316406,54285700
2017-10-31,224.6311978502524,224.85830068394264,224.3080294517007,224.60499572753906,60304800
2017-11-01,225.38232419680972,225.72295172317124,224.5350868601323,224.90191650390625,54202700
2017-11-02,224.83204511359307,225.1290113188359,223.76644795113071,224.9892578125,56449500
2017-11-03,225.14650410247782,225.7841245724056,224.73598644613577,225.74046325683594,59589700
2017-11-06,225.60939030208107,226.22080855487215,225.53952687717194,226.0897979736328,49652600
2017-11-07,226.1946689399576,226.52658027431363,225.4260377772938,225.93264770507812,57502200
2017-11-08,225.75790711573666,226.4129867363392,225.47840008035098,226.31689453125,50469600
2017-11-09,225.11157985978514,225.68805314872068,223.91494531222034,225.4958953857422,95085500
2017-11-10,225.11158468854057,225.6007087038398,224.79713258998552,225.42601013183594,59984700
2017-11-13,224.74476699576226,225.8627687451596,224.7098219443005,225.6356658935547,50228600
2017-11-14,224.83204998810425,225.21636547504622,224.0546760901173,225.11155700683594,61315200
2017-11-15,224.14203021059666,224.66609921823314,223.27733367391352,223.9848175048828,80811500
2017-11-16,224.92820321766374,226.2558487465771,224.88454189064078,225.8889923095703,67777000
2017-11-17,225.53959557863226,225.8627639958813,225.14653705992936,225.2251434326172,75756800
2017-11-20,225.4697091570141,225.80159381167795,225.22512048211286,225.60943603515625,48075500
2017-11-21,226.37808728873543,227.26901281156458,225.57453771922826,227.0855712890625,69176800
2017-11-22,227.09430631489215,227.22531692979058,226.7187336670959,226.8846893310547,45033400
2017-11-24,227.3738035315452,227.5135570664607,227.23404999662972,227.40872192382812,27856500
2017-11-27,227.45242453316544,227.749390818247,227.09431107476212,227.2952117919922,52274900
2017-11-28,227.7581445066441,229.62729160230606,227.66205227898897,229.60108947753906,98971700
2017-11-29,229.73209840085838,230.26491047419557,229.015898110774,229.46133422851562,77512100
2017-11-30,230.37840026108975,232.37855743063676,230.29979390840188,231.47019958496094,127894400
2017-12-01,231.25182442487917,231.73220543350666,227.7580668195733,230.98977661132812,164390900
2017-12-04,232.6056605919785,233.03363739793878,230.65788099918234,230.71031188964844,94040600
2017-12-05,229.8805694580078,231.59250360309943,229.74955884962907,229.8805694580078,77994500
2017-12-06,229.976659620051,230.35225894459674,229.4613334017952,229.92425537109375,75898600
2017-12-07,230.64923095703125,230.96365645856784,229.6622398184337,230.64923095703125,77218600
2017-12-08,231.60124271960038,231.91566817453804,230.61425172727832,231.90695190429688,76563900
2017-12-11,232.6056671142578,232.6668142754687,231.88072407003264,232.6056671142578,83077500
2017-12-12,233.39182329780536,233.4879155290524,232.64067792289777,233.01625061035156,85195800
2017-12-13,233.26080018071406,233.6975200232834,232.90268671117553,232.9900360107422,102905400
2017-12-14,233.2870374429561,233.40058888396956,231.98562064576336,232.03802490234375,100666700
2017-12-15,233.03972989100225,234.43559464922546,232.9870577711837,233.97030639648438,144610300
2017-12-18,235.36609217204557,235.80504421757664,235.26074796775922,235.45388793945312,83653600
2017-12-19,235.6997196702818,235.74360416189214,234.4794200220112,234.54966735839844,82382900
2017-12-20,235.515304459944,235.5679765584184,234.12822788094283,234.4267120361328,76751500
2017-12-21,235.05007482828026,235.6207340227915,234.66379481577025,234.90960693359375,67032300
2017-12-22,234.92718321653447,234.9623068882412,234.31263952346958,234.84817504882812,78720900
2017-12-26,234.44426502174645,234.78666045998,234.30382395075893,234.5671844482422,45244400
2017-12-27,234.73403807744953,235.04130991726413,234.40921779792106,234.68136596679688,57751000
2017-12-28,235.18171402040323,235.20805006858635,234.79543411938158,235.1641387939453,45116100
2017-12-29,235.74357739646385,235.76112583281383,234.08435264594527,234.2774658203125,96007400
2018-01-02,235.13779463458457,235.98936255180203,234.75151474688784,235.95423889160156,86655700
2018-01-03,236.12111810246338,237.59601759479307,236.12111810246338,237.44676208496094,90070400
2018-01-04,238.08759267620826,238.9303730753286,237.50817277946746,238.447509765625,80636400
2018-01-05,239.23764887382802,240.15943743914386,238.7460247334587,240.0365447998047,83524000
2018-01-08,239.94000464548068,240.6335564936815,239.65030803580805,240.4755401611328,57319200
2018-01-09,240.89688647081562,241.64311033514758,240.6159507209364,241.01980590820312,57254000
2018-01-10,240.26485824485925,240.91452568794818,239.59766915107215,240.65113830566406,69574300
2018-01-11,241.2041968302037,242.40692138671875,241.03739287651788,242.40692138671875,62361500
2018-01-12,242.67025024306636,244.1538834452127,242.3717392883683,243.9871063232422,90816100
2018-01-16,245.24252279459583,245.89216327412473,242.45955492874856,243.15310668945312,106555100
2018-01-17,244.0837329224632,245.85708997416316,243.1531565021984,245.47080993652344,113258800
2018-01-18,245.35668124153545,245.77805812089665,244.56654600971189,245.05819702148438,100728000
2018-01-19,245.63751458547583,246.1730499267578,245.05812155478074,246.1730499267578,140920100
2018-01-22,245.96243468466326,248.17474365234375,245.9097357837922,248.17474365234375,91322400
2018-01-23,248.21858322942705,248.9911430822644,247.8937630166444,248.70144653320312,97084700
2018-01-24,249.34230987749274,249.939305019952,247.42848539217053,248.60487365722656,134816100
2018-01-25,249.46518587772036,249.5617424508403,247.92006637578538,248.71017456054688,84587300
2018-01-26,249.54433818393673,251.6337550471064,249.28973839357536,251.58984375,107743100
2018-01-29,251.0191178174703,251.45806987609902,249.76372135975387,249.92173767089844,90118300
2018-01-30,248.09569731750025,249.9743981091749,246.88418540558078,247.35826110839844,131796400
2018-01-31,248.2098154832068,248.71020041762685,246.4100961508907,247.48114013671875,108364800
2018-02-01,246.75245203062417,248.49947219305156,246.41005665466076,247.20016479492188,90102500
2018-02-02,245.88332200079572,246.0150290240728,241.78352563301817,241.8186492919922,173174800
2018-02-05,240.0628951810938,242.16985973581026,231.1609344386689,231.70523071289062,294681800
2018-02-06,228.20239896435808,236.7707517438932,227.11380642946904,236.2703399658203,355026800
2018-02-07,235.7172349914964,239.1059317295895,234.90955148557242,234.98858642578125,167376100
2018-02-08,235.28705561060156,235.42752346319241,226.1392842979608,226.17440795898438,246449500
2018-02-09,228.95735588832179,231.42426402168795,222.03948137455444,229.5718994140625,283565300
2018-02-12,231.61744087262778,234.4091964404118,229.71240386406902,232.94308471679688,143736000
2018-02-13,231.74034719721283,234.06678771243006,231.16092727411035,233.52249145507812,81223600
2018-02-14,232.03881626808786,237.03409243343134,232.03002865434567,236.6741485595703,120735700
2018-02-15,238.4125114242932,239.70303200231197,235.95436295632007,239.69424438476562,111200300
2018-02-16,239.07083362163766,241.70454573082915,239.0269223449148,239.7643585205078,160420100
2018-02-20,238.81623691260538,240.25601241008334,237.47304479191206,238.26315307617188,86369700
2018-02-21,238.7020848614056,241.17778049482195,236.98140057622757,237.0779571533203,98883700
2018-02-22,237.99981276687265,239.711709729396,236.7180802507282,237.38526916503906,110511300
2018-02-23,238.60560199341734,241.1690673828125,238.1315262000043,241.1690673828125,92766400
2018-02-26,242.2400410112022,244.06609630972784,241.6518603424057,243.96951293945312,86491400
2018-02-27,244.15383660522428,244.86496340027736,240.8616970363692,240.92315673828125,99099200
2018-02-28,242.02061880237406,242.46835850910344,238.1666333695874,238.482666015625,121907800
2018-03-01,238.2719705350681,239.8170904251165,233.52250582934735,235.01495361328125,176855100
2018-03-02,233.34691584624574,236.78831195402194,232.48658691293335,236.2264404296875,139083200
2018-03-05,235.0412811759298,239.57126967870028,234.93591017599843,238.95672607421875,97307400
2018-03-06,239.9312506039078,240.0102855727528,238.0700976494251,239.5625457763672,79213200
2018-03-07,237.4028296712189,239.82582667878052,237.20968970474965,239.47467041015625,87063500
2018-03-08,240.15071199663336,240.75646811060744,239.15870263652198,240.63357543945312,66901200
2018-03-09,242.0381801182192,244.8211212158203,241.72212069884188,244.8211212158203,113625300
2018-03-12,245.11089605402182,245.7342006175469,244.12762071398598,244.51390075683594,71924800
2018-03-13,245.67269621102778,246.17310801074694,242.32788351439316,242.9336395263672,91968900
2018-03-14,243.89059059498044,244.0749429957183,241.13398503411454,241.68704223632812,105895100
2018-03-15,242.19617435500027,242.8370271669328,240.9232027619332,241.42361450195312,83433000
2018-03-16,241.9498859263665,242.73436294881552,241.63258751199234,241.6854705810547,100343700
2018-03-19,240.93631254959567,241.86179336690424,236.76718366750814,238.41543579101562,109208400
2018-03-20,238.81203900501873,239.45548556355632,238.14215091113388,238.82086181640625,59757300
2018-03-21,238.77672584368344,240.86568740550535,238.15092503585717,238.36245727539062,78709600
2018-03-22,236.14128090528047,236.9874367365729,232.13080299363773,232.40406799316406,148785900
2018-03-23,232.84478414512185,233.17090531261704,227.25655645235332,227.45046997070312,183534800
2018-03-26,231.04664893729182,233.95532442997438,228.64918525346152,233.6732635498047,141956100
2018-03-27,234.60766848369053,235.1364991793472,228.1468421973337,229.69815063476562,129941400
2018-03-28,229.83035826179815,231.49625564922073,227.91766425018125,229.01943969726562,146452300
2018-03-29,230.15647280673,233.80556589293712,229.02825585763088,231.9457550048828,111601600
2018-04-02,231.41684187863495,231.92808061185903,224.47126047466296,226.93923950195312,186286300
2018-04-03,228.17325309173245,230.3239206279813,226.38397108152986,229.8479461669922,119956900
2018-04-04,226.30464403356794,233.01223907187764,226.17243637884116,232.30711364746094,123715300
2018-04-05,234.06112092397936,235.02189260297175,232.97699130445676,234.14047241210938,82652600
2018-04-06,232.1837048489923,233.67328013698705,227.40639586017514,228.9224395751953,179521200
2018-04-09,230.37676505100026,233.43529384498132,229.11634077565296,230.05064392089844,105442900
2018-04-10,232.93294868522386,234.49307993653733,231.79593578879246,233.70860290527344,103529000
2018-04-11,232.22779429217832,234.140488069733,232.1572925076709,232.48341369628906,91140200
2018-04-12,233.80553590428718,235.33919847775888,233.62924110095946,234.3960723876953,68890500
2018-04-13,235.70062152505398,235.81521047558147,232.70379768298352,233.70860290527344,85079200
2018-04-16,235.33919382812687,236.39690882957498,234.51947949635002,235.6300506591797,63405300
2018-04-17,237.3929501682783,238.75034514837742,236.8817381595435,238.15098571777344,64682000
2018-04-18,238.59165531201305,239.1293087659003,237.8688842340687,238.32723999023438,57303900
2018-04-19,237.67500341890963,237.87773979272504,235.97386851737917,237.00514221191406,77655900
2018-04-20,236.9345575277574,237.1549125737747,234.11400217921198,234.99542236328125,99953100
2018-04-23,235.56835661263662,236.12365560791923,233.88484090745573,234.96017456054688,65558000
2018-04-24,235.98264446982625,236.2029995241592,230.2974733085117,231.7958984375,112885500
2018-04-25,231.73413567863452,232.80946915575038,229.9184126285739,232.36875915527344,103840900
2018-04-26,233.3912538357174,235.5595399175105,232.9505437516809,234.7310028076172,67731900
2018-04-27,235.33921256954207,235.6388922340953,234.01708216184804,234.95138549804688,57053600
2018-04-30,235.568391229111,236.12369030599413,233.07395678832052,233.1444854736328,82182300
2018-05-01,232.58035587799654,233.6645124635416,231.02904763828548,233.55874633789062,74203400
2018-05-02,233.36483583662604,234.17572740968185,231.60199532273418,231.9898223876953,86368900
2018-05-03,231.16126305069108,232.13080372140743,228.3318849297842,231.4785614013672,136311500
2018-05-04,230.50901174745036,235.15411363285418,230.18289056208346,234.47540283203125,91222100
2018-05-07,235.24225048650933,236.23823271919028,234.55471690649136,235.26869201660156,55304900
2018-05-08,234.89848369650036,235.63005062825889,233.70856104472983,235.26869201660156,67499200
2018-05-09,235.9385486756778,237.86886103281918,235.41851399436158,237.54273986816406,59666100
2018-05-10,238.28316684656053,240.09009464765438,238.17740071163087,239.76394653320312,72063900
2018-05-11,239.8873622488972,240.75995977528183,239.3761233898816,240.49554443359375,59871500
2018-05-14,240.92734468202264,241.579586888239,240.06354338013276,240.61004638671875,54790600
2018-05-15,239.3849513317959,239.40257005534806,238.00993772791824,238.95306396484375,87036100
2018-05-16,238.98820802820828,240.41610398289825,238.96173960797967,239.95774841308594,53942600
2018-05-17,239.69339057117915,240.83043006232478,238.97944242294543,239.75509643554688,56536400
2018-05-18,239.4113658661193,239.7727513992917,238.80318373697688,239.15574645996094,64368000
2018-05-21,240.63655903279187,241.4915377795711,240.2487319580376,240.953857421875,58025900
2018-05-22,241.4739194733169,241.7295389148678,239.9578753456466,240.28399658203125,52966400
2018-05-23,239.01472187827835,240.971475752457,238.85604580289476,240.94500732421875,64694200
2018-05-24,240.54838622347975,240.82162432927402,238.67095692322204,240.451416015625,76043800
2018-05-25,239.8784637451172,240.50426445551912,239.37604785563138,239.8784637451172,56374800
2018-05-29,238.25669904659816,239.01473442804837,236.0090882306861,237.11965942382812,115908600
2018-05-30,238.4242124939717,240.72470677148405,238.35371069913796,240.28399658203125,69678400
2018-05-31,239.87843075938645,240.1781103104658,238.21256106385695,238.81192016601562,93519900
2018-06-01,240.10764786706392,241.45621951714224,240.0371191971426,241.1565399169922,71258400
2018-06-04,241.97627752345397,242.55801806189862,241.73830376178478,242.30239868164062,45385200
2018-06-05,242.43461158185002,242.85770295501914,241.6677803232636,242.47869873046875,51135000
2018-06-06,243.08693803970908,244.61177810638046,242.46993300426405,244.50601196289062,62732200
2018-06-07,244.9907462065433,245.28160302621228,243.57164575012257,244.47950744628906,72969400
2018-06-08,244.02120112053123,245.2551840883835,243.85372912145007,245.20230102539062,72139700
2018-06-11,245.42261523927425,246.2423294780415,245.30802632225817,245.52838134765625,58892500
2018-06-12,245.9426616881948,246.20707697185418,245.20227199514045,245.84571838378906,72329000
2018-06-13,246.083714726765,246.33933412363743,244.85852770279948,245.06126403808594,79070600
2018-06-14,245.925065019097,246.2070990473521,245.08770504774918,245.6782684326172,77097600
2018-06-15,244.8956187925833,245.70131620768888,243.78889602781166,245.3648681640625,120041600
2018-06-18,243.91282259238102,244.98414962861307,243.43473783628795,244.8601837158203,52917600
2018-06-19,242.59356390369783,244.14297535198787,242.177435176802,243.921630859375,97531500
2018-06-20,244.603401698487,245.00183265741478,244.00135106598808,244.33779907226562,53785500
2018-06-21,244.32895813740058,244.34668299377168,242.31029694175825,242.8061065673828,71061400
2018-06-22,244.06333906679495,244.17844254707023,243.0274347639137,243.248779296875,54898500
2018-06-25,242.09780964362213,242.25717122996454,238.25527161742454,239.93748474121094,137854200
2018-06-26,240.50414217516678,241.31867497111477,239.7515653170251,240.46871948242188,68547400
2018-06-27,241.0530619154473,242.47850775660206,238.3260821033997,238.4766082763672,105110700
2018-06-28,238.42352302435475,240.60154601339443,237.7152041932357,239.8401336669922,76650500
2018-06-29,240.92909341827357,242.29258330965268,240.07027554780439,240.1853790283203,97592500
2018-07-02,238.61826608752668,240.85827165334734,238.3791967022646,240.69888305664062,63554800
2018-07-03,241.59313404316126,241.69053969089012,239.4239737642924,239.84893798828125,42187100
2018-07-05,240.97334204813754,241.8675554544419,239.90201521447784,241.80557250976562,56925900
2018-07-06,241.8321843733216,244.22268900358912,241.45145125988475,243.85084533691406,66493700
2018-07-09,244.85124324063042,246.09962930058492,244.80698515422466,246.0465087890625,50550400
2018-07-10,246.49811917960713,247.0293514416216,246.20592927668127,246.93194580078125,51966800
2018-07-11,245.38263707225966,246.17063687841554,244.8248443141235,245.12586975097656,77054700
2018-07-12,246.38305497665553,247.40123454638106,245.78100425955168,247.34811401367188,60124700
2018-07-13,247.1710182641425,247.84388725280266,246.71946678285556,247.54286193847656,48216000
2018-07-16,247.58711703867334,247.72875374151752,246.87879842649093,247.3214874267578,48201000
2018-07-17,246.55123480830568,248.71155948323252,246.4981142851185,248.32199096679688,52315500
2018-07-18,248.40171700765376,248.95064719365996,247.95902788737786,248.8444061279297,44593500
2018-07-19,248.18025720187995,248.5609631838277,247.42768064295942,247.90579223632812,61412100
2018-07-20,247.70225464991242,248.33089263963382,247.46321225779238,247.62257385253906,82337700
2018-07-23,247.41892844076798,248.28658171283647,247.07361800177213,248.0829620361328,47047600
2018-07-24,249.49071794855155,250.17244940108057,248.46367604604748,249.33132934570312,68026900
2018-07-25,249.08343422718482,251.77499148944142,249.03917612553772,251.45626831054688,78882900
2018-07-26,250.73903721587038,251.54470734410916,250.6416315946919,250.86297607421875,57919500
2018-07-27,251.19059746428582,251.28800309937907,248.24230046443236,249.16310119628906,76768700
2018-07-30,249.2427750741446,249.40213663305357,247.33919071533526,247.86158752441406,63742500
2018-07-31,248.62307858662624,249.69437876553906,248.24237240183263,249.08346557617188,68570500
2018-08-01,249.28702699344575,249.79169893708507,248.02094294081422,248.66725158691406,53853300
2018-08-02,247.36579266220008,250.19012385564247,247.16214597845703,250.0219268798828,63426400
2018-08-03,250.14591576581194,251.14639751094435,249.9688293080611,251.09327697753906,53935400
2018-08-06,251.128690386701,252.3239293637216,250.73912180973468,252.01406860351562,39400900
2018-08-07,252.67808596667044,253.22701610254995,252.54525762703747,252.84628295898438,43196600
2018-08-08,252.6780800759013,253.13846698115805,252.27964910548545,252.7400360107422,42114600
2018-08-09,252.80196538884854,253.19153384904166,252.26189780788448,252.3946990966797,35717000
2018-08-10,250.9603957161205,251.5004633069356,249.99530995422668,250.70362854003906,77076000
2018-08-13,250.97806957776203,251.58898247860634,249.47291636880874,249.76510620117188,65732900
2018-08-14,250.49117247783963,251.59789505219464,250.10160397009915,251.35882568359375,43842000
2018-08-15,250.01305901813416,250.15472274901578,248.0475186589918,249.48182678222656,102925400
2018-08-16,250.91602895892402,252.36806132266045,250.88060628626198,251.50038146972656,69967900
2018-08-17,251.2968851103208,252.82859913857132,250.88961869976814,252.3859100341797,65618500
2018-08-20,252.83755842585242,253.19170444111492,252.38600672011756,252.9261016845703,39807500
2018-08-21,253.43940798146477,254.37790633504312,252.96129637996282,253.5190887451172,67272000
2018-08-22,253.11185465317376,253.89099157841562,252.84622505433717,253.36862182617188,44993300
2018-08-23,253.19161868002593,254.05043666143328,252.7135068605827,253.03225708007812,49204900
2018-08-24,253.60769270562974,254.69671744235123,253.55457218379885,254.5550537109375,57487400
2018-08-27,255.75032058083627,256.6711214264323,255.5909589978284,256.56488037109375,57072400
2018-08-28,257.0252026557289,257.1314707039436,256.22836792145466,256.68878173828125,46943500
2018-08-29,256.9012714179143,258.3001567022933,256.6622290964166,258.0699768066406,61485500
2018-08-30,257.59195413028306,257.9637978699567,256.432110766729,257.0252990722656,61229500
2018-08-31,256.617989857108,257.4768077102713,256.13104270122597,257.03411865234375,66140800
2018-09-04,256.61802144760213,256.94560706766003,255.59097946442648,256.5914611816406,57594400
2018-09-05,256.23729641245575,256.44094311621893,254.89153133691732,255.90084838867188,72452400
2018-09-06,256.00711579754653,256.30814116044616,254.10355796237556,255.13059997558594,65909900
2018-09-07,254.0858507118014,255.6087023274441,253.84678130041397,254.63478088378906,73524800
2018-09-10,255.64402041544733,255.90965001197188,254.88260834850996,255.077392578125,50210900
2018-09-11,254.43110457674317,256.361222382682,254.0858211620934,255.9185333251953,50530500
2018-09-12,255.92742451264513,256.58259574508,255.1925724832599,255.9805450439453,59810800
2018-09-13,257.04295190384914,257.68042515569164,256.75962445423187,257.4944763183594,51034200
2018-09-14,257.69811887974004,257.8840406945149,256.75962035999163,257.53875732421875,55079900
2018-09-17,257.4856929408959,257.5210886145558,255.90085840767378,256.1753234863281,68244000
2018-09-18,256.38777016818403,258.15852631195645,256.36120990681127,257.5653381347656,61930400
2018-09-19,257.61843821443676,258.25591145639254,257.4944723248046,257.83978271484375,49080600
2018-09-20,259.0970906351815,260.2480714927518,257.8575395336768,259.9293212890625,100360600
2018-09-21,260.6701329824998,260.78575750232153,259.5317200165653,259.6918029785156,105479700
2018-09-24,259.1137115939335,259.25601660965026,258.2510060962114,258.8291015625,53409600
2018-09-25,259.2827398777616,259.3894618716786,258.3488952890775,258.5890197753906,44370000
2018-09-26,258.73140505587037,259.91427704451263,257.3973254343439,257.8153381347656,79739700
2018-09-27,258.28667848822926,259.62075793744515,258.01097090674455,258.53570556640625,59249500
2018-09-28,257.9130552985251,259.060370917637,257.877499398238,258.56231689453125,70091400
2018-10-01,259.7986068206603,260.52791006634834,258.79362314823425,259.4606628417969,62078900
2018-10-02,259.3094177246094,260.0209157713873,258.9358907497197,259.3094177246094,47258200
2018-10-03,260.358885266842,260.7768978308185,259.0959721701713,259.45172119140625,64694600
2018-10-04,258.971473535749,259.02483453770105,255.8408438062701,257.4239501953125,111545900
2018-10-05,257.6462407924696,258.16207274661025,254.56007018759942,255.98309326171875,105951700
2018-10-08,255.29824864888656,256.3388422447717,253.9197111613411,255.98309326171875,87742200
2018-10-09,255.6006521845047,256.9080235309674,255.04921007260296,255.60952758789062,74339000
2018-10-10,255.10255905945726,255.17372513463502,247.14257112444565,247.51609802246094,214731000
2018-10-11,246.4309928591743,248.0496814460572,240.4543195045983,242.0641326904297,274840500
2018-10-12,246.15530112776585,246.43991110132865,242.24200898793077,245.426025390625,183186500
2018-10-15,245.07031967564035,246.3955233707276,243.9585870929312,244.0475311279297,102263700
2018-10-16,246.00425407612462,249.75746531832138,245.5328804265037,249.3839111328125,118255800
2018-10-17,249.41939640534218,250.0508528260985,246.8579605429045,249.4282989501953,110626000
2018-10-18,248.49449831592784,249.09039901108488,244.55452397248047,245.8263397216797,134557500
2018-10-19,246.47556569491306,248.40551826556748,244.99918156304307,245.69290161132812,139901600
2018-10-22,246.36000370858304,246.68016974665514,244.05649646162294,244.5901336669922,82415800
2018-10-23,240.979121274498,244.46549881479024,238.89793437660367,243.34486389160156,146352700
2018-10-24,243.09588794996847,243.47834459638236,235.42050879522853,235.971923828125,177806700
2018-10-25,237.8040269298721,241.7440002948675,236.78123848445856,240.20535278320312,138061500
2018-10-26,236.50548966913507,241.02355770132107,233.27701479338367,235.98072814941406,201574600
2018-10-29,239.06695479413133,240.35657539863922,231.10696608457545,234.6733856201172,160749100
2018-10-30,234.50444807839088,238.46219999139012,234.01526943167627,238.15090942382812,157116000
2018-10-31,240.71226647068522,243.00689708304327,240.24089307231728,240.69448852539062,128296300
2018-11-01,241.55723572088397,243.4516321862805,240.47218374803228,243.25596618652344,99495000
2018-11-02,244.35884745387176,244.78576258174922,239.76961161135745,241.81521606445312,122634100
2018-11-05,242.3043034718907,243.70064588758427,241.33487607109518,243.14923095703125,65622500
2018-11-06,243.08695198751172,244.8479186355636,243.02468846268695,244.68783569335938,60085900
2018-11-07,246.85798369028106,250.0064178282418,246.43106862587547,249.92637634277344,102752100
2018-11-08,249.12588950722693,250.11312204168914,248.3343501125517,249.47276306152344,65584900
2018-11-09,248.16535324771868,248.3521166919951,245.6305979363497,247.0358428955078,98812600
2018-11-12,246.5289735049613,246.76909801815407,241.9041542101757,242.42001342773438,99673600
2018-11-13,242.88242086967105,244.87463683563516,241.2459538773567,241.9663543701172,98176600
2018-11-14,243.83411060887397,244.23431809199508,238.75572328236524,240.31214904785156,125335900
2018-11-15,239.04912683050932,243.2826121469212,237.4749236526706,242.8201141357422,135101400
2018-11-16,241.72620354692577,244.35877823500198,241.21034452079422,243.4516143798828,126668000
2018-11-19,242.84684454276717,243.1403571320243,238.41771948586543,239.3337860107422,103061700
2018-11-20,236.00750854517096,237.46611493845413,234.04197264672683,234.90467834472656,136021300
2018-11-21,236.45212852591953,237.5994439666394,235.69617220468442,235.70504760742188,75563700
2018-11-23,234.06864160649894,235.52724792786714,233.97082215763012,234.1309051513672,42807900
2018-11-26,236.38106700331844,238.13315893155394,235.98973489758671,237.9108123779297,79981400
2018-11-27,236.87909419467337,238.7112274169922,236.27431815159747,238.7112274169922,75502400
2018-11-28,239.77841098987489,244.20753479003906,238.64887368188127,244.20753479003906,127629600
2018-11-29,243.43387485858386,245.07034211312993,242.2954616753383,243.6740264892578,82346400
2018-11-30,243.5227586144501,245.71954294084406,243.20259270869448,245.1592254638672,98204200
2018-12-03,249.27717163158556,249.38389363655335,246.81358154386612,248.4055633544922,103176300
2018-12-04,247.5783616693744,248.00527669492658,240.0452616142607,240.35655212402344,177986000
2018-12-06,236.5055499894933,240.1075526296109,233.41047676923458,239.99192810058594,204185400
2018-12-07,239.65398235031736,241.21931064647666,233.57948693968595,234.41551208496094,161018900
2018-12-10,234.23764827118256,235.829657230902,230.01306365670115,234.8602294921875,151445900
2018-12-11,238.05312178650135,238.23988529522845,233.44610762514162,234.91358947753906,121504400
2018-12-12,237.8841103617398,239.24487006116965,236.01639405183923,236.096435546875,97976700
2018-12-13,237.03917653874748,237.90188215211614,234.90465530067445,236.01638793945312,96662700
2018-12-14,233.87297962557628,234.82462934138096,231.1070016654421,231.65841674804688,116961100
2018-12-17,230.7067150296598,231.81844749138895,225.48602373208445,227.1136016845703,165492300
2018-12-18,228.75010114550832,229.41714067784332,225.26369591406458,226.86459350585938,134515100
2018-12-19,226.94463525802686,230.70673442492728,221.76841553795205,223.46713256835938,214992800
2018-12-20,222.2220409411879,223.78735579910423,217.5883327748361,219.82958984375,252053400
2018-12-21,220.7285704300328,223.38547287400803,214.6812037345627,215.32530212402344,255345600
2018-12-24,213.84032507460728,215.45057126158082,209.57318974188104,209.63580322265625,147311600
2018-12-26,211.09390611798273,220.22755432128906,209.11687960035835,220.22755432128906,218485400
2018-12-27,216.99822249418898,222.1152062471228,213.76878896161634,221.9184112548828,186267300
2018-12-28,223.2691930102769,224.89732089212802,220.469154308551,221.63211059570312,153100200
2018-12-31,223.2512997725202,223.81488933145144,221.3816315423611,223.57334899902344,144299400
2019-01-02,220.04869177649815,224.72735303150918,220.02185547983245,223.80592346191406,126925200
2019-01-03,222.06148635507896,222.36565378784775,217.98220563532138,218.4652862548828,144140700
2019-01-04,221.48903377701097,226.42711863841959,221.1133118576938,225.78302001953125,142628800
2019-01-07,226.05131446565957,228.9676389593125,225.1567348927377,227.5631561279297,103139100
2019-01-08,229.74600880148805,230.18434420172517,227.2232870155942,229.70126342773438,102512600
2019-01-09,230.40795353099523,231.61564162896792,229.18238366653358,230.7747344970703,95006600
2019-01-10,229.24505692792303,231.8393332119918,228.5651674588411,231.58885192871094,96823900
2019-01-11,230.51528322053164,231.70508947195933,229.93381189408592,231.67825317382812,73858100
2019-01-14,229.78172036067835,231.06991726630778,229.37917589042223,230.26480102539062,70908200
2019-01-15,230.64055347725395,233.2169474781809,230.6315989437874,232.90383911132812,85208300
2019-01-16,233.3331831885252,234.35301702855713,233.12744735442945,233.46739196777344,77636700
2019-01-17,232.59968415725848,236.09749417495806,232.5549387905483,235.23867797851562,96118400
2019-01-18,237.0457902053426,238.8349499938338,235.2745121865881,238.3697509765625,127900300
2019-01-22,236.9025808874693,237.1172712595665,233.53895278912816,235.14918518066406,115531200
2019-01-23,236.1779733228326,236.87574433178852,233.1811261470387,235.64122009277344,86030300
2019-01-24,235.46232565671974,236.34797816335373,234.4514461827318,235.7664794921875,59204100
2019-01-25,237.60920100674022,238.58431649368626,235.86478770618052,237.76129150390625,96883400
2019-01-28,235.62332511402107,236.0169150068937,234.19199234760515,235.95431518554688,85613700
2019-01-29,236.09746443338423,236.66102665952286,234.80926760140358,235.64122009277344,66136300
2019-01-30,237.15313294174558,240.2125808598044,236.39273457951535,239.37167358398438,92473700
2019-01-31,239.30905486704737,241.957003473344,239.09433714733026,241.4739227294922,104012100
2019-02-01,241.67077991950413,242.61010529345495,240.8030362333058,241.59027099609375,85782500
2019-02-04,241.63492373195646,243.35252886814231,240.96398891789138,243.28990173339844,60744800
2019-02-05,243.71920568755237,244.61378505733478,243.21824342450589,244.30963134765625,79552800
2019-02-06,244.032462050691,244.52447008255368,243.25418189464057,243.9877166748047,58347800
2019-02-07,242.37745713067275,242.9231377133348,240.00682608227083,241.66180419921875,95482000
2019-02-08,240.41833753894525,242.05540667168086,239.59531205500326,241.95701599121094,75788900
2019-02-11,242.61004281578042,242.86945129093857,241.56337248015748,242.09117126464844,68021400
2019-02-12,243.70141259084346,245.58000811053353,243.62983092699662,245.2042999267578,72270200
2019-02-13,246.03626385603758,246.84138015886657,245.61581028783473,246.00047302246094,65277200
2019-02-14,244.9179892390793,246.58192140597924,244.10391856876822,245.45474243164062,83234400
2019-02-15,247.22605856815875,248.16538373135367,247.0203226879647,248.1295928955078,97088700
2019-02-19,247.33340539822623,249.21200092876802,247.32445086509222,248.55897521972656,59120800
2019-02-20,248.5231680196707,249.51616561794017,248.02220560446585,249.05992126464844,76610800
2019-02-21,248.42482818267058,248.782654652387,247.21713995951922,248.17434692382812,64214700
2019-02-22,248.79155411176745,249.90977876755096,248.15641015139627,249.71299743652344,78114600
2019-02-25,251.13537861516554,251.65422284883292,249.97240858043799,250.05291748046875,69030700
2019-02-26,249.70411209384685,250.75075537344767,249.49834887202118,249.87408447265625,56844100
2019-02-27,249.15832765471785,250.1155344836595,248.22798442510532,249.76666259765625,56921600
2019-02-28,249.5519338490404,249.99029644590678,248.9794170639072,249.30145263671875,69268300
2019-03-01,250.87595977067375,251.2695770643132,249.4267448715506,250.8580780029297,78880500
2019-03-04,251.91362747398094,252.15515414421546,247.65541972937822,249.94554138183594,106494600
2019-03-05,250.07080497302118,250.26761358958612,249.05992559250146,249.60560607910156,59114600
2019-03-06,249.721906793157,249.73086132589236,247.7717296851715,248.09376525878906,75039800
2019-03-07,247.64654732381564,247.78968338711277,245.1775253080747,246.0184326171875,94885100
2019-03-08,244.16664605202442,245.6963700742614,243.7014743208143,245.52639770507812,85795800
2019-03-11,246.24204997563308,249.24782506646932,246.21521367305095,249.08680725097656,65098900
2019-03-12,249.64146024884784,250.5449946678334,249.45360611732016,250.026123046875,79667500
2019-03-13,250.91170489447018,252.6114007343966,250.7506598124784,251.6810302734375,80639200
2019-03-14,251.70787361502687,252.1283271456543,251.0816842356358,251.52001953125,67518400
2019-03-15,252.07087511860678,253.57138855973614,251.88216612584606,252.76272583007812,81309000
2019-03-18,252.97829368415324,253.97566513758062,252.75366368534984,253.67913818359375,62199800
2019-03-19,254.73946761602602,255.50318784032194,252.8525697345642,253.74209594726562,90268100
2019-03-20,253.526398183946,254.7304116540192,251.8731247285923,252.97828674316406,84609200
2019-03-21,252.1606734468245,256.23993462503853,252.11573099309788,255.8356170654297,79550400
2019-03-22,254.4788227052167,254.99995221393374,250.84879440990014,250.9116973876953,122659300
2019-03-25,250.5703229974843,251.75637623870716,249.46516070418787,250.72308349609375,85575200
2019-03-26,252.47512221855817,253.54436319608845,251.19024521888866,252.59193420410156,68125900
2019-03-27,252.58299573112288,253.16705578717867,249.7257081273142,251.2711639404297,72224700
2019-03-28,251.90016341812145,252.67287768913806,250.7500585682545,252.22361755371094,56238500
2019-03-29,253.73308607221736,254.1374036359353,252.60993602746407,253.81394958496094,82186800
2019-04-01,255.8087611739287,257.1205932407867,255.53918860961605,256.8240661621094,77617900
2019-04-02,257.01270157304134,257.1834225886773,256.1590964948618,256.9497985839844,40070400
2019-04-03,258.16278854117206,258.55813955865335,256.75210547518907,257.3541259765625,68243200
2019-04-04,257.67764571070825,258.2886329223049,256.98579496410593,258.03704833984375,48997500
2019-04-05,258.7019475798009,259.33988924285876,258.41441453536396,259.2859802246094,58621700
2019-04-08,258.8636614791043,259.59146060914446,258.2077318961907,259.483642578125,53566300
2019-04-09,258.522205126451,258.8456592016085,257.60572449284734,258.15380859375,66142300
2019-04-10,258.567206187481,259.1243118700279,258.153894480387,259.0344543457031,52601500
2019-04-11,259.5195414386195,259.528535413988,258.3963913438245,258.96246337890625,55093100
2019-04-12,260.57089410213314,260.99319975147006,259.0074775121329,260.71466064453125,69727800
2019-04-15,260.7864442960236,260.88529575789886,259.7441577724898,260.5438537597656,49596700
2019-04-16,261.4244993786644,261.47840840448066,260.12163393988806,260.71466064453125,52153200
2019-04-17,261.8287579409137,261.8557124477344,259.6633211574548,260.07666015625,58268300
2019-04-18,260.6607336464958,260.85840920108075,259.3668622747877,260.5888366699219,68708500
2019-04-22,259.8250653691345,260.9661760070736,259.7352078763909,260.81341552734375,40160100
2019-04-23,261.1818141622424,263.3921933348262,260.94821758401093,263.1585693359375,52246600
2019-04-24,263.07778468800365,263.4102328349155,262.4308489299954,262.5746154785156,50392900
2019-04-25,262.47565322395,263.06867970360906,261.2267247054764,262.4127502441406,57770900
2019-04-26,262.45776734051964,263.70669621419734,261.68502567610466,263.63482666015625,50916400
2019-04-29,263.7246416311188,264.56925271334455,263.6347841375647,264.048095703125,57197700
2019-04-30,263.70652493718876,264.47027212854783,262.29586991764086,264.1827392578125,81111700
2019-05-01,264.8118402899683,265.0185097807534,262.1881495792361,262.1971435546875,71671900
2019-05-02,262.0803024726753,262.9968104059952,260.13949601586444,261.63104248046875,65030200
2019-05-03,263.1046927620058,264.4704336008856,261.7389245024655,264.19189453125,56543700
2019-05-06,259.89692165063803,263.54491082051743,259.58243415240935,263.1046447753906,107198100
2019-05-07,260.7055306058509,261.29855700099677,256.80595772320976,258.7108154296875,144729900
2019-05-08,258.3514404296875,260.05862285255927,257.7584139715136,258.3514404296875,91568300
2019-05-09,256.2849164466201,258.1717868559465,254.5507516890629,257.5697937011719,103471100
2019-05-10,256.6352774765789,259.61837045130414,253.65218450185358,258.8636169433594,112429300
2019-05-13,253.7600846462088,254.7214804117822,251.52275072246363,252.35836791992188,127290500
2019-05-14,253.37367783289977,256.16808964243916,253.24789927585027,254.64059448242188,77003200
2019-05-15,253.01433551780383,256.7701439026409,252.8076659712132,256.1322021484375,73956400
2019-05-16,256.8330106305001,259.86101931664007,256.7611410796038,258.5042724609375,76749600
2019-05-17,256.20415146044695,259.3130247481953,256.18616350101286,256.8330993652344,100353000
2019-05-20,255.2336049280397,256.94078755040437,254.3889938816998,255.13478088378906,62877600
2019-05-21,256.82398306292055,257.8123606375981,256.57239853669876,257.43499755859375,46847100
2019-05-22,256.4825295824555,257.59668554101046,256.16804211719005,256.6442565917969,49482500
2019-05-23,254.4249951802934,254.46991022415784,252.0978310424827,253.50851440429688,98733800
2019-05-24,254.9459757917741,255.35931460456402,253.46342374247638,254.08340454101562,55268100
2019-05-28,254.3620183719371,255.31444735904768,251.7024069034389,251.72036743164062,70029400
2019-05-29,250.6062091335086,251.0105266692466,248.62945422327786,250.03114318847656,104972900
2019-05-30,250.78596562189657,251.62161026679743,249.6179003033244,250.71409606933594,62523800
2019-05-31,248.171261594784,248.99788472790675,247.30866255936388,247.3356170654297,86862800
2019-06-03,247.371622323553,248.48577872420248,245.3769061548867,246.70672607421875,96428000
2019-06-04,248.99793224452503,252.19666220448534,248.5486721105906,252.0618896484375,77231900
2019-06-05,253.67916720875505,254.2721937639268,251.87316045778283,254.2452392578125,71169700
2019-06-06,254.54176708749608,256.5724038696885,253.89483151795633,255.8985137939453,69430400
2019-06-07,256.91380361699646,259.53749394521816,256.74308263224987,258.4592590332031,74272200
2019-06-10,260.00469666198643,261.307561473152,259.5554367161571,259.6452941894531,60799100
2019-06-11,261.4603007892035,261.8286972441243,258.93546202655364,259.5823974609375,58641300
2019-06-12,259.3488976402078,259.90597580686716,258.61210445561744,259.124267578125,47096300
2019-06-13,260.0317238829631,260.55288092143763,259.3308792682955,260.1934509277344,48945200
2019-06-14,259.90594482421875,260.50793796326803,259.1421972200491,259.90594482421875,52324700
2019-06-17,260.13953327502185,260.7685083224592,259.83403972704474,260.0047607421875,39205700
2019-06-18,261.8197473625696,263.7785143172778,261.46031743785153,262.72723388671875,85434800
2019-06-19,262.86196705629305,263.85034436003326,261.89157769848856,263.3202209472656,78674400
2019-06-20,265.9978750491621,266.24046558371964,263.3831784940885,265.83612060546875,116570000
2019-06-21,265.5670566296167,266.8220594796023,265.23299171747703,265.4496765136719,83309500
2019-06-24,265.65733558451575,265.97332504245077,264.97113036473775,265.1246337890625,47582700
2019-06-25,265.1788214889388,265.2059070885623,262.4159801112717,262.5243225097656,82028700
2019-06-26,263.41824118962137,263.92385754593755,262.1542002988309,262.2625427246094,51584900
2019-06-27,263.02092303525444,263.6980906365372,262.64172460878746,263.1924743652344,40355200
2019-06-28,264.16764892571615,265.0434536754882,263.6530223625105,264.546875,59350900
2019-07-01,267.86942429707057,268.08613665460155,265.74762708261784,266.948486328125,78705600
2019-07-02,266.90333077615117,267.6978784773819,266.0636495912675,267.6437072753906,61504500
2019-07-03,268.3208916824014,269.80164477374774,268.1764259500246,269.7835693359375,40898900
2019-07-05,268.55577661473046,269.639256333535,267.26464969687936,269.4767150878906,51677300
2019-07-08,268.1674925462859,269.2961055716428,267.4542013991323,267.9959411621094,45841800
2019-07-09,266.8401016060428,268.62780605952946,266.7859304137562,268.3298645019531,41101300
2019-07-10,269.39528421197224,270.5600200241594,268.8625824197976,269.6119689941406,58448500
2019-07-11,270.25314782826575,270.4878805839635,269.2419150387237,270.2441101074219,50826100
2019-07-12,270.73161735765416,271.52616509938144,270.4246380127178,271.45391845703125,40326000
2019-07-15,271.88741431405714,271.88741431405714,271.03869505958664,271.5443115234375,33900000
2019-07-16,271.4539059829256,271.6615806276131,270.3614166652641,270.66839599609375,36650100
2019-07-17,270.64132560824015,270.8038392241641,268.8265075683594,268.8265075683594,36036300
2019-07-18,268.32997368121545,270.1899255172124,267.88756624619475,269.8106994628906,51392600
2019-07-19,270.90314927048956,270.93023487092404,268.14030781010166,268.3118591308594,58678600
2019-07-22,268.7091928929078,269.51277855742103,268.1945663171256,268.9710388183594,43638100
2019-07-23,270.090607031503,270.8941650390625,269.259935864137,270.8941650390625,44564500
2019-07-24,270.13573328679485,272.167236328125,270.04543875193104,272.167236328125,47213200
2019-07-25,271.71581505222247,271.76998626708985,270.06351033668966,270.8670959472656,55394100
2019-07-26,271.5532415968484,272.88049117681857,271.42682375398465,272.6818542480469,45084100
2019-07-29,272.56449822490094,272.68187835964795,271.6345224202421,272.1852722167969,38126500
2019-07-30,270.7857511266804,271.9234013772406,270.40652519182134,271.51708984375,45849000
2019-07-31,271.76085606462857,271.9504828061591,266.53314273076955,268.54656982421875,104245200
2019-08-01,268.700115526861,271.65255641303344,265.4135821381002,266.2081298828125,142646600
2019-08-02,265.31430025667504,265.55807069993347,262.6507630499362,264.2037353515625,116749700
2019-08-05,260.1136319797592,260.22197439410274,254.36222586817163,256.25830078125,178745400
2019-08-06,258.1453280546701,260.0684884974278,256.67361269034296,259.8517761230469,120711700
2019-08-07,256.7819852077057,260.7727722927134,254.6511774136103,260.00531005859375,140572300
2019-08-08,261.4950072466984,265.1065673828125,260.9442575518692,265.1065673828125,87713900
2019-08-09,264.1676704197368,264.7635814112252,261.5222080674551,263.3009033203125,93730000
2019-08-12,261.80202916869314,263.29179245654484,259.1475298322207,260.0955810546875,65527600
2019-08-13,259.79763351897674,265.58516336808646,259.4545308129541,264.1405334472656,94299800
2019-08-14,260.09556938065884,260.70049034452813,256.20411507951735,256.33050537109375,135622100
2019-08-15,257.21539563778583,257.9016010899172,254.9672075856533,257.0077209472656,99556600
2019-08-16,258.6600201444486,261.23323542718947,257.06188669690755,260.79986572265625,83018300
2019-08-19,263.81550422440336,264.6190622184229,263.13833653723043,263.94189453125,53571800
2019-08-20,263.43622123692984,263.9689230625115,261.79298227907464,261.91937255859375,51596400
2019-08-21,264.0774090977041,264.42048432378965,263.39120353747325,264.0503234863281,49524700
2019-08-22,264.75444001961625,265.3864464762261,262.19924593376106,263.9689025878906,51666400
2019-08-23,262.6688438924776,264.33015864750445,255.94230050225514,257.18829345703125,149161500
2019-08-26,259.3733507016829,260.032470703125,257.847463513026,260.032470703125,72423800
2019-08-27,261.4229061159633,261.7930945034179,258.25375184938554,259.0121765136719,66668900
2019-08-28,258.3531106020303,260.9985732534505,257.54952480090526,260.8360595703125,59696700
2019-08-29,263.3911606210267,264.6913248632864,262.3889380553566,264.1676330566406,57899400
2019-08-30,265.6484296655696,265.6664775551436,263.1203474237136,264.0503234863281,62901200
2019-09-03,262.35278021837604,263.2646804730789,261.1790065682752,262.5062561035156,69101400
2019-09-04,264.6732137573608,265.5038572084943,263.92379955368773,265.4858093261719,46887300
2019-09-05,267.9688581886312,269.81073482523794,265.4497861761174,268.8988342285156,83258100
2019-09-06,269.21487635459073,269.74757845071673,268.53770846991716,269.10650634765625,49584300
2019-09-09,270.0906319733859,270.1808989649801,268.3028991645869,269.2419128417969,51260300
2019-09-10,268.48343727792104,269.24188935174453,267.2284341315708,269.1786804199219,57947100
2019-09-11,269.48569071099945,271.17409129973674,268.8356085403277,271.09283447265625,68821100
2019-09-12,271.99573701990073,273.088226704919,271.23731237917514,272.0318603515625,72908700
2019-09-13,272.4741315317824,272.8262718427624,271.48094706313816,271.85113525390625,62104800
2019-09-16,270.7226651270901,271.89643922675583,270.37055218501104,271.0115966796875,58191200
2019-09-17,270.8129723529359,271.7880819460408,270.64142095768113,271.69781494140625,41475500
2019-09-18,271.3095130844703,271.96863296095114,269.2780097922511,271.86029052734375,73375800
2019-09-19,272.24844412507855,273.2416287217111,271.5080676481326,271.8421325683594,76560500
2019-09-20,272.44444179650503,272.7256557739762,269.7686322549902,270.5577697753906,89565000
2019-09-23,269.89559997751627,271.21084760193804,269.6416243712935,270.4942626953125,43476800
2019-09-24,271.5827026529989,271.97273161522907,267.41022319495477,268.3717041015625,94869400
2019-09-25,268.45341435241266,270.40358741300247,266.97490242905855,269.9591369628906,71854000
2019-09-26,269.9682722975083,270.1768783815456,267.99088814051237,269.3968200683594,56179700
2019-09-27,270.1495830366901,270.2584534548734,266.39437020670596,267.9454345703125,84746600
2019-09-30,268.462564934567,269.8957076382301,268.4172230044374,269.1882019042969,51662400
2019-10-01,270.06794415591315,270.72102824217234,265.76849006877796,265.9861755371094,88242400
2019-10-02,264.4078850320209,264.41696448642426,259.99958846909385,261.28759765625,122539500
2019-10-03,261.0608435391244,263.4554943744778,258.3487439616913,263.42828369140625,85278800
2019-10-04,264.081418140647,267.2470481606347,264.02696908285304,266.9930725097656,65091200
2019-10-07,266.1948921658021,267.818537273,265.5599391103268,265.84112548828125,59610500
2019-10-08,263.9906876592985,264.7254038708757,261.67766859806807,261.7139587402344,95708100
2019-10-09,263.7275882237998,265.13351958206624,263.10171486269707,264.1992492675781,62359400
2019-10-10,264.1176347838915,266.86602454663546,263.954370682643,265.9861755371094,55296300
2019-10-11,268.7346339216523,270.97507304287916,268.6167393837116,268.74371337890625,98720400
2019-10-14,268.42611599601287,269.09735886128357,268.0995878571728,268.44427490234375,40394800
2019-10-15,269.48751570095226,271.84587709862797,269.36959347887756,271.1020812988281,46754500
2019-10-16,270.63932374757036,271.35590846403454,270.2311636037042,270.6665344238281,48928200
2019-10-17,271.8276621175921,272.3356133684746,270.77546947468795,271.46484375,45736600
2019-10-18,270.929634312639,271.5736388782995,269.4239120539197,270.27655029296875,64304000
2019-10-21,271.5918531611871,272.30841046123777,271.15645449887944,272.1088562011719,39048600
2019-10-22,272.6440642871781,272.93433011116593,271.1292896905478,271.2200012207031,48594700
2019-10-23,270.96592021500015,272.063454563809,270.75728654487045,272.009033203125,34352200
2019-10-24,272.9434028694703,273.08853577790205,271.62815491768134,272.4535827636719,35453100
2019-10-25,271.8820684135941,274.1134552290327,271.82764704553614,273.5692138671875,45205400
2019-10-28,274.7847083190437,275.61013608971376,274.75749763127527,275.1112365722656,42147000
2019-10-29,274.8390967416614,275.9547901689378,274.7120950931229,275.0295715332031,44284900
2019-10-30,275.229106138278,276.24500852902196,273.9229380126746,275.8731384277344,49643900
2019-10-31,275.8641533549526,275.8641533549526,273.6872149612356,275.13848876953125,69053800
2019-11-01,276.58073316174546,277.73268933726877,276.41744133237114,277.6873474121094,71141500
2019-11-04,279.2384077691996,279.3744612238009,278.4311111364447,278.8030090332031,60606900
2019-11-05,279.0024274222912,279.3017725578726,278.2042106357529,278.4944763183594,42933200
2019-11-06,278.4945741205653,278.8301818233875,277.6147249920431,278.5580749511719,46487100
2019-11-07,279.89142527025837,280.8710375909936,279.0659976008694,279.53765869140625,54272300
2019-11-08,279.1930197495144,280.2815026770793,278.4945936077772,280.2270812988281,49032100
2019-11-11,278.8483051362286,279.8642075711623,278.71222403622494,279.6918640136719,35797300
2019-11-12,280.054668191953,281.1794133049867,279.5104268632624,280.28143310546875,46484600
2019-11-13,279.2927585959564,280.77127035209,279.0659936684823,280.3721618652344,53917700
2019-11-14,280.09095744342886,280.8619636831978,279.4560046150865,280.7803039550781,51219900
2019-11-15,282.1137714747029,282.85756726611123,281.4244247462533,282.8122253417969,62023600
2019-11-18,282.57636250635056,283.2566574144179,282.122832567639,283.02081298828125,49228000
2019-11-19,283.619442778009,283.62852223373176,282.2951432620522,282.93914794921875,67804700
2019-11-20,282.3496028123388,282.86663359563494,280.3359287395858,281.8869934082031,79406200
2019-11-21,281.9958720828886,282.1047148443882,280.6352822016,281.4334716796875,54664700
2019-11-22,282.17718732194487,282.3132407351811,281.0524421975064,282.05926513671875,44850200
2019-11-25,282.98444091082035,284.2452392578125,282.98444091082035,284.2452392578125,48647200
2019-11-26,284.2816591210013,285.0707968398084,283.9641826057425,284.8893737792969,37569000
2019-11-27,285.37004499703744,286.1592102050781,285.15235952241426,286.1592102050781,44444600
2019-11-29,285.59683323960326,285.84175709981287,284.87119647744976,285.09796142578125,36592700
2019-12-02,285.3518958206147,285.4153966404745,282.24976727728045,282.67608642578125,75767800
2019-12-03,279.9639558052549,280.8619636831978,278.5852351006926,280.7803039550781,73941700
2019-12-04,281.82344036418806,283.11144954756696,281.47875327303325,282.5127868652344,49080000
2019-12-05,283.211315493055,283.229446725346,281.7146445502904,283.02081298828125,40709000
2019-12-06,284.9256316357635,286.0050350565463,284.9165521793852,285.6059265136719,48927000
2019-12-09,285.21586750080536,285.88708285190785,284.63533597889335,284.7079162597656,34838500
2019-12-10,284.6534664265952,285.3156022560636,283.73732732073876,284.3904113769531,52649800
2019-12-11,284.8440482574191,285.45179063198384,284.3088861837475,285.19781494140625,53429100
2019-12-12,285.2067809563498,288.43591134323987,284.9709642525427,287.6558532714844,96389600
2019-12-13,287.4199981041912,289.05272214678655,286.64899183529326,287.82818603515625,81503900
2019-12-16,289.5516578841208,290.3952169345024,287.7647488016478,289.8056335449219,82749700
2019-12-17,290.18661712815833,290.4859347171941,289.787508555263,289.869140625,61097700
2019-12-18,290.2591965012545,290.4859614985211,289.83287719914233,289.8872985839844,48133000
2019-12-19,290.07766829054526,291.14801972745664,289.8236926929126,291.075439453125,85310500
2019-12-20,292.10549549710834,293.4818986755226,291.13019089245233,292.35162353515625,147142100
2019-12-23,293.1354754488179,293.19016437902224,292.6523713537724,292.7982177734375,52990000
2019-12-24,293.02612879098643,293.0716936318886,292.50655608135855,292.807373046875,20270000
2019-12-26,293.19028179731185,294.37527400015193,293.181185516875,294.36614990234375,30911200
2019-12-27,295.0952322086851,295.1499211381323,293.7644218965359,294.2930908203125,42528800
2019-12-30,294.37518834855865,294.511910689044,292.18751963133974,292.6706237792969,49729100
2019-12-31,292.16931374555315,293.62775035689424,291.82293192090606,293.3816223144531,57077300
2020-01-02,294.91296621198353,296.1435228475682,293.9923228046252,296.1252746582031,59151200
2020-01-03,292.74353546966336,295.00411329960116,292.68884653822107,293.8829345703125,77709700
2020-01-06,292.1328420420894,295.0861837981025,292.01434006994486,295.004150390625,55653900
2020-01-07,294.4389421396399,294.9129499592201,293.72795822762987,294.17462158203125,40496400
2020-01-08,294.3660286722624,296.9547400028766,294.1199284891358,295.742431640625,68296000
2020-01-09,297.30119760730037,297.82077038824355,296.71781178644477,297.7478332519531,48473300
2020-01-10,298.33120751452185,298.48615024274386,296.4261352089056,296.8909912109375,53029300
2020-01-13,297.510801872737,298.94186605271307,297.082386683004,298.9327697753906,47086800
2020-01-14,298.4952711557389,299.54351294484616,297.92100945963375,298.47705078125,62832800
2020-01-15,298.3857860264188,299.90800736140204,298.3037526446553,299.1514587402344,72056600
2020-01-16,300.52795985830204,301.6400146484375,300.30008000636747,301.6400146484375,54050300
2020-01-17,302.35097758583424,302.7884890679203,301.5761805798231,302.578857421875,95846000
2020-01-21,301.62178693577914,302.78853074420584,301.5488776178504,301.98638916015625,77742400
2020-01-22,302.84318902456715,303.49038781097767,301.8678844320141,302.0228271484375,48914900
2020-01-23,301.37570973553994,302.7794576149532,300.2636547848771,302.3692626953125,51963000
2020-01-24,303.0254328321711,303.1074662187742,298.3948999055085,299.6801452636719,87578400
2020-01-27,294.44811064824233,296.35318285602233,294.1108529210448,294.87652587890625,84062500
2020-01-28,296.298487210109,298.84163406721996,294.9676767051918,297.9665832519531,63834000
2020-01-29,299.32483405987585,299.5527139776609,297.5200150967636,297.7205505371094,53888900
2020-01-30,295.6604550917531,298.8963660446492,294.91303023429634,298.68670654296875,75491800
2020-01-31,298.06685040639036,298.2218209474655,292.35163365596884,293.2631530761719,113845600
2020-02-03,294.73979049796515,297.30115767312014,294.6212885304359,295.441650390625,69083000
2020-02-04,299.04215432222543,300.81050405404096,298.7231169921296,299.9445495605469,62573200
2020-02-05,302.87059303020703,303.618045742721,301.4121839936726,303.40838623046875,65951100
2020-02-06,304.3654167083422,304.6206410029242,303.35361580732535,304.4292297363281,50359700
2020-02-07,303.3719308599242,304.4383931119409,302.25987594185665,302.8067932128906,64139400
2020-02-10,301.9226265793127,305.13116533874893,301.88615800893024,305.0673522949219,42070000
2020-02-11,306.4162784131797,307.200171523737,305.0672200674489,305.5959167480469,54864500
2020-02-12,307.02705945948134,307.77451202465284,306.66245727222037,307.56488037109375,43992700
2020-02-13,306.1428600443528,308.20290257264736,305.8694153801374,307.2366943359375,54501900
2020-02-14,307.646848447526,307.84738378054004,306.4527605428289,307.7288818359375,64582200
2020-02-18,306.7353167259644,307.79268227342084,305.5503251457351,306.93585205078125,57226200
2020-02-19,307.90211788539574,309.07795777585227,307.61954912250815,308.4034423828125,48814700
2020-02-20,307.85655491074664,308.67694462905206,304.1557883522253,307.136474609375,74163400
2020-02-21,305.78739481387316,306.09730805211063,303.1530905628107,303.9734802246094,113788200
2020-02-24,294.5483543223174,304.0463696689848,292.8164454315438,293.8920593261719,161088400
2020-02-25,295.2776038121276,295.8883062471929,284.11149089171784,284.9865417480469,218913200
2020-02-26,286.3811587759355,289.9634233462724,283.2090890630601,283.93829345703125,194773800
2020-02-27,278.43268874388383,283.9929622601153,271.1861267089844,271.1861267089844,284353500
2020-02-28,263.1555493677541,271.53241129675524,260.2751459574827,270.046630859375,384975800
2020-03-02,271.8241810091955,281.80532914475464,268.40598340350584,281.74151611328125,238703600
2020-03-03,282.1153015410036,286.0712930613618,271.2408799542185,273.67462158203125,300139100
2020-03-04,279.0343161033958,285.3967315712866,276.49116917188974,285.1779479980469,176613400
2020-03-05,277.9951665598652,281.1763600202487,273.4649145191371,275.6981201171875,186366800
2020-03-06,267.2118271902237,272.34368433894815,264.5502069103932,271.1404724121094,228667200
2020-03-09,250.94124687205388,259.04466663052983,249.2549584564978,249.9659423828125,309417300
2020-03-10,259.45487913879975,262.99155082298614,249.30054030564344,262.9004211425781,276444100
2020-03-11,255.8634838386491,256.9937588920719,246.91235745450595,250.0844268798828,255316300
2020-03-12,233.3489770719644,243.06577765843556,225.76512864095778,226.15708923339844,392220700
2020-03-13,239.8115967480577,247.45925662714072,226.53076847464146,245.49037170410156,329566100
2020-03-16,219.84023822786799,234.16932404862888,216.35824141554718,218.6279296875,297240000
2020-03-17,223.35872879137676,233.50395903282416,216.09393128193696,230.43212890625,262070500
2020-03-18,215.34643578529358,226.39404531004064,207.84463580030425,218.76463317871094,327597100
2020-03-19,218.08101328487268,225.49167035009614,211.67303310856974,219.22952270507812,289322000
2020-03-20,222.37071486608463,224.1494627814303,209.50690060052804,209.78196716308594,347158800
2020-03-23,209.22268050674896,210.58882164978553,200.11806218300114,204.41822814941406,326025200
2020-03-24,214.9349002864805,223.81030151692397,214.36643944810632,222.9392547607422,235494500
2020-03-25,224.51626550550066,235.0420516206146,219.8218472180857,226.27667236328125,299430300
2020-03-26,228.77971920189324,240.95586078896224,228.34878482606823,239.48887634277344,257632800
2020-03-27,232.21801874837786,239.13128235143066,230.18254563117415,232.3555450439453,224341200
2020-03-30,234.44605962945386,240.61665407010992,232.45643301160396,239.9014892578125,171369500
2020-03-31,238.90206639274638,241.44181196172076,234.92281361805342,236.3256378173828,194881100
2020-04-01,227.36774076850008,236.24314028710725,223.62687128450554,225.68984985351562,189554600
2020-04-02,224.80964222485147,231.67705936295383,224.25950903784965,230.89772033691406,177660400
2020-04-03,229.91664470662855,232.26386743063676,224.83713961830722,227.56027221679688,135561200
2020-04-06,236.40819703837275,244.80681626495058,227.5419743229143,242.8446807861328,188061200
2020-04-07,251.41742888047233,252.16927651382895,242.87213629825405,243.09217834472656,201427200
2020-04-08,245.68691748063026,253.05863332967684,243.20218293730716,251.25238037109375,153774500
2020-04-09,254.50736272812495,257.8264895451894,252.57276069196072,255.0758514404297,189999200
2020-04-13,254.10397034489313,254.44321124594032,248.85024130979565,252.74697875976562,114839100
2020-04-14,257.6247434043118,261.2188944182337,252.60941275513804,260.201171875,134143400
2020-04-15,254.49816925151632,260.3386853472331,252.56353956668622,254.67237854003906,121775000
2020-04-16,255.9468642691427,256.7537225719264,252.83865783107498,255.90103149414062,131798300
2020-04-17,261.6590844120488,263.4194774380583,258.9267733430212,262.8143615722656,146684800
2020-04-20,259.11928900096365,262.95186638326464,257.96403991624453,258.18408203125,100109300
2020-04-21,253.72802881075526,254.929138502849,249.4095069904513,250.34474182128906,126385700
2020-04-22,255.21337198348687,257.6430966582761,253.89306348455668,255.90103149414062,92951600
2020-04-23,257.17550907621705,260.3387543846184,255.58014778029658,255.88270568847656,104709700
2020-04-24,257.39554010912246,260.1186727932332,255.35088916404356,259.4493408203125,85063200
2020-04-27,261.4207061930067,264.308871327073,260.9622663945535,263.1902770996094,77896600
2020-04-28,266.8302216256885,267.1786402598977,261.67736409264813,261.9799499511719,105270000
2020-04-29,267.29778446877594,270.369335297768,266.27088427087654,268.838134765625,118745600
2020-04-30,267.4628265283742,268.9390166066362,264.6021678699744,266.3350830078125,122901700
2020-05-01,261.594889070107,266.50020001311435,258.11990791498647,259.28436279296875,125180000
2020-05-04,257.4047574252565,260.3021001779905,255.92859477193736,259.9995422363281,80873200
2020-05-05,262.8142792143297,265.2073206037957,260.12780177122573,262.40167236328125,79569900
2020-05-06,264.09790497007816,264.48297858278846,260.19199044127004,260.6229248046875,73632600
2020-05-07,263.8319800050877,265.6932435927499,263.26351939914133,263.7677917480469,75250400
2020-05-08,266.89447017023934,268.5998807173139,265.7666982281265,268.13226318359375,76452400
2020-05-11,266.206792766085,269.5625751201923,265.7850360274315,268.187255859375,79514200
2020-05-12,269.36997290557235,269.78255179515514,262.7042425975372,262.841796875,95870800
2020-05-13,262.2825114779081,263.31858964743844,255.7726623265701,258.1932373046875,144721100
2020-05-14,255.76353778728304,261.4114906647709,250.29891603317049,261.28314208984375,121977900
2020-05-15,258.89919065123917,262.53002466488874,257.95480613821377,262.48419189453125,111146300
2020-05-18,268.6914747602291,272.08393945209053,268.3705893815132,270.4794006347656,119703800
2020-05-19,269.8834715117107,271.58885385664627,267.68296642946405,267.7012939453125,95189300
2020-05-20,271.2312094120459,273.1108005640989,271.0019896139452,272.2489318847656,85861700
2020-05-21,272.12068909653203,272.9275475763484,269.27835689934,270.36944580078125,78293900
2020-05-22,270.0852232989164,271.05711341057327,268.8474302756722,270.8829040527344,63958200
2020-05-26,276.8333877387792,277.07178533427884,270.9011769612808,274.22027587890625,88951400
2020-05-27,277.007581296367,278.3370675296901,272.19396476879547,278.3003845214844,104817400
2020-05-28,279.3272461114309,281.33521382254526,277.11756385460404,277.7868957519531,90405200
2020-05-29,277.3193091660714,279.61150744849493,274.5778489741923,279.02471923828125,119090800
2020-06-01,278.3828651183529,280.75757894742645,277.8694149921172,280.1524353027344,55758300
2020-06-02,281.069313365472,282.5179982006775,279.73985528660774,282.4721374511719,74267200
2020-06-03,284.4526967836339,287.18500785953836,284.1776441166722,286.2314453125,92567600
2020-06-04,285.2503028822557,286.98321817364206,283.3890390401753,285.4795227050781,75794400
2020-06-05,290.86163222663976,294.56580447547407,290.79744395981476,292.7962341308594,150524700
2020-06-08,293.60310815038525,296.52795553104175,293.0621526886974,296.3354187011719,73641200
2020-06-09,293.6763815746221,296.4086915242657,292.81451293214826,294.12567138671875,77479200
2020-06-10,294.7034495380097,295.5928238577627,291.76942366351983,292.4845886230469,95000800
2020-06-11,285.5712235543959,286.20387252008595,275.0729721884442,275.6230773925781,209243600
2020-06-12,282.6188503742168,283.3890255846192,273.78014897594073,278.923828125,194678900
2020-06-15,273.24835223856235,282.6555425806839,272.07474788246594,281.52777099609375,135782700
2020-06-16,289.2570253825331,289.4037293946427,282.09620192820154,286.94647216796875,137627500
2020-06-17,287.96438290239416,288.25779109004,285.0211792379168,285.75469970703125,83398900
2020-06-18,284.2418487856552,286.341482886705,283.78340899366174,285.8647155761719,80828700
2020-06-19,289.32367329044104,289.5170574345226,282.28787417657315,284.23101806640625,135549600
2020-06-22,283.6323733290194,286.45036871018254,282.4904486423991,286.05438232421875,74649400
2020-06-23,288.6974262655169,289.6275587383942,286.966102816788,287.3713073730469,68471200
2020-06-24,285.3360587710118,285.9530836646762,278.2081916960514,280.0408020019531,132813500
2020-06-25,279.4697872300513,283.3100111754416,277.45298321689944,283.0429382324219,89468000
2020-06-26,281.94711324330086,282.15893364058905,275.7401601235611,276.3203125,127961000
2020-06-29,277.5727838921979,280.5196928041572,275.28890629956817,280.3815612792969,79773300
2020-06-30,279.9486629348006,285.667559621828,279.7921232790596,283.9730529785156,113394800
2020-07-01,285.08736775765794,287.2238950877985,284.62691073499315,285.96221923828125,72396500
2020-07-02,289.38803604130976,290.7325908541107,286.8739585501112,287.5370178222656,69344200
2020-07-06,291.3496151795207,292.55601050927066,290.6036769406393,291.975830078125,61713800
2020-07-07,290.43785396731937,292.4085952599446,288.5868078840447,288.9643859863281,82910000
2020-07-08,289.72865819522565,291.28500466384816,287.96973768373715,291.17449951171875,54638600
2020-07-09,291.78247001320926,292.0219167134949,286.10963481375455,289.51702880859375,83354200
2020-07-10,289.45251680342045,292.74018697945144,288.02511114921197,292.4731140136719,57550400
2020-07-13,294.8122255722936,297.18817150586733,289.28674115516975,289.9405822753906,102997500
2020-07-14,288.5223761645233,294.47150148289853,287.3251990766644,293.69793701171875,93657000
2020-07-15,296.91194993690715,297.4921303782736,294.0202658653574,296.396240234375,87196500
2020-07-16,294.49906899438264,295.8712217355854,293.8544180117162,295.41998291015625,54622500
2020-07-17,296.4238083554755,297.059241275674,294.4530388686995,296.2764587402344,62774900
2020-07-20,296.0094429242622,299.4168366870497,295.26350467471246,298.6708984375,56308800
2020-07-21,300.6323928502155,301.07441359288947,298.3208896684092,299.3062744140625,57292200
2020-07-22,298.94720120561465,301.3231758826921,298.83669598418305,301.0100402832031,57792900
2020-07-23,300.6508750281461,301.35077884843804,296.0555219337203,297.41845703125,75738000
2020-07-24,295.5674919941012,296.5252227483617,294.00192625089926,295.5030212402344,73766600
2020-07-27,296.193647698937,297.8328739008944,295.40164684860423,297.65789794921875,48293000
2020-07-28,296.9303522871835,298.04467867981947,295.47532024869815,295.77001953125,57495000
2020-07-29,296.64488066256155,299.9693955729184,296.60803622504216,299.4076232910156,48454200
2020-07-30,296.4422441472383,298.7537475391664,294.36099738513786,298.3393249511719,61861700
2020-07-31,300.12596755695097,300.798245119707,295.9173824216007,300.6969299316406,84986800
2020-08-03,302.3545227663099,303.5516998495723,301.8111868221174,302.787353515625,53077900
2020-08-04,301.93082626585755,303.95684814453125,301.93082626585755,303.95684814453125,41917900
2020-08-05,305.25529531542946,306.1025483686258,304.9882224470006,305.84466552734375,42697700
2020-08-06,305.26466855525786,308.00897505925286,304.9423429439364,307.8892517089844,43679400
2020-08-07,306.9223336634307,308.3958022453001,306.0198274823178,308.1103210449219,57308300
2020-08-10,308.5614527808773,309.21529387333,306.62752769620295,309.0311279296875,44282100
2020-08-11,310.21003652811766,310.84546974371733,305.75281398524015,306.4803161621094,69601100
2020-08-12,308.91137645275995,311.5267686882517,308.8837501585283,310.7532043457031,53774400
2020-08-13,309.98892606516085,311.49923889521347,309.2706140885454,310.1915283203125,41816100
2020-08-14,309.80469729931406,310.73482947821054,309.0771673345119,310.20068359375,47260400
2020-08-17,311.2137530113555,311.58211307766084,310.2099598864431,311.1861267089844,35481000
2020-08-18,311.58210731482745,312.2820111007127,309.98891563003593,311.8583984375,38733900
2020-08-19,312.23597917424223,312.7516889289628,309.998164191715,310.5599365234375,68054200
2020-08-20,308.83774337602864,312.0056901723592,308.70883001435334,311.5268249511719,42207800
2020-08-21,311.1953037485117,312.85293788001695,310.8545419255064,312.6319274902344,55106600
2020-08-24,315.0630871567319,315.87349595788055,312.60426256204136,315.7998352050781,48588700
2020-08-25,316.36163229349035,316.9878471615432,315.2012714878101,316.90496826171875,38463400
2020-08-26,317.4943261404444,320.34913711570266,316.9509902417963,320.08209228515625,50790200
2020-08-27,320.94782937860447,322.22788555251475,319.1244090738759,320.78204345703125,58034100
2020-08-28,321.80426786042483,322.9830369399693,320.616280645361,322.8540954589844,48588900
2020-08-31,322.6422984405211,323.5171500758055,321.4543112428884,321.6845397949219,66099200
2020-09-01,322.51332671022755,324.8156120146118,321.6200388879637,324.7143249511719,54908700
2020-09-02,326.6206116646277,330.3779287745175,325.47865908576307,329.4109802246094,69540000
2020-09-03,327.72571683022153,328.19539204398836,315.4959779391516,318.0745544433594,148011100
2020-09-04,318.7560217314167,320.32155893623025,308.3865193279406,315.4775695800781,139156300
2020-09-08,310.0810183653904,315.54206103531834,306.5539292774732,306.8578186035156,114465300
2020-09-09,310.8545526760322,315.37624441716423,309.98889114735533,312.91741943359375,91462300
2020-09-10,314.78685053527204,315.4406916483202,306.52625029812896,307.4840087890625,90569500
2020-09-11,309.26141246287096,310.32045816888535,304.8225992871863,307.6405944824219,84680200
2020-09-14,310.79933901286097,313.4607946662511,307.78795955439836,311.692626953125,65605700
2020-09-15,314.14218543935834,314.9710024350509,311.70176891157143,313.267333984375,52920900
2020-09-16,314.5013391992171,315.92874461250403,311.7477873154288,312.0240783691406,82096000
2020-09-17,307.18016277231743,310.9927613539666,306.65523489152685,309.27984619140625,91523300
2020-09-18,310.0833240814501,310.1942716478776,303.2412847248806,305.7192077636719,105877900
2020-09-21,301.14238742219266,302.4645593357365,297.4717223903731,302.3166198730469,99450800
2020-09-22,303.7960278580259,305.9503348545205,301.2903399000604,305.39556884765625,63612100
2020-09-23,305.95029107636867,306.2276881483939,297.8138181951708,298.3131103515625,93112200
2020-09-24,297.0001579503366,302.15941605078405,295.68721289484193,299.1082458496094,76681300
2020-09-25,298.25759348900306,304.72979648153216,297.38849504638966,303.94390869140625,71069400
2020-09-28,308.09538490645014,309.70418077413325,307.10605558287943,308.99224853515625,64584600
2020-09-29,308.78884527571864,309.52851442541044,306.616028350716,307.3094787597656,51304000
2020-09-30,307.9752282610911,312.78316294549495,307.7810700245136,309.6395263671875,104081100
2020-10-01,312.22833451482296,313.1991537202758,309.75041203082435,311.6273498535156,88698700
2020-10-02,306.69007030245626,311.59969787140113,306.2185149056574,308.668701171875,89431100
2020-10-05,310.7213002044158,314.3272371892056,310.6750814573515,314.142333984375,45713100
2020-10-06,314.28097349200937,316.37057974539914,309.16793362544905,309.67645263671875,90128900
2020-10-07,312.6259052380061,315.87126190492677,312.598168352672,315.0668640136719,56999600
2020-10-08,316.99932011187576,317.9239207082548,316.08394633419226,317.85919189453125,45242500
2020-10-09,319.50498071538817,321.1600236881462,318.8855141153723,320.6977233886719,59528600
2020-10-12,323.2311019429976,327.32707559553944,322.7410647815939,325.8569641113281,80388500
2020-10-13,325.71820121665775,325.89387753565416,322.7687239239019,323.7303161621094,73255500
2020-10-14,324.30363883511666,325.39466069842285,320.96584443553525,321.6962585449219,57727900
2020-10-15,317.79443172197927,321.7794576418191,317.2581758442864,321.2986755371094,60357700
2020-10-16,322.6486204375523,324.30366342738694,320.9288768497177,321.10455322265625,89501900
2020-10-19,322.36195837394564,322.99067994136914,315.3257621196153,316.2226257324219,68425600
2020-10-20,317.5632439464316,320.72538971441617,316.80509306669023,317.4892883300781,60051900
2020-10-21,317.4430433315355,319.6066331009399,316.5831717303874,316.8883056640625,63575000
2020-10-22,317.1010016263074,319.20908978421284,314.96517658013624,318.6265869140625,55399300
2020-10-23,319.84705846131055,319.9025322364598,317.258188232449,319.7083740234375,49143900
2020-10-26,316.333567187947,317.1194832403807,310.31440902526583,313.8001708984375,91473000
2020-10-27,314.14230712329396,314.475149793473,312.5057460118679,312.7184143066406,65994100
2020-10-28,307.05985871686283,312.7461466489848,301.5399921174108,302.030029296875,127094300
2020-10-29,302.26110998803335,308.26175735299205,300.5783305446324,305.0996398925781,90597700
2020-10-30,303.5278632885841,304.8315534323046,298.27613900813606,301.9190673828125,120287300
2020-11-02,305.3030700683594,307.300182145621,302.56623250835605,305.3030700683594,86068300
2020-11-03,308.5298592144072,312.7460340907223,305.38622401246147,310.69342041015625,93294200
2020-11-04,315.1593172475223,321.7055046793928,313.98508475423665,317.63726806640625,126959700
2020-11-05,322.9074612913422,325.63504398286517,322.55610859572175,323.8320617675781,82039700
2020-11-06,323.5454494007083,325.0063340064699,321.4373613684711,323.75811767578125,74973000
2020-11-09,336.52684917649657,336.9059387720614,327.36405472488747,327.82635498046875,172304200
2020-11-10,326.8369728905607,328.3995497594577,324.08168187076836,327.34552001953125,85552000
2020-11-11,329.52768350264563,330.6002236995473,328.28872195189047,329.77734375,58649000
2020-11-12,328.7694850499286,329.82354332955566,324.7752317067129,326.57818603515625,67546200
2020-11-13,328.48285175165734,331.8391565132532,327.965077662347,331.0994873046875,62892200
2020-11-16,333.76224964666625,335.4265190156994,332.4770415964014,335.23236083984375,74541100
2020-11-17,332.82848911220765,334.63147162301595,331.3213855742676,333.4294738769531,66111000
2020-11-18,333.6975302989405,334.2430411433111,329.3796340603069,329.4166259765625,70591300
2020-11-19,328.7879664083773,331.173423449706,327.44728430310664,330.8035888671875,59940900
2020-11-20,330.54466445649757,330.74807768636424,328.46431342145667,328.53826904296875,70417300
2020-11-23,330.34126910985094,331.7651617960009,328.1129784945893,330.5076904296875,63230600
2020-11-24,333.05037819016013,336.3789460330993,332.19976142931375,335.83343505859375,62415900
2020-11-25,335.75020670349176,335.77794359169803,334.2246214190069,335.3156433105469,45330900
2020-11-27,336.4065864235232,336.72094715510167,335.241580958537,336.2494201660156,28514100
2020-11-30,335.4727659225405,335.7409079513326,332.0887531357319,334.7608337402344,83872700
2020-12-01,338.00621842500254,339.95711197569057,337.4144605490259,338.4222717285156,74231400
2020-12-02,337.3127218895292,339.2913520564298,336.73947416095587,339.1341857910156,45927000
2020-12-03,339.0324624961436,340.42861810719086,337.94144081350913,339.0417175292969,62882000
2020-12-04,339.6242628374325,341.9635009765625,339.5317971440086,341.9635009765625,50749900
2020-12-07,341.1960744141505,341.75084037057263,339.99410502237635,341.26080322265625,48944300
2020-12-08,339.99405613944555,342.82333107219165,339.9478374066258,342.25933837890625,42458900
2020-12-09,342.9158052793327,343.0729715480787,338.35753202065183,339.1896667480469,74098300
2020-12-10,337.82132486772645,340.12357138803657,336.95219802540623,339.07879638671875,57735400
2020-12-11,337.3868388889889,339.0881010385968,335.87050819292506,338.6812744140625,57698600
2020-12-14,340.8447456280566,341.91725738932104,336.9891490851876,337.1648254394531,69216200
2020-12-15,339.69826688785116,341.72314453125,338.3298760097503,341.72314453125,63865300
2020-12-16,341.93572259947405,343.1746837346286,341.05734094338163,342.25933837890625,58420500
2020-12-17,343.8959099470601,344.3766920459077,343.0730019635639,344.17327880859375,64119500
2020-12-18,344.4612007715748,344.6283315180656,340.79344881476123,342.7991027832031,136542300
2020-12-21,338.88995381488303,351.4159755487242,336.1600382375715,341.57342529296875,96386700
2020-12-22,341.89839793934385,342.0098184311258,339.87418344037354,340.9977111816406,47949000
2020-12-23,341.9633643931626,343.20760697353194,340.979112376798,341.3041076660156,46201400
2020-12-24,341.7776565578183,342.659782611028,341.19269902115246,342.6319274902344,26457900
2020-12-28,345.1761449139129,345.9654111690172,344.5540377310399,345.575439453125,39000400
2020-12-29,347.09824735774396,347.27467258670123,344.33118227864804,344.9161682128906,53680500
2020-12-30,345.73319837345264,346.43889910302494,345.018231496331,345.408203125,49455300
2020-12-31,345.2132949330659,347.8875000497571,344.7026082398412,347.1632385253906,78520700
2021-01-04,348.4909711220461,348.6209805572402,338.7505780933009,342.4368896484375,110210800
2021-01-05,341.7962383123607,345.88181651795514,341.74979422078724,344.79541015625,66426200
2021-01-06,343.2912744755458,350.0417933363491,342.74343806470597,346.85687255859375,107997700
2021-01-07,349.2245372676321,352.75298437501374,349.0481120785787,352.0101623535156,68766800
2021-01-08,353.3937336428552,354.22941562712896,350.1531317059406,354.015869140625,71677200
2021-01-11,350.84948394564515,353.38438462890787,350.7287689918053,351.62945556640625,51034700
2021-01-12,351.8151841603632,352.71584242095815,349.4659464169587,351.7037353515625,52547700
2021-01-13,351.62953817301246,353.6444582491231,350.8495663690164,352.65093994140625,45303600
2021-01-14,353.39372265354797,353.89514316325904,351.0816626236897,351.4159240722656,49989100
2021-01-15,349.800282405299,350.59881478443,346.9960962553196,348.8531799316406,107160000
2021-01-19,351.30456148612353,352.13097743160114,349.8281831712378,351.5924072265625,51233300
2021-01-20,353.87651262058415,357.2935676023044,353.48654097639,356.4578857421875,61836100
2021-01-21,357.01509447785054,357.4422441883791,355.86371149800453,356.782958984375,47840100
2021-01-22,354.93515564697935,356.6808190235605,354.5544500521419,355.5201416015625,52860500
2021-01-25,356.25365943655754,357.27503278883,351.4159360582794,356.9222106933594,70402000
2021-01-26,357.86928439217473,358.2778450349725,356.1329158287073,356.36505126953125,42665300
2021-01-27,353.05015999751345,353.14301984374345,345.4268398473695,347.65533447265625,123351100
2021-01-28,349.465966970764,354.6379514307327,349.0295795422171,350.6452331542969,94198100
2021-01-29,348.7881786860428,349.75387014169314,341.95409595375736,343.62548828125,126765100
2021-02-01,347.01456637013837,350.3758824135657,343.91324084010205,349.34521484375,75817600
2021-02-02,352.52084118245415,355.83574176244537,349.42880987347587,354.2850646972656,64450700
2021-02-03,355.11149587959494,356.281467508707,353.2915620518551,354.56365966796875,52427100
2021-02-04,355.59436662167684,358.63998265068375,354.6751192898168,358.59356689453125,47142600
2021-02-05,360.45994861198795,360.7106447040377,358.54715471512554,360.00494384765625,48669800
2021-02-08,361.4534473259199,362.6512741525483,360.59920475972706,362.6048583984375,38365200
2021-02-09,361.76912302259905,362.95768361802595,361.3605907389764,362.3634033203125,35551100
2021-02-10,364.09976890155684,364.24833897480704,359.80991075751706,362.2055358886719,59154400
2021-02-11,363.28265332168206,363.700508430255,360.3670470571915,362.79052734375,42913300
2021-02-12,361.9920628197405,364.8241042599518,361.9177635996305,364.58270263671875,50593300
2021-02-16,365.80828939947554,366.0033035639086,363.5519398125603,364.26690673828125,50972400
2021-02-17,362.5212660866274,364.60119044464864,361.5091306885375,364.3504943847656,52290600
2021-02-18,361.75048720135726,363.542565533249,360.0326797228207,362.79974365234375,59712800
2021-02-19,364.05341301185115,364.34125872083973,361.71346939446187,362.1591796875,83241000
2021-02-22,359.4014513169295,361.7785164844223,359.1043110867799,359.37359619140625,67414200
2021-02-23,357.17294188013483,361.15639469065013,353.0316528102948,359.80999755859375,107284100
2021-02-24,358.72354113198065,364.20196042155277,357.7392890909114,363.7748107910156,72433900
2021-02-25,362.5119712403062,363.8769286831077,353.5701100677541,355.00933837890625,146670500
2021-02-26,356.8850154751008,358.0271036542426,351.20234468696304,353.18011474609375,152701600
2021-03-01,358.03645997578053,362.98560406297776,353.3751899411778,361.7413330078125,105348800
2021-03-02,361.9641337209318,362.19626914684636,358.41709761211445,358.91851806640625,79595300
2021-03-03,358.22215187611573,359.18781495345684,354.06227437694446,354.1644287109375,119940200
2021-03-04,353.9787065028338,356.5600515760826,345.306129482108,349.7817077636719,183433000
2021-03-05,353.27300175449477,357.2657484566025,346.01182648724296,356.21649169921875,152039600
2021-03-08,357.17290844727864,359.977094609663,354.16444194612137,354.4429931640625,123149200
2021-03-09,358.2778276525571,362.04770476168795,357.77640719038783,359.5035095214844,113633600
2021-03-10,361.8434873497362,363.4312860296286,360.43211389392627,361.7413330078125,109899400
2021-03-11,364.2018733477641,367.37746967595956,363.74686870548334,365.4089660644531,86245000
2021-03-12,364.0533342174548,366.0403986280399,363.2455075098559,365.901123046875,64653600
2021-03-15,366.15189953144346,368.34327305827475,364.01626458616573,368.0832824707031,73427200
2021-03-16,368.6961305342788,369.40180309295295,366.8483129268186,367.6190185546875,73722500
2021-03-17,366.33759873657715,369.6710604301495,365.1954821103504,368.8725280761719,97959300
2021-03-18,366.2911796002453,368.37110416522074,362.8277084837041,363.50555419921875,115349100
2021-03-19,363.20563537867605,364.7800131432064,360.6624031983592,362.8330078125,113624500
2021-03-22,363.34534370663016,367.1089472702704,363.2894509967949,365.7301940917969,73778600
2021-03-23,365.09668084256,366.5406230570263,362.0690362260645,362.8515625,90686600
2021-03-24,364.24899956726335,365.8792700256846,360.96051229403434,361.007080078125,97588600
2021-03-25,359.5724129695901,363.82972563036685,357.63470442840975,363.03790283203125,116128600
2021-03-26,364.18376357430776,369.2888490443927,363.58756519155156,368.8882751464844,114409100
2021-03-29,367.4162240245033,369.60544913188215,365.93501089133605,368.7018127441406,108107600
2021-03-30,367.43505791818313,368.3945874761221,366.13081869564127,367.7238464355469,76262200
2021-03-31,368.2919754370403,370.76998933005086,368.26402908759354,369.2142333984375,112734200
2021-04-01,371.14265609357545,373.25736766767085,370.93770669938243,373.2014465332031,99682900
2021-04-05,375.8564594894642,379.0983784802134,375.7819453604423,378.55804443359375,91684800
2021-04-06,377.9991164320186,379.3778410378448,377.663731778131,378.33447265625,62021000
2021-04-07,378.16681558663885,379.1170200378233,377.7103490017058,378.7723388671875,55836300
2021-04-08,380.02062094317336,380.62614416673193,379.08903800549706,380.57025146484375,57863100
2021-04-09,380.4491821914655,383.5047731912766,380.328071856803,383.3370666503906,61104600
2021-04-12,382.74093955092366,383.7470368351651,382.1354161945966,383.4768981933594,56704900
2021-04-13,383.374318989603,385.2374848347506,382.99236657978923,384.6133117675781,56551000
2021-04-14,384.58536523914717,385.6380584899132,382.7594706720506,383.2998046875,61659900
2021-04-15,385.4331734470441,387.68761700399335,385.3866056650256,387.4174499511719,60229800
2021-04-16,388.7030468977185,389.31789515278274,387.2870508261419,388.7123718261719,82037300
2021-04-19,387.78079162080644,388.227933315343,385.4797802188034,386.8026123046875,78498500
2021-04-20,385.59152639170094,386.6907875184191,382.4986639809094,383.9705810546875,81851800
2021-04-21,383.3557132219947,387.80867863656937,383.2159530341772,387.6037292480469,66793000
2021-04-22,387.43601353904774,388.2651075101176,383.0016699793457,384.06365966796875,97582800
2021-04-23,384.6226532391619,389.6345741269456,384.54813911119874,388.2278747558594,73209200
2021-04-26,388.8800074072831,389.60664100563645,388.2931055721406,389.0383605957031,52182400
2021-04-27,389.3365118024942,389.5321647196547,387.81802682554365,388.9545593261719,51303100
2021-04-28,389.2247259133634,390.34263698563,388.3769818956655,388.8427734375,51238900
2021-04-29,391.56296041556226,391.9355879172904,387.9484139465216,391.32073974609375,78544300
2021-04-30,389.05698052139843,389.9047243925387,387.85523059091884,388.7495422363281,85527000
2021-05-03,390.7338415630485,391.1157939955126,389.0942748542552,389.5880126953125,68128300
2021-05-04,387.60376353614816,388.09750141176715,383.5048038327527,387.1845397949219,101591200
2021-05-05,388.82417966319684,389.05707545067736,386.7467390041926,387.3056945800781,60162200
2021-05-06,387.3801805344539,390.5289359008101,385.3772825937991,390.3985290527344,74321400
2021-05-07,391.16239525650957,393.8919265936675,390.4823294392389,393.23980712890625,67733800
2021-05-10,393.5937799606252,393.8173507618117,389.2246538329622,389.34576416015625,81852400
2021-05-11,384.83683692816203,386.8583555604407,382.00481742833864,385.8708801269531,116888000
2021-05-12,383.0948540805935,384.36179320441613,376.3594993403955,377.67303466796875,134811000
2021-05-13,379.21949593633536,384.1382530041698,379.1728997288725,382.2098693847656,106394000
2021-05-14,384.93936652675745,388.92654024691893,384.91142017662577,388.07879638671875,82201600
2021-05-17,386.97028771615726,387.90187074432333,385.0791468765085,387.09136962890625,65129200
2021-05-18,387.3521831986254,387.59440386559174,383.597905008926,383.75628662109375,59810200
2021-05-19,379.0797721892408,382.9271861523255,377.5985301803542,382.75018310546875,106467100
2021-05-20,383.62593921049927,388.1255018560077,383.5048572789442,386.86785888671875,78022200
2021-05-21,388.3490042918943,389.5880256140857,386.0945893314259,386.5510559082031,76578700
2021-05-24,388.7868558465473,391.5629834929008,388.54463516280316,390.4916687011719,51376700
2021-05-25,391.5722490957163,391.9262551656702,389.0476672600288,389.625244140625,57451400
2021-05-26,390.2122010644439,390.9015634477315,389.17815748951244,390.3985290527344,43088600
2021-05-27,391.4231298742378,391.935489006105,390.32384064152734,390.60333251953125,56707700
2021-05-28,392.1684587891069,392.42930086674016,391.069197778342,391.3020935058594,58520200
2021-06-01,393.6590742965092,393.79880607447905,390.5196438229263,390.9574890136719,54216600
2021-06-02,391.60953690489885,392.4107130596126,390.6034397848831,391.572265625,49097100
2021-06-03,389.2619476298755,391.2555203916502,387.79935555163786,390.1189880371094,58138800
2021-06-04,391.96354696648706,393.9850945840739,390.18422002621526,393.6869812011719,55938800
2021-06-07,393.67768124837585,393.85468430384935,392.3734706525122,393.3050537109375,51555000
2021-06-08,394.1620257580678,394.2551897336642,391.5629299457471,393.3888244628906,47134300
2021-06-09,394.2272616788116,394.30180423460956,392.5783701098852,392.80194091796875,48436300
2021-06-10,394.0223149057569,395.5780709347275,392.7087795402519,394.6278381347656,51020100
2021-06-11,395.1775077811149,395.3917536695252,393.89191873202867,395.27996826171875,45570800
2021-06-14,395.3917787091995,396.26746903201445,394.1527857880061,396.1650085449219,42358500
2021-06-15,396.31407535492747,396.3513182077345,394.5626946646038,395.4383850097656,51508500
2021-06-16,395.5781066988787,395.8016775286566,391.19035858653814,393.2304992675781,80386100
2021-06-17,392.82060361942723,394.0782178856841,390.63137795315737,393.1000671386719,90949700
2021-06-18,389.82509911514796,390.51671667728624,387.5913466663332,387.7969665527344,118676300
2021-06-21,389.5540951870982,393.53563141151994,388.74097097735967,393.34869384765625,72822000
2021-06-22,393.339353041914,396.28343417143736,392.61966911686017,395.45159912109375,57700300
2021-06-23,395.52640432656335,396.33017311106846,394.8908622379778,394.9749755859375,49445400
2021-06-24,397.1152589733079,397.73209014648296,396.8628904252522,397.3115234375,45110300
2021-06-25,398.05922899461444,399.1714418641056,397.73210252899935,398.7228088378906,58129500
2021-06-28,399.24617251742296,399.6947769582962,398.04984647065635,399.52655029296875,53159600
2021-06-29,399.9098648962996,400.5454070483023,399.2088917373543,399.74163818359375,35970500
2021-06-30,399.2835611544407,400.75093815402226,399.25552337520446,400.0780029296875,64827900
2021-07-01,400.83506919032,402.4519905914438,400.76963819499144,402.2930908203125,53441000
2021-07-02,403.45209077508554,405.72323677808726,402.37724253484845,405.3680725097656,57697700
2021-07-06,405.42411100289456,405.63908633581775,401.90056347036705,404.6296691894531,68710400
2021-07-07,405.3119077621989,406.3400071225295,403.3024576849441,406.0596008300781,63549500
2021-07-08,400.7509751205796,403.50814726468866,399.57333123869796,402.7510986328125,97595200
2021-07-09,404.25584763381096,407.349473214676,402.55481277928465,407.0503845214844,76238600
2021-07-12,406.96631811831986,408.760821961799,406.5363958989324,408.5084533691406,52889600
2021-07-13,407.7232268163871,409.218641418567,406.8540272400681,407.11572265625,52911300
2021-07-14,408.8074721795963,409.29349840963926,406.4802508086064,407.7232971191406,64130400
2021-07-15,406.38679455738685,407.05972983900836,404.43341971053184,406.3307189941406,55126400
2021-07-16,407.5083229344722,407.5550430583768,402.7510563008199,403.1435852050781,75874700
2021-07-19,398.33031422579336,403.209088281005,394.38617099707693,397.1900634765625,147987000
2021-07-20,397.85366978150347,404.1531013655724,397.05922782172377,402.8819885253906,99608200
2021-07-21,404.0783031286955,406.2840467930264,402.8352566332123,406.1438293457031,64724400
2021-07-22,406.3213884076943,407.23733686784163,405.34003746820474,406.99432373046875,47878500
2021-07-23,408.91960818789283,411.51788035862415,408.2373460404216,411.1814270019531,63766600
2021-07-26,410.5926462837905,412.20021236866125,410.5459261537889,412.19085693359375,43719200
2021-07-27,411.15344841239045,411.18148619614936,407.4896830394306,410.3122863769531,67397100
2021-07-28,410.9384848950348,411.51795145786116,408.7234143462509,410.14404296875,52472400
2021-07-29,411.0693921508379,412.9199431812726,411.0600367140626,411.8451232910156,47435300
2021-07-30,409.28415602981516,411.29360644207577,409.1532940336554,409.8449401855469,68951200
2021-08-02,411.55537295109866,412.1068017672402,408.62997362876183,408.9851379394531,58783300
2021-08-03,409.7795364098606,412.4338844991458,407.5925037276187,412.3123779296875,58053900
2021-08-04,411.0319645301903,412.2843664783354,410.0506135217893,410.2842712402344,46732200
2021-08-05,411.4431375086628,412.96659014888616,411.12536648595767,412.8824768066406,38969700
2021-08-06,413.20029762470335,413.9853841029397,412.91989126076,413.5647888183594,46930000
2021-08-09,413.53674814277605,413.8545192015544,412.46192839518204,413.22833251953125,41222600
2021-08-10,413.6769396016709,414.4526991663154,412.9946773475972,413.74237060546875,43339300
2021-08-11,414.8077789542653,414.86385451105014,413.6862107732414,414.7703857421875,44034300
2021-08-12,414.62092846348145,416.1537367311729,413.72369084389135,416.0135192871094,38909400
2021-08-13,416.4620637284058,416.78919015715337,415.9760660634455,416.7705078125,39470300
2021-08-16,415.4713605109986,417.88269503110484,413.91987021373245,417.7518615722656,73740000
2021-08-17,415.2003367624512,415.87327201338974,412.0319534928369,415.013427734375,92673900
2021-08-18,414.00400272308775,415.56484852636714,410.2281152693712,410.4710998535156,89351900
2021-08-19,407.7513985767886,412.3030748636905,407.61120965110115,411.1067199707031,92812200
2021-08-20,411.4524984131377,414.7049951138694,410.96647217681397,414.37786865234375,72008700
2021-08-23,416.0602189821948,418.9295421673049,414.45265298648917,418.02294921875,54973000
2021-08-24,418.6864929199219,419.2192392352231,418.17245747210313,418.6864929199219,38744700
2021-08-25,418.87347636542324,420.0791294982954,418.49960124676494,419.5650939941406,40529700
2021-08-26,419.28476929895623,419.51842703228243,416.9949406259632,417.0884094238281,57829600
2021-08-27,417.89204539342893,421.1912903975135,417.83596983708355,420.81744384765625,77235100
2021-08-30,421.49047733469286,423.4532078324658,421.2474641854184,422.6681213378906,48357400
2021-08-31,422.5746165039233,422.9110698917558,421.4437212534849,422.0418701171875,59300200
2021-09-01,422.97650283531857,423.49053835442544,422.03251662178167,422.26617431640625,48721400
2021-09-02,423.68684470342555,424.369106938718,422.36901184150173,423.5653381347656,42501000
2021-09-03,422.43439243098885,423.9765273755303,422.0324795543075,423.46246337890625,47170500
2021-09-07,423.1166832249812,423.2101520054819,421.27545948751975,421.9483947753906,51671500
2021-09-08,421.4156743425341,422.14468518971387,419.5183465302411,421.4343566894531,56181900
2021-09-09,421.23808970978325,422.9858446456514,419.38751055980504,419.6305236816406,57970400
2021-09-10,421.55586791625456,421.97643464658915,416.2004233686548,416.3219299316406,89948200
2021-09-13,419.3127250750678,419.57442052650157,415.07882068151736,417.3873596191406,83738600
2021-09-14,418.82666146543994,419.03228133911085,414.24697721294655,415.1348876953125,78197100
2021-09-15,415.55554197274927,419.0978006931455,414.45268447355176,418.6024475097656,78792200
2021-09-16,418.0790011528334,419.0509965202967,414.99470280608074,417.9388122558594,77786700
2021-09-17,417.1681649070518,417.59007902636665,413.5114041887088,413.8677062988281,118425000
2021-09-20,407.7543373535724,409.32954038102963,402.10981691745377,406.96673583984375,166445500
2021-09-21,409.30141250201683,410.59533949300106,406.0572382327374,406.5823059082031,92526100
2021-09-22,408.851302198654,412.58305938264414,406.69477650086463,410.54840087890625,102350100
2021-09-23,412.4143728690153,417.14001100580157,412.17996661282217,415.5366516113281,76396000
2021-09-24,413.9052560986995,416.9337956898192,413.68959200918533,416.22119140625,62094800
2021-09-27,415.1897757538297,416.3524217423701,414.3365334637065,415.0303955078125,61371100
2021-09-28,412.26433994291904,412.59251441684535,405.93537117136833,406.6667175292969,130436300
2021-09-29,408.04506020824715,409.77967232630994,406.78864603672207,407.3512268066406,82329200
2021-09-30,408.82324196639286,409.5264607159928,402.03484612674845,402.3724060058594,140506000
2021-10-01,404.0976283486504,408.8326231008619,400.58153463739126,407.1542663574219,129240100
2021-10-04,405.9917187325124,406.8918309283916,399.76587356039187,401.9036865234375,128570000
2021-10-05,403.4037355215152,408.3262663404989,402.6067772325321,406.0853576660156,90682500
2021-10-06,402.4942384202276,407.97934991567206,400.8721656243834,407.7730712890625,113032200
2021-10-07,411.0454355366307,414.13020116989895,410.86728449835147,411.298583984375,72437500
2021-10-08,412.06737716353257,412.4518067836504,409.92020825664594,410.54840087890625,74557400
2021-10-11,409.8921065328173,412.79874945849707,407.5105312643394,407.576171875,65233300
2021-10-12,408.4950240548549,408.89819586614095,405.785274549618,406.5728759765625,71181200
2021-10-13,407.59483769400305,408.8512513964462,404.62258332866617,408.0355224609375,72974000
2021-10-14,411.6924184380236,415.049132337177,411.22360588560923,414.89910888671875,70236800
2021-10-15,417.00867206884914,418.42449481685196,416.3898362044381,418.0588073730469,66260200
2021-10-18,416.27732497087453,419.6340094982905,415.6209761000303,419.2964782714844,62213200
2021-10-19,420.91862541650084,422.59695355572194,420.3091462784129,422.5313415527344,46996800
2021-10-20,422.99075914645675,424.4909648278342,422.878248727811,424.19091796875,49571600
2021-10-21,423.5908483463569,425.5223536137635,423.1595488456662,425.2973327636719,41305400
2021-10-22,424.86601382430814,426.30996431243693,422.91573783259383,424.85662841796875,58845100
2021-10-25,425.94420601670936,427.4631536608838,424.1721099698522,427.1349792480469,45214500
2021-10-26,428.68223642849716,429.8917522879476,427.1445174247861,427.5195617675781,56075100
2021-10-27,427.9789361517596,428.6446418796485,425.55046225853243,425.62548828125,72438000
2021-10-28,427.05061675277136,429.8072361692125,427.0412599615864,429.73223876953125,51437900
2021-10-29,427.435131798945,430.89497056169455,427.14447031928165,430.60430908203125,70162400
2021-11-01,431.5887337216653,431.96380657611127,429.61974430603044,431.344970703125,48433600
2021-11-02,431.51378609797507,433.398421537022,431.38250486096626,433.0889892578125,48908400
2021-11-03,432.5263425699782,436.1362040546767,432.085657735004,435.7330322265625,52509800
2021-11-04,436.3331630823048,437.8708818410705,435.9862464051318,437.7864990234375,52847100
2021-11-05,440.00869977242445,441.2932415636286,437.7959183013962,439.30548095703125,66390600
2021-11-08,440.40253164977514,440.8994718203254,438.99609396549533,439.6805419921875,50405200
2021-11-09,440.0461676231419,440.2805738708811,436.8207353651275,438.2271728515625,51149100
2021-11-10,436.53939698466087,438.2271390064617,433.2202253751318,434.70166015625,69429700
2021-11-11,436.1925591246675,436.26758515556486,434.8236345082835,434.8423767089844,34848500
2021-11-12,436.10807465603904,438.6771576415782,435.1610643814979,438.12396240234375,53466700
2021-11-15,439.40859470618256,439.56797493267015,437.14891501750157,438.2740478515625,46980500
2021-11-16,438.0114603688836,441.1431240587056,437.93646296807935,440.00860595703125,48857500
2021-11-17,439.74607145027005,439.9242224676994,438.32089192487604,438.9397277832031,47858300
2021-11-18,439.9711168325113,440.6931063478928,437.25201023461375,440.4305725097656,50625600
2021-11-19,440.31809847431913,441.5651558500262,439.2773483740664,439.6430358886719,57315600
2021-11-22,441.5182563851529,444.0029569483632,438.19905582510415,438.40533447265625,72762000
2021-11-23,438.07713594296996,439.83987544998917,435.4799250989726,438.98663330078125,73206500
2021-11-24,436.98951426235885,440.2805872370219,436.17378507370955,440.15869140625,61858800
2021-11-26,433.50152742675596,434.96422009835896,429.21657442443677,430.34173583984375,112669600
2021-11-29,435.1236653350825,437.4583425612124,432.9296261441328,435.62060546875,86268800
2021-11-30,433.1827469437874,435.08612453579684,426.90064804249147,427.1444396972656,148559600
2021-12-01,432.8452422514508,435.68624501124225,422.2031922004538,422.40008544921875,131939200
2021-12-02,422.6157168413784,430.43550572803196,422.22190176024696,428.8696594238281,127637800
2021-12-03,430.5292213858788,431.58871344638754,420.9185665300391,425.13787841796875,137331600
2021-12-06,427.6789180869,432.0482542479885,425.2692148441158,430.1730041503906,98977500
2021-12-07,435.442440658666,439.63362565886325,430.0417113660508,439.071044921875,95484700
2021-12-08,439.4648728181905,440.68377393878586,437.71148993714627,440.23370361328125,72238800
2021-12-09,438.9492189926391,440.33691454965947,437.06461185256796,437.2615051269531,61272600
2021-12-10,439.9618300872147,441.52764795939703,437.41148870477724,441.37762451171875,77159800
2021-12-13,440.86187964178026,441.20879629669554,437.1863772299923,437.4676818847656,87724700
2021-12-14,434.20476780499797,436.6894683893485,431.5419161774256,434.4579162597656,97264100
2021-12-15,434.5141971486355,441.49010093703475,432.00134036114184,441.246337890625,116899300
2021-12-16,443.09351636782804,443.3747924623618,435.8081507648726,437.3552551269531,116568600
2021-12-17,434.2812684547361,437.2828031601146,430.9974694601213,432.7005310058594,135511600
2021-12-20,427.62887521925904,428.4945046145701,424.4862092214544,428.0993347167969,107134800
2021-12-21,431.51492459595994,435.84315849906136,429.35082200169626,435.7020263671875,69806300
2021-12-22,435.44800386801643,440.1714079067417,435.25039016185815,440.0585021972656,58890200
2021-12-23,441.0558028110541,444.2925666264492,440.9523154989883,442.7965087890625,56439700
2021-12-27,444.1702284294298,449.1100532638039,444.12319396445406,449.0630187988281,56808600
2021-12-28,449.49583182545905,450.5214301033936,447.9339028188725,448.696044921875,47274600
2021-12-29,448.79965148280036,450.28629118812887,447.8022794254561,449.2701110839844,54503000
2021-12-30,449.6934621372565,450.70025247373695,447.56700448030426,448.0280456542969,55329000
2021-12-31,447.5387114670403,448.68660504135966,446.62601892001857,446.89886474609375,65237400
2022-01-03,448.15972040589463,449.6181621243115,445.8544860219246,449.4864196777344,72668200
2022-01-04,450.9072238974489,451.62233155714586,447.4822648058163,449.33587646484375,71178700
2022-01-05,448.9689713732978,449.7405319442751,440.61360498167255,440.70770263671875,104538900
2022-01-06,440.2466667010779,443.0035528678846,437.9319849605687,440.293701171875,86858900
2022-01-07,440.30304168905667,441.4791903967264,437.19799187206786,438.55291748046875,85111600
2022-01-10,435.36328278709937,438.2236562011222,429.62367048499374,438.00726318359375,119362000
2022-01-11,437.7438209696161,442.0908627934465,434.751676287286,441.99676513671875,74303100
2022-01-12,443.7280116585806,445.2429062617321,441.2345819172256,443.1916809082031,67605400
2022-01-13,444.2926807857127,444.9419173914351,436.0596370177914,437.0852355957031,91173100
2022-01-14,433.9425030975037,437.6120820227763,432.7287093594842,437.2639465332031,95890900
2022-01-18,432.578128611285,432.7851319574491,428.4098639787604,429.5201416015625,109709100
2022-01-19,431.0632797435182,432.45582165960354,424.7873365975809,425.0602111816406,109357600
2022-01-20,426.9420552480534,431.6372325182061,418.2385532953383,420.3556213378906,122379700
2022-01-21,419.2359139440063,421.58821170548157,412.0755333410702,412.103759765625,202271200
2022-01-24,406.5052754832323,414.36195566976323,395.90112761933347,413.8538513183594,251783900
2022-01-25,407.4744480032651,413.7409730372485,401.9136123373261,408.8011474609375,167997300
2022-01-26,414.6818552495206,417.80571346524874,403.5225401054795,407.7755126953125,186391100
2022-01-27,412.36723366568094,415.50048178403745,404.07773829561154,405.761962890625,149878300
2022-01-28,407.11686454826264,415.886237349482,402.54401155859085,415.8392028808594,164457400
2022-01-31,415.17107731403024,423.67699284659494,413.8255700778436,423.328857421875,152251400
2022-02-01,424.0534262540882,426.82914917104256,420.5343978995624,426.1893310546875,123155400
2022-02-02,428.58857887911375,431.05378191741363,426.28331598109395,430.32928466796875,117361000
2022-02-03,424.30751219871513,426.208158589354,419.37707621036856,420.2145080566406,118024400
2022-02-04,419.97926396514714,426.0293671450485,417.6081293545503,422.1904296875,118454400
2022-02-07,422.95251700944823,424.3450587788941,419.5087499574974,420.83544921875,84472900
2022-02-08,420.3368340105605,425.2202068332441,418.9160368655322,424.298095703125,81012000
2022-02-09,428.325239275932,430.82808779311625,428.12765428405766,430.5081787109375,92589900
2022-02-10,424.67441942143387,430.66806944150386,420.7790293131962,422.7737731933594,140103700
2022-02-11,422.85849404433793,424.92849902096657,413.0070690365457,414.437255859375,153214600
2022-02-14,413.9291560964369,415.50989334254666,409.61973040303707,413.0823059082031,123006300
2022-02-15,417.5140448697904,419.9133771021189,416.99652213320917,419.7440185546875,88482700
2022-02-16,417.7022412323989,421.5882420080019,415.8298212683436,420.2145080566406,84863600
2022-02-17,417.0341013310905,420.1861855804149,410.6358639083822,411.238037109375,102259100
2022-02-18,411.4921744012356,412.7436129970205,406.3077292195654,408.5753479003906,132642900
2022-02-22,406.373613297068,409.77031787811296,400.69984286814764,404.190673828125,124391800
2022-02-23,407.0980794779474,407.6626367061376,396.45628627766916,397.0208435058594,132578000
2022-02-24,386.7365552102814,403.42847944353576,386.3790300752348,402.9956359863281,213942900
2022-02-25,404.22820402320997,411.97197784953823,402.5815957478885,411.8872985839844,121804500
2022-02-28,406.5052626502716,412.3107459178309,405.25385292778066,410.83349609375,145615000
2022-03-01,409.3374336179091,411.34159579885494,401.8759236906789,404.5763854980469,137785900
2022-03-02,406.82521187285215,413.7409734291532,406.07248803205465,412.01910400390625,117726500
2022-03-03,414.44664922565886,415.0488225356622,408.1707060110163,409.9678649902344,105501700
2022-03-04,406.2417947777143,407.76607902539786,402.600442693899,406.6369934082031,113978200
2022-03-07,406.05359214668294,406.7592814126414,394.5837869801388,394.649658203125,137896600
2022-03-08,394.82848568696517,401.97005852746355,390.59434954887394,391.6575927734375,164772700
2022-03-09,400.0222969242245,404.13410814898197,397.83935806469975,402.1581726074219,116990800
2022-03-10,397.55708322285636,401.2360799371363,395.5999843486872,400.34222412109375,93972700
2022-03-11,402.82627933719436,403.4378710075181,394.7437877372273,395.25189208984375,95636300
2022-03-14,396.0234704863825,399.46720926881693,391.22477713105775,392.36328125,95729200
2022-03-15,394.96955062340055,401.6218547157255,393.6993329697204,400.991455078125,106219100
2022-03-16,404.4917305799787,409.9396315604553,399.7024270341616,409.8831787109375,144954800
2022-03-17,407.9731146505722,415.0111999511719,407.5967527483876,415.0111999511719,102676900
2022-03-18,413.40286121868064,419.8776045343294,412.6666654946888,419.55670166015625,106345500
2022-03-21,419.3867810928451,421.38772166865976,415.93231566706595,419.4339904785156,88349800
2022-03-22,420.8214384644653,425.27637447242336,420.8214384644653,424.34197998046875,74650400
2022-03-23,421.8125003060186,423.303758234989,418.79219389310117,418.87713623046875,79426100
2022-03-24,420.8969665486931,425.200884406194,419.7832397355188,425.1914367675781,64736900
2022-03-25,425.8238060374059,427.54160557531713,423.24710673053914,427.26788330078125,77101300
2022-03-28,426.6733001787727,430.3070983886719,424.7856157896072,430.3070983886719,68529800
2022-03-29,434.18626321308204,436.12115693733773,431.5057549157547,435.6303405761719,86581500
2022-03-30,434.48825466782915,435.2999738252827,430.8355904687236,432.94036865234375,79666900
2022-03-31,432.1759304126346,432.997068540125,425.8238618663555,426.27691650390625,121699900
2022-04-01,427.8530993439852,427.99466991123313,423.91729355560483,427.4850158691406,89048800
2022-04-04,427.68327061353193,431.2509933938032,426.86213241229365,431.14715576171875,59601000
2022-04-05,429.6558116325977,432.119225743506,424.5590699380688,425.70111083984375,74214500
2022-04-06,421.7936427720497,423.71906006741074,418.5656898647818,421.44439697265625,106898000
2022-04-07,420.5665823101026,425.380182602623,418.62226996039726,423.5679931640625,78097200
2022-04-08,422.8129864370016,425.32361011547357,420.89698794603316,422.4354553222656,79272700
2022-04-11,419.1696679234195,420.00970115153353,414.71476121675994,415.2149963378906,89770500
2022-04-12,418.19761946757274,420.71769099701174,412.12872059672054,413.6766357421875,84363600
2022-04-13,413.4311571589825,419.16970449840653,413.25182485427155,418.4146423339844,74070400
2022-04-14,418.64119283709516,419.7549485147844,413.1008437773758,413.2046813964844,97869500
2022-04-18,412.27974277354747,415.0546413726437,411.1471205194664,413.3746032714844,66002500
2022-04-19,413.27073740895713,420.76484688177004,413.1008527235854,420.04754638671875,77821000
2022-04-20,421.82193478222695,422.4354264021452,418.57511557097627,419.73602294921875,65224400
2022-04-21,423.3509170968134,424.73836604910855,412.5533618444505,413.4594421386719,85417300
2022-04-22,412.37412370691203,413.4784030168014,401.54825187367607,402.11456298828125,132471800
2022-04-25,399.87766866932645,404.61574651272133,395.3188943584106,404.44586181640625,119647700
2022-04-26,401.9162927984164,402.1145203899857,392.70441293823944,392.73272705078125,103996300
2022-04-27,393.8087220181219,399.1697677643689,391.7039722839688,393.8370361328125,122030000
2022-04-28,398.57509707971343,405.51234242525084,394.14847523083597,403.78509521484375,105449100
2022-04-29,399.8021348013602,401.95409397695,388.11736315002133,388.8630065917969,145491100
2022-05-02,388.929072135393,392.56287045835074,382.2749671742883,391.2037353515625,158312500
2022-05-03,391.7039196895496,395.40376459664327,390.1465571793375,392.9969787597656,100028200
2022-05-04,393.65763595496884,405.53118526756083,390.47689280324255,404.9648742675781,144247900
2022-05-05,400.7082064100307,401.1329469341785,386.44676416954945,390.57135009765625,172929100
2022-05-06,388.01353835630266,391.50573725161655,382.9451102963641,388.24005126953125,151770800
2022-05-09,382.3505435030445,383.5869746829245,374.2334934949819,375.8097229003906,155586100
2022-05-10,381.7747206128694,383.2754262479383,372.6477827083813,376.677978515625,132497200
2022-05-11,375.71530920049423,381.3500488525497,369.94841780135306,370.6940612792969,142361000
2022-05-12,367.5038552140162,373.57275401716174,363.5208397349999,370.30706787109375,125090800
2022-05-13,374.43161982347493,380.53827982576547,373.3933876739787,379.1602783203125,104174400
2022-05-16,377.5180173546355,381.2839385536254,375.27166828724563,377.621826171875,78622400
2022-05-17,383.70010209131334,385.625547911558,379.971914524219,385.38958740234375,83029700
2022-05-18,380.8403727574415,381.1235139294289,368.6176032998475,369.8540344238281,117674500
2022-05-19,366.79595164216687,372.005979027499,365.3707407010665,367.5887756347656,98510700
2022-05-20,371.1658795771667,374.7336013107162,359.1696553995638,367.7491760253906,131432200
2022-05-23,370.7695124155736,375.3943621595535,368.45711634736125,374.6298522949219,76414900
2022-05-24,370.5147845135047,372.95933296722507,365.22926110912704,371.7701110839844,91448800
2022-05-25,370.2786961363731,377.0177426324369,369.88229858000193,375.0545349121094,91472900
2022-05-26,376.2816083941698,384.1815635422074,376.07396194375553,382.5487060546875,82168300
2022-05-27,385.0026651402334,392.0531673410909,384.80446634850006,391.9399108886719,84768700
2022-05-31,390.3259307298854,393.0725149914447,387.00361655148845,389.7407531738281,95937000
2022-06-01,391.8549115373816,392.8648006270381,384.0776335587426,386.5882568359375,86585800
2022-06-02,386.42792368449955,393.99752849345634,384.18157442197986,393.9503479003906,79609600
2022-06-03,389.2405180200075,390.78843305581245,386.5128290364629,387.4849853515625,71874300
2022-06-06,391.48684319664267,393.21406164588547,387.4943805595861,388.6647644042969,57508900
2022-06-07,385.18203491181913,392.8460295110228,384.71953261443264,392.3929748535156,59272400
2022-06-08,390.6845741806073,392.4684496696644,387.333946070098,388.12677001953125,64350000
2022-06-09,386.3523433395128,388.6175587452947,378.89599609375,378.89599609375,86289800
2022-06-10,372.70434051304426,373.5537925681174,367.86242635422343,367.90960693359375,132893900
2022-06-13,358.51837412826717,360.36829630409676,352.3361920103927,353.94073486328125,170004900
2022-06-14,355.68695837561785,356.7157429736958,349.77849666174114,352.8742980957031,104011800
2022-06-15,356.1682429235863,362.3409783554577,351.22251951050276,357.9049377441406,125666800
2022-06-16,349.702968623294,350.10881384000515,343.63404163139757,346.0597229003906,134473300
2022-06-17,346.47397650063243,350.142419392661,343.30792965713135,346.80572509765625,111113900
2022-06-21,352.521725834006,356.92005638665404,352.44587608946637,355.5361022949219,76811900
2022-06-22,351.3178660517575,358.9960185982588,350.9007792220965,354.89154052734375,90059400
2022-06-23,357.0242713419827,359.10018760142196,353.4695746409906,358.37030029296875,79292100
2022-06-24,361.53641078181903,369.7738317116263,361.5079743602973,369.76434326171875,98050300
2022-06-27,370.683832618729,370.9776852889989,367.2618578134948,368.3519592285156,66009600
2022-06-28,369.9065529188097,372.68394948048416,360.71172428504013,360.8254699707031,86548900
2022-06-29,361.3753088463661,362.3611241546952,358.71165775298255,360.5316467285156,65676000
2022-06-30,356.64516179349505,360.834977987892,353.156825579061,357.6025695800781,112508300
2022-07-01,356.9484195577325,361.820737693378,354.33215354384066,361.3846740722656,74839700
2022-07-05,356.30389388763615,362.0862071237408,353.4790840960441,362.0672302246094,81438000
2022-07-06,362.2093972721212,365.7735827766986,359.83013971421116,363.2900390625,70426200
2022-07-07,365.0626968664323,369.52738892243804,363.3090402764563,368.73114013671875,64525900
2022-07-08,367.10068528955685,370.29519752923926,365.5745491503481,368.42779541015625,72397800
2022-07-11,365.7546185718872,366.72148571389,363.527002730403,364.218994140625,58366900
2022-07-12,363.66926385832295,366.0485507559225,359.25195608212715,360.9961242675781,62219200
2022-07-13,355.5645600399159,362.02937706003513,355.14747320454023,359.10028076171875,84224600
2022-07-14,354.1521398256336,359.30882348190096,351.71600904471353,358.22821044921875,89704800
2022-07-15,362.62649570213034,365.1858892356065,360.7211976903377,365.0721435546875,79060400
2022-07-18,368.1529146526756,368.82592927824663,360.83497625525047,362.05780029296875,63203600
2022-07-19,365.97267860433266,372.40905889172745,365.31864088700104,371.8403015136719,78506000
2022-07-20,372.02988023942527,375.62250240338216,370.6648741646818,374.2100830078125,71843800
2022-07-21,373.6319110568227,378.0681668690259,371.233676151968,378.0207824707031,64903900
2022-07-22,378.1439748043947,379.33833343517273,372.29530007355766,374.513427734375,72197300
2022-07-25,375.13912441855206,375.8216275834664,372.73140090229776,374.968505859375,53631500
2022-07-26,373.3284484320284,373.53699178755846,369.641058239304,370.5321044921875,52946400
2022-07-27,373.8213815204988,381.89767117984184,373.5275288987167,380.15350341796875,82342100
2022-07-28,380.9593347805678,385.6135934950256,377.4140966164,384.921630859375,73966600
2022-07-29,386.35290637404563,391.5190777399874,385.5850941133151,390.5332336425781,87003700
2022-08-01,387.8411758992656,391.8793213752261,387.1302364241008,389.3768005371094,69997500
2022-08-02,387.81277563609865,391.4907074923848,385.632572613597,386.8079833984375,63435400
2022-08-03,388.93125481134643,394.0310649800449,388.6468906090099,392.8651428222656,67820600
2022-08-04,392.7893590044414,393.4718621327927,390.9598814965707,392.59979248046875,45656600
2022-08-05,388.3246478205913,392.58079648264055,388.26777497334547,391.93621826171875,56814900
2022-08-08,393.62353883393126,395.870103228986,390.3816416917654,391.4812316894531,53886100
2022-08-09,390.7512903773344,391.25368644325886,388.8554517997777,389.9266052246094,44931800
2022-08-10,396.96966387104465,398.2588492285253,395.01695232609546,398.11663818359375,68665700
2022-08-11,400.9603962309802,402.81833898357877,397.37726224840134,398.11663818359375,59489700
2022-08-12,400.05042594390983,404.9606415265143,399.1025065374671,404.85638427734375,61694500
2022-08-15,402.6477019536426,407.0460617331619,402.5908291054767,406.5246887207031,54048300
2022-08-16,405.4535814834621,409.24525914057574,404.64784419568446,407.32098388671875,59289000
2022-08-17,403.7283280008868,407.1313549468698,402.42968313864895,404.4297790527344,63563400
2022-08-18,404.6288399076743,406.2876987703884,403.3396834770453,405.605224609375,49023200
2022-08-19,402.84675039895933,403.11216664311075,399.28256461046794,400.1546630859375,68016900
2022-08-22,395.329701995395,395.5003494416631,390.92188337608326,391.8224182128906,77695600
2022-08-23,391.3959168557966,393.78469227238185,390.3247632987665,390.87457275390625,49105200
2022-08-24,390.6470127203874,393.49077064865355,389.96453858867704,392.12579345703125,49177800
2022-08-25,393.6139873082117,397.70900548583626,392.5238859364247,397.66162109375,50942300
2022-08-26,397.547891912805,398.0881839321778,384.1442990308555,384.201171875,103087000
2022-08-29,381.25313774516417,384.70354880710715,380.3052184856568,381.6607360839844,65370800
2022-08-30,382.81719520790887,383.0541750206006,375.3760233037477,377.4709167480469,85652400
2022-08-31,379.10134082789193,380.3431127380741,374.46603071215685,374.5987243652344,76029700
2022-09-01,372.4280160542996,376.1154069737023,369.7264403478649,375.774169921875,78740100
2022-09-02,379.43310730382876,380.6464427581479,370.00129941700374,371.81182861328125,99632100
2022-09-06,372.6555609471726,373.5939919026862,368.19086864195987,370.40899658203125,76637400
2022-09-07,370.0961415467539,377.83116684452074,369.87813861226584,377.0633544921875,70964200
2022-09-08,374.79784580059123,379.9829368756566,373.59396971166063,379.5279541015625,80821700
2022-09-09,381.76508797403267,386.2866824770413,381.4996716726897,385.424072265625,76706900
2022-09-12,387.49046061347366,390.2868341942052,387.1871194866291,389.56640625,69256300
2022-09-13,380.9024232007864,382.1062993004574,371.5085678123265,372.6271057128906,122947100
2022-09-14,373.9257160615463,375.5656268148488,370.7501807174359,374.0489501953125,85023700
2022-09-15,372.4943947202488,375.3381528851013,368.53209861998994,369.80230712890625,87633800
2022-09-16,365.62958149307445,367.6378936491365,363.69737257463,366.98114013671875,103084800
2022-09-19,363.84011191988435,369.8269958496094,363.7639505998914,369.8269958496094,73278500
2022-09-20,366.505230286068,367.51415006942193,362.8312448574466,365.58197021484375,77274900
2022-09-21,367.504555601014,370.55036925173334,359.1952455228189,359.20477294921875,106746600
2022-09-22,358.4337956869669,360.07091552367,355.44511739669144,356.1875305175781,89472600
2022-09-23,352.7229097506912,352.7609904104437,345.78421269474035,350.21966552734375,122346900
2022-09-26,348.7538794551558,352.3707580104209,345.53674617910787,346.75506591796875,92581200
2022-09-27,350.2862710344236,352.5515910179344,343.4808127042095,345.869873046875,108294100
2022-09-28,346.82173847556913,354.36008362291216,345.1275119459914,352.6753845214844,110802200
2022-09-29,349.1345668445761,349.4200991606359,342.367189530678,345.30828857421875,112952300
2022-09-30,344.36600021604005,348.2779675279083,339.8353891876637,339.9686279296875,153711200
2022-10-03,343.6806881754969,350.7907337489844,341.90080218718504,348.9442138671875,89756500
2022-10-04,354.4551993806732,359.7853586515844,348.90614168269303,359.7568054199219,103602800
2022-10-05,355.397528717206,361.17501250579096,353.07510228982494,358.9192199707031,88065700
2022-10-06,357.5201384792562,360.4707657776504,354.72180480787387,355.2167663574219,82333500
2022-10-07,351.19048666130027,355.3023262947486,343.5474284997668,345.30828857421875,107789500
2022-10-10,346.42192984075376,346.65988314467035,340.43504562807703,342.6717834472656,76042800
2022-10-11,340.9775239932869,345.5367169870272,338.5694379532379,340.5016174316406,92482800
2022-10-12,340.9109745209168,342.4814606200205,339.1310592917608,339.3785400390625,76991800
2022-10-13,332.3826842498608,349.8008834901985,331.3356839052994,348.3350830078125,147254500
2022-10-14,350.7907569397952,352.41837848921915,339.7592450066515,340.39697265625,123737000
2022-10-17,346.4696022478733,350.2483025774225,340.0638876603589,349.1441955566406,93168200
2022-10-18,357.0536821558411,357.35826934412756,349.81036876588746,353.2464294433594,97162900
2022-10-19,351.2095432352664,353.93174409065676,347.93530350478727,350.7431640625,79746900
2022-10-20,350.2958089110657,354.7122360773966,347.0405950042413,347.80206298828125,88283100
2022-10-21,347.5260706048134,356.7396164612049,346.02221835785116,356.25421142578125,131038400
2022-10-24,357.77707959447656,361.74612439325887,355.13101099924324,360.61346435546875,85436900
2022-10-25,360.5373287022716,366.6860338162217,360.4231157662592,366.3719482421875,78846300
2022-10-26,363.2309138667366,368.90371186098525,362.9739347843384,363.61163330078125,104087300
2022-10-27,364.61102062179475,366.44801277950654,361.0512201742432,361.669921875,81971800
2022-10-28,361.5652384352448,370.7502290607999,361.3843916220893,370.2743225097656,100302000
2022-10-31,367.81865891657014,369.6842044707059,366.69552642305183,367.5997314453125,96631300
2022-11-01,371.3404256632253,371.57837896955164,364.8204992604764,365.9912109375,85407600
2022-11-02,365.4010542504777,369.9031408055681,356.70149735976,356.8061828613281,126990400
2022-11-03,353.56999750398336,356.1684576069525,351.0191454820897,353.1321716308594,87100100
2022-11-04,358.8335775577456,360.61346359996287,352.170885136249,358.21490478515625,103505200
2022-11-07,359.50927657080746,362.2314768285628,357.4343312224449,361.641357421875,68286900
2022-11-08,362.74552365571884,366.5623039769019,359.5188919325988,363.5926513671875,84641100
2022-11-09,361.62234147920316,362.77405623568103,355.60687575970667,356.1018371582031,78495500
2022-11-10,369.351119187772,376.0043135418382,367.0572748219786,375.6711730957031,141455800
2022-11-11,376.5277909851231,380.1066180137116,374.64319033872147,379.3070983886719,93839900
2022-11-14,377.54627550144517,380.8966479353896,375.80444085717625,376.0804748535156,71903500
2022-11-15,381.8198821687392,382.9239890323085,375.48080239259394,379.2880554199219,93194500
2022-11-16,377.66039937041876,378.61221246717844,375.76630060291683,376.3945007324219,68508500
2022-11-17,371.6449756187588,375.9186366580597,371.3404174691277,375.2428283691406,74496300
2022-11-18,378.5741867367159,378.6408206344442,374.1006819611119,376.94659423828125,92922500
2022-11-21,375.62359686049797,376.746729530004,373.73899615884227,375.57598876953125,51243200
2022-11-22,377.5176474312929,380.79188693120494,376.1089535381112,380.63006591796875,60429000
2022-11-23,380.29686729878506,383.51399984204585,380.0684414769768,383.0285949707031,68261600
2022-11-25,382.46708656258517,383.49506108811516,382.1910816475926,382.9429931640625,30545400
2022-11-28,379.85918746901655,381.4963075976525,376.0709598680813,376.8324279785156,67881600
2022-11-29,376.96564549358453,378.1554121174717,374.34815892103285,376.1851806640625,52310000
2022-11-30,376.4326114888511,388.03521728515625,374.519486615748,388.03521728515625,144566700
2022-12-01,389.0725776790755,390.2433180902759,385.2462999927785,387.74957275390625,76398200
2022-12-02,382.86685419503635,388.20651222768515,382.76216868711776,387.30230712890625,85342700
2022-12-05,384.48494250767516,385.4177008262784,378.98346353454565,380.33502197265625,77289800
2022-12-06,380.17319983401165,380.7157112233438,372.76809510416285,374.8525390625,77972200
2022-12-07,374.0054437050733,376.5753507067164,373.0821838315825,374.21484375,65927900
2022-12-08,376.0994521400108,378.212449392276,374.3195371968257,377.14642333984375,60737900
2022-12-09,375.90911499149865,378.459967446831,374.20536119651905,374.3291015625,81447700
2022-12-12,375.119059475854,379.7258605957031,374.4528077117335,379.7258605957031,75405800
2022-12-13,390.45280046353844,390.70977956297014,379.8400894083029,382.600341796875,123782500
2022-12-14,382.25764309363365,385.96020997530553,377.2130453095627,380.1541442871094,108111300
2022-12-15,375.2999318308924,376.20416598654884,369.1988348015829,370.85498046875,117705900
2022-12-16,368.3028770994123,369.6415286124747,364.3442912550409,366.4765625,119858000
2022-12-19,366.6678648941245,367.0025351167428,361.70526779936387,363.3690185546875,79878100
2022-12-20,362.61364283927566,365.482194633709,361.2941043449694,363.8662414550781,74427200
2022-12-21,366.4575070608886,370.4352358837999,365.92204637130624,369.30694580078125,78167400
2022-12-22,366.2662563964438,369.28780122976565,358.3490543275083,364.0383605957031,100120900
2022-12-23,363.0152466207401,366.2758375341586,361.46623322301946,366.1324157714844,59857300
2022-12-27,366.01764723973866,366.3618594408892,363.0152157544233,364.68853759765625,51638200
2022-12-28,364.6215509122238,366.59131636080116,359.9267141935356,360.15618896484375,70911500
2022-12-29,362.9961320141737,367.5093216045126,362.4702133125497,366.6391906738281,66970900
2022-12-30,363.9618223377231,365.8167920978852,361.8486350909296,365.6733703613281,84022200
2023-01-03,367.52841345608357,369.49815002254616,361.274962367188,364.13397216796875,74850700
2023-01-04,366.3905568832152,368.9722652057651,363.34989894273167,366.9451599121094,85934100
2023-01-05,364.99457777745386,365.1093151949147,362.1642811518745,362.7571105957031,76970500
2023-01-06,365.8455090657922,372.19458418736764,362.7857380848977,371.0758361816406,104189600
2023-01-09,373.26550947515705,376.44961824670435,370.6838304181261,370.865478515625,73978100
2023-01-10,370.28225918611713,373.53327899556643,369.34518834804146,373.4663391113281,65358100
2023-01-11,375.04405606095594,378.26639143115705,374.231293835196,378.18988037109375,68881100
2023-01-12,379.2894696301709,381.0297021014003,375.2256881711222,379.5667419433594,90157700
2023-01-13,376.3731242643396,381.6130228505716,376.10539392375364,381.039306640625,63903900
2023-01-17,381.0202202604648,382.6935423019026,379.6624261074559,380.34130859375,62677300
2023-01-18,381.52697849057256,382.58832869980466,374.1356658339176,374.3364562988281,99632300
2023-01-19,372.2997525257694,373.94439001524745,370.29178966269103,371.611328125,86958900
2023-01-20,373.0073162714171,378.68705053096147,371.36267892386525,378.5340576171875,91806400
2023-01-23,379.3372757234957,385.0074392135379,378.3810918291715,383.0759582519531,84178800
2023-01-24,381.4026252152029,383.57315208650715,380.21696655885887,382.664794921875,59524900
2023-01-25,378.6010544265812,383.14292828207675,376.3157607326886,382.8082580566406,84800300
2023-01-26,385.46642861189923,387.17800600043023,382.5022526217131,387.01544189453125,72287400
2023-01-27,385.97315181927854,390.2759788703347,385.7627902184548,387.9046325683594,68346200
2023-01-30,385.1509087422322,387.37883383343035,382.7413355345612,383.0377502441406,74202000
2023-01-31,383.554027333468,388.7174142189188,383.20978597821664,388.66961669921875,86811800
2023-02-01,387.45528923844535,395.54462644508357,384.7206171548962,392.80035400390625,101459200
2023-02-02,396.6824854385565,399.981331954011,394.7892597691829,398.51837158203125,101654500
2023-02-03,393.55570061661354,398.69997431086017,393.07760869975664,394.28240966796875,94736800
2023-02-06,391.8346069060138,393.26888274999055,390.21865378736663,391.8728332519531,60295300
2023-02-07,390.9549267928235,398.24104381969875,389.7118993305467,396.9980163574219,90990700
2023-02-08,395.02826801613645,396.3669196696717,391.9684677962696,392.65692138671875,76227500
2023-02-09,396.25217230001425,396.40516522520073,388.028984948847,389.2528991699219,78694900
2023-02-10,388.0768126828916,390.5437836705012,387.2640796514173,390.16131591796875,70769700
2023-02-13,390.81146193268944,394.8752432701656,390.3524831825662,394.7413635253906,64913500
2023-02-14,393.22104214899304,396.864100329501,390.6106788806823,394.5597229003906,88389300
2023-02-15,392.3700513500147,395.9174852871057,391.52860488743005,395.84100341796875,61555700
2023-02-16,390.8784407346895,394.8179138959173,390.25692701019995,390.3907775878906,76431500
2023-02-17,388.26803395095567,389.6545122847336,386.34609496505783,389.41546630859375,89257800
2023-02-21,385.39947527197734,386.4512833840668,381.3452649276504,381.6034240722656,82655900
2023-02-22,382.01458672604707,383.55405800104023,379.624126941612,381.0775451660156,83742300
2023-02-23,383.965204449082,384.577176151522,378.88787027584414,383.1046447753906,96242400
2023-02-24,378.0942481460913,379.84405183245593,376.3922419822525,379.0121765136719,108194400
2023-02-27,382.3492579579314,383.7070519585176,379.365968807818,380.30303955078125,80444700
2023-02-28,379.82492994288907,381.78509520813367,378.7922350201957,378.8974304199219,96438600
2023-03-01,378.0847173960627,379.30863174384257,376.1436650512144,377.4440612792969,99706800
2023-03-02,375.4742885040699,381.2209631061389,375.13961830151106,380.3795166015625,85127800
2023-03-03,382.1962358283126,386.7285670881584,381.54603781817946,386.4799499511719,90120000
2023-03-06,387.3022850157021,389.59714976739536,386.3078747490803,386.7477111816406,72795900
2023-03-07,386.6998590400402,386.93890498621045,380.20736297154104,380.8193054199219,108310600
2023-03-08,380.93414163742426,382.1962822868647,379.21299300204765,381.44091796875,74746600
2023-03-09,382.2249901315046,383.88877016600645,373.4185434936177,374.4034118652344,111945300
2023-03-10,373.8583475978051,375.93327957719293,367.4806170891498,369.0009460449219,189253000
2023-03-13,365.08062547353046,373.2847008664306,363.9714484870125,368.4750671386719,157790000
2023-03-14,373.3898317252391,376.21058604424246,370.0909854321958,374.5659484863281,149752400
2023-03-15,368.9818486133687,372.42408758364206,366.8973453679593,372.2232971191406,172996900
2023-03-16,369.8711000150825,379.09826973239205,369.364323664859,378.7540283203125,143254200
2023-03-17,377.4255889740926,378.55818505074,372.9431553160695,374.3253173828125,140553400
2023-03-20,375.1028011958168,378.33746367070916,374.40214170963634,377.9247131347656,93055800
2023-03-21,381.28412015653794,383.36697102971766,379.69079357481445,382.8870544433594,91524200
2023-03-22,382.71431965042825,386.3232727268631,376.3218267349629,376.3601989746094,111746600
2023-03-23,379.22042648189336,383.251736905196,374.67082731496726,377.3775634765625,119351300
2023-03-24,376.1010222149094,379.9403548581303,373.75902695920195,379.8539733886719,107682400
2023-03-27,382.1287722364247,382.89665633801565,379.67160169490063,380.5642395019531,74010400
2023-03-28,379.87320774489075,380.5642888800985,377.8767674052834,379.7100524902344,62871700
2023-03-29,383.86611930354206,385.4690537806492,382.6663276952182,385.2290954589844,77497900
2023-03-30,387.8589693504225,388.1085353397573,385.6225710265115,387.4846496582031,69840000
2023-03-31,388.4060544634671,393.24362134845586,388.30045759381215,392.9460754394531,112062600
2023-04-03,392.42779542260035,394.84656445369103,392.03426030988214,394.4434509277344,67391100
2023-04-04,395.0865256835199,395.3744932102715,390.8824517022873,392.2550354003906,66601500
2023-04-05,391.5255732993779,392.28384974684195,389.57711302940226,391.22802734375,65200200
2023-04-06,390.4314018268695,393.0325712994046,389.38518698879676,392.75421142578125,63743300
2023-04-10,390.27775752337686,393.23406013832266,389.66347951634174,393.1572570800781,63681000
2023-04-11,393.7811965721071,394.66422675434245,392.4950235384784,393.26287841796875,59297900
2023-04-12,395.32651264091214,395.6144801885437,391.07445840947173,391.6599426269531,86420400
2023-04-13,392.7445207254535,397.2173467130726,391.6023169352439,396.8622131347656,85814800
2023-04-14,396.22873922494233,398.4171577397506,393.58919793642514,395.8927917480469,78161500
2023-04-17,395.8064093482449,397.3325406110166,394.577824032139,397.3133544921875,66436400
2023-04-18,398.8874459715307,399.02183667204184,396.1999248791392,397.5724792480469,63560000
2023-04-19,395.6624782963843,398.4075874340768,395.60489064257166,397.50537109375,55227300
2023-04-20,394.69301944461137,397.08302413683805,393.79077385332334,395.33612060546875,75840400
2023-04-21,395.63367232336066,396.10398124565415,393.6948196903557,395.6432800292969,73457400
2023-04-24,395.4416314735753,396.4782676301581,394.10747868962846,396.0559387207031,64332100
2023-04-25,394.0883231137075,394.6450428024144,389.7114858346393,389.7690734863281,97766700
2023-04-26,390.3833857943013,391.4583943618871,387.56147365849546,388.1181640625,80447000
2023-04-27,390.652086810784,396.11353970438057,390.40252082176045,395.84478759765625,92968400
2023-04-28,394.9617875942257,399.23305741321724,394.90419994068407,399.22344970703125,89433100
2023-05-01,398.7819109693187,400.8455465437123,398.58993260769745,398.8203125,62122300
2023-05-02,398.1100590933305,398.1580683348258,391.43923503572364,394.3379211425781,103998500
2023-05-03,394.83697342513307,397.24616414474065,391.39117573178515,391.6311340332031,91531800
2023-05-04,390.5849268562114,390.91126663739385,387.52305652796423,388.85723876953125,94901900
2023-05-05,392.4853583991723,397.10215328992234,392.2262140059175,396.0559387207031,87891800
2023-05-08,396.3823322476967,396.64147667611564,394.76021173712985,396.16156005859375,50046800
2023-05-09,394.6162031980649,395.53763480997924,394.1938742734827,394.4242248535156,49220100
2023-05-10,397.25577792419296,397.88927136463667,392.44700411687967,396.26715087890625,96142900
2023-05-11,395.4033173680311,395.8640185793233,393.5028369960926,395.5760803222656,70157100
2023-05-12,396.8142810526254,397.0254455424627,392.63900049417026,395.0577697753906,70481500
2023-05-15,395.66246936913564,396.82385941720236,393.75241054660967,396.4207458496094,54289400
2023-05-16,395.31692397910456,396.2383850257728,393.7619987390595,393.7716064453125,57705500
2023-05-17,395.7871593165039,399.1561533635068,394.14585302223173,398.5514831542969,87287000
2023-05-18,398.23480532655367,402.8132286270494,398.0140624281471,402.3908996582031,97177200
2023-05-19,403.29314851307697,403.8210450825171,400.5864117249465,401.8053894042969,103793300
2023-05-22,401.8245977682805,403.50430592203884,400.58640469895295,401.96856689453125,60745400
2023-05-23,400.32725913165393,401.9013998007867,397.0638317760762,397.4573669433594,86383500
2023-05-24,395.85447559408595,396.2384030684528,393.41649072958387,394.577880859375,89213700
2023-05-25,398.0811934806872,399.4441694496832,395.84479511708275,397.99481201171875,90961600
2023-05-26,398.6475192492727,403.86901432087706,398.5707454798897,403.1491394042969,93830000
2023-05-30,405.07843177412394,405.60632835331285,401.920572129655,403.302734375,72216000
2023-05-31,401.4790359496369,402.3812815149699,399.50178187032054,401.0663146972656,110811800
2023-06-01,401.2966730663804,405.9326839874396,400.0489015795839,404.8768615722656,88865000
2023-06-02,407.44919955900986,411.5188830151562,406.92130300774403,410.7318420410156,91426200
2023-06-05,411.0773899248413,412.3635629860605,409.2441048720611,409.9447937011719,65460200
2023-06-06,409.5319824140115,411.3652377720656,408.8792736749402,410.83734130859375,64022200
2023-06-07,411.2309384070294,412.3635345526036,408.9945106484148,409.4168395996094,85373300
2023-06-08,409.48405866767195,412.34437231335727,408.71620378018724,411.89324951171875,61952800
2023-06-09,412.6898813507892,414.63834160760314,411.64366666036057,412.6322937011719,85742800
2023-06-12,413.61134578902306,416.4524439304632,412.89147087099775,416.3756408691406,76104300
2023-06-13,417.8346155400201,419.76386044542505,417.1723282571571,419.12078857421875,95899700
2023-06-14,419.45674831132544,421.42439480568777,416.1741056268984,419.6199035644531,100612100
2023-06-15,418.8040313332803,426.06997610483035,418.7080714411939,424.82220458984375,110303100
2023-06-16,426.80488011436864,427.3732818174655,422.90312715218045,423.37518310546875,114165800
2023-06-20,421.4387253030806,422.32503554227975,419.1072877770987,421.1785888671875,76160400
2023-06-21,420.1959468611093,420.99555478179644,418.4329109170005,419.0205993652344,76982300
2023-06-22,418.06681362984074,420.6390713007603,417.72961825633774,420.5331115722656,70637200
2023-06-23,417.0841314152319,419.13617505158805,416.6409763099136,417.3538818359375,92074500
2023-06-26,416.7855154988048,418.7026693868189,415.40786249787595,415.6487121582031,72823600
2023-06-27,416.52543732038123,420.82218732627064,416.07263875155775,420.20562744140625,72813700
2023-06-28,419.1265310456325,421.4290677123489,418.509971256602,420.4175109863281,75636000
2023-06-29,420.00325329466176,422.2383451446893,419.5986423394109,422.0745544433594,67882300
2023-06-30,425.28267848094407,428.0379843526411,424.96474047999936,427.0553283691406,104964000
2023-07-03,426.70857023719304,427.82608687001783,426.42917637868914,427.5467224121094,32793400
2023-07-05,425.7354801650757,427.6430199831629,425.7258367708566,426.91082763671875,58418400
2023-07-06,423.3366648166022,423.9917688689175,421.063028622468,423.56787109375,80658300
2023-07-07,422.5755319557256,426.438769743823,422.2575939538954,422.4984436035156,86134200
2023-07-10,422.14203044995077,423.74127580161087,421.5736287515659,423.56787109375,62443500
2023-07-11,424.3289694634643,426.75672360489915,423.35592736761294,426.265380859375,64463800
2023-07-12,430.0515811101132,431.10168221706397,428.6257403792626,429.6950988769531,91924500
2023-07-13,431.50622355890425,433.89546265173254,431.07271183277675,433.10546875,72425200
2023-07-14,433.991813962652,434.83958003816,432.07463074719146,432.8357238769531,69815800
2023-07-17,432.6911892645716,435.3886934056767,432.6430016974079,434.3385925292969,52680200
2023-07-18,434.0110663595222,438.2114701147798,433.5775252322227,437.5660095214844,80668200
2023-07-19,438.35604491544507,439.72405458332963,437.48896257877516,438.5390930175781,65891700
2023-07-20,437.5467608684042,438.44271452207744,434.91667207150675,435.62957763671875,70591600
2023-07-21,437.3444259913096,437.5467608684042,435.61996364299455,435.62957763671875,71275600
2023-07-24,436.7760157789645,438.38490436691495,435.74517222742827,437.5756530761719,54023400
2023-07-25,437.3059083742901,440.02267010001805,437.2577208036124,438.770263671875,55191200
2023-07-26,437.8357342912967,440.26348802035136,436.7856334140258,438.8376770019531,71052900
2023-07-27,442.2192143317386,442.6238546795818,435.02262562113657,435.92822265625,92194400
2023-07-28,439.1941631701477,441.0246146496096,435.92822776892785,440.19610595703125,80011800
2023-07-31,440.6681750532694,441.39072403261815,439.35793761574195,441.0342712402344,62040400
2023-08-01,439.569820909262,440.5139620189602,438.81837125887813,439.77215576171875,55291500
2023-08-02,436.6604008783812,436.9205079074881,432.90315234388123,433.65460205078125,93933400
2023-08-03,431.6410971149184,434.29044314301314,430.995607146359,432.41180419921875,64276100
2023-08-04,434.2230076857938,436.32320952695244,429.9358722590493,430.45611572265625,100128900
2023-08-07,432.28655130575453,434.3674956833761,431.5929031798807,434.2133483886719,58357500
2023-08-08,431.6796137883657,434.2037427118271,428.9724661870649,432.3251037597656,71361300
2023-08-09,432.5948520910791,432.7586427817327,428.67381291504086,429.4349060058594,78789600
2023-08-10,431.7855978075418,435.1671361209915,428.4233462814403,429.58905029296875,93005500
2023-08-11,427.72008989099777,430.3501787286785,427.1227874459535,429.3385925292969,68690900
2023-08-14,428.4233935882657,431.70855712890625,428.11509896255956,431.70855712890625,47867400
2023-08-15,429.9358583347008,430.29234049304716,426.1111649328765,426.6795959472656,75707500
2023-08-16,426.2653150386881,427.9223617239687,423.44256433778145,423.5485534667969,80107200
2023-08-17,425.01294414487614,425.27305119137833,419.8009540161682,420.3211975097656,95711300
2023-08-18,417.5080258452247,421.5543115245304,417.1612164787308,420.5234680175781,98852000
2023-08-21,421.5350602162778,424.00135836533855,419.3867000805202,423.2595520019531,68719000
2023-08-22,425.0321640493009,425.0321640493009,421.5543094057689,422.1130676269531,64994200
2023-08-23,423.17286834168584,427.4311034249485,423.0283644204359,426.81451416015625,68441000
2023-08-24,428.4137593836846,428.9243595057039,420.87033128977225,420.8992614746094,88517300
2023-08-25,422.62372359066535,425.14782341445994,419.07842352366526,423.86651611328125,102325100
2023-08-28,426.0534571889985,427.171003275981,423.86655259327574,426.554443359375,61595400
2023-08-29,426.44835885508,432.9994865828607,426.26531078000176,432.7200927734375,83081900
2023-08-30,433.057282576268,435.13822692888783,432.35399106524045,434.50238037109375,69053900
2023-08-31,435.1189529964718,436.2557562391773,433.6834985527266,433.8665466308594,66084600
2023-09-01,436.5832902552028,437.0649894821143,433.2210096589612,434.6757507324219,58944100
2023-09-05,434.23266409054196,434.55057269413254,432.72976461783867,432.79718017578125,55166200
2023-09-06,431.9879277285903,432.093916863234,427.56593166865076,429.8877258300781,70758500
2023-09-07,426.8915071469469,429.24220190465525,426.5446977895423,428.5678405761719,70355400
2023-09-08,428.61604594030854,430.74514868706615,428.25959315019446,429.2133483886719,61659700
2023-09-11,431.8337979292306,432.3443980335229,430.1285929169173,432.0361328125,60180100
2023-09-12,430.59102153155527,432.11317840274216,429.0881220484013,429.6661376953125,67565400
2023-09-13,429.8877204342684,431.3231749266096,428.78943192828973,430.1671142578125,60199300
2023-09-14,432.63336626870154,434.56977723810513,431.33277242916336,433.8761291503906,83430800
2023-09-15,432.2935551441486,432.6222625307114,428.2136712808251,428.6487121582031,111848900
2023-09-18,428.3393267614431,430.1955896700722,427.86560575276553,428.90008544921875,55752200
2023-09-19,427.9815563611836,428.57131769081076,425.3325428427861,428.01055908203125,66514600
2023-09-20,429.2674693964477,429.68318495179983,423.8727265693422,424.0757751464844,82562600
2023-09-21,421.2333589486901,421.4943834516094,416.91177626347593,417.06646728515625,104095800
2023-09-22,418.091288955446,419.6864977783781,415.71294757869936,416.1286926269531,100829700
2023-09-25,414.920205158679,417.9172517040119,414.485134786977,417.87860107421875,70874500
2023-09-26,414.8428197503268,415.54859200929735,410.90794984146544,411.7394104003906,96168400
2023-09-27,412.9092856337623,413.4700443597365,408.26867230252077,411.90380859375,104705800
2023-09-28,411.3527373620953,415.964347748709,410.76297593705533,414.2917785644531,92258300
2023-09-29,417.3372277775056,417.5112441372113,411.76846823252566,413.2863464355469,115111300
2023-10-02,412.454856073705,414.3691244055631,410.36657139466814,413.1219482421875,83798600
2023-10-03,410.9467055118216,413.1800040858978,406.2287317175528,407.5919189453125,103760600
2023-10-04,408.0559059967463,411.30432887204057,406.5960334820363,410.5599060058594,87453000
2023-10-05,410.2699077129364,411.24638199806213,407.18585282564163,410.4052734375,70142700
2023-10-06,407.9592344326086,416.8150963910029,406.63472757769614,415.27789306640625,113273300
2023-10-09,413.3829504373266,418.5069910271343,412.8318987010215,417.93658447265625,80374400
2023-10-10,418.5650575162268,422.70294712015226,418.1686672417201,420.1119384765625,78607300
2023-10-11,421.17540990507433,422.08417183466213,418.797068320578,421.83282470703125,62451700
2023-10-12,422.44187816631086,422.8189135801861,416.91179922986146,419.2611083984375,81154200
2023-10-13,420.75969048751125,421.9585387631344,415.6066757486928,417.1728820800781,95143100
2023-10-16,419.4158131019472,422.6255856986061,419.1741138914331,421.5621032714844,75433200
2023-10-17,418.4393454760135,423.5923892481788,418.09131276942526,421.5427551269531,75324700
2023-10-18,419.77352121429993,420.73064064200355,414.8428514424272,415.9256591796875,93559800
2023-10-19,416.64111990263626,418.4490253157197,411.59443909771255,412.27117919921875,121323000
2023-10-20,411.8361348739324,412.3775387523352,407.09880668145956,407.2051696777344,123919900
2023-10-23,405.67760643648245,410.35692908932583,403.92770652261123,406.4993896484375,92035100
2023-10-24,408.61664598235126,410.71460793995783,406.77006062450005,409.5641174316406,78564200
2023-10-25,407.88192884542195,407.91093157015536,403.17360349885,403.6860046386719,94223200
2023-10-26,402.6225515026816,403.47330792914914,397.9335809780985,398.8520202636719,115156800
2023-10-27,400.43759484678344,400.8339851009318,395.62293584989493,397.04412841796875,107367700
2023-10-30,399.8284803456642,402.8448816266276,398.5329761803426,401.79107666015625,86562700
2023-10-31,402.361504611754,404.63348310254605,400.45691364342605,404.314453125,79665200
2023-11-01,405.2812643437381,409.43847913059346,404.7495083565733,408.6263732910156,98068100
2023-11-02,412.41616442869764,416.612088488878,412.3968391143164,416.4573974609375,94938900
2023-11-03,418.75840416588386,421.80380835994043,418.63271585397734,420.2569274902344,100167800
2023-11-06,421.01096687249964,421.6683815579989,419.2803924905788,421.2236633300781,67831700
2023-11-07,421.2237277176419,423.0606358569916,420.0829145000172,422.42254638671875,64256100
2023-11-08,423.02196085453033,423.5440394282341,420.43095231056213,422.73193359375,61746000
2023-11-09,423.8727442351021,423.91142437106953,419.00975716373983,419.4351501464844,83174400
2023-11-10,421.5040718428815,426.2896982135309,419.4254351571336,425.9803161621094,89462200
2023-11-13,424.64619358239656,426.6764433760795,423.86309048956497,425.5743103027344,52236100
2023-11-14,431.50076562505876,435.1165763059157,431.2783917339626,433.83074951171875,97176900
2023-11-15,435.16489156652574,436.39274237985995,433.8983901244557,434.7491760253906,77327600
2023-11-16,434.30447059030485,435.59997479434537,433.24098818272,435.28094482421875,66665800
2023-11-17,435.29057073108856,436.43141334936854,434.3721314970017,435.82232666015625,83133200
2023-11-20,435.57099160312566,440.0182630951851,435.5613141930735,439.1771545410156,69936200
2023-11-21,438.13296253247677,439.05143128536895,436.95346926763995,438.219970703125,49244600
2023-11-22,439.87321460582723,441.22672421241435,438.81940964411666,439.911865234375,59394900
2023-11-24,439.9602422808771,440.3759578384197,439.6315348978691,440.1825866699219,29737400
2023-11-27,439.55413995178077,440.3662456876674,439.00305871890555,439.3898010253906,50506000
2023-11-28,439.00310690168646,441.1203943936042,438.4423777026132,439.82489013671875,62115000
2023-11-29,441.97117519611106,443.10234049536746,439.1191421839662,439.5155029296875,63146000
2023-11-30,440.35665713551293,441.59415597189025,438.2876976332808,441.24609375,79752700
2023-12-01,440.63705583158986,444.3882328932358,440.047323826649,443.85650634765625,89183400
2023-12-04,440.4726841519421,443.87579870037587,439.25451058722007,441.5264892578125,72430900
2023-12-05,440.14391844231596,442.3965419933345,439.7668535301099,441.4394226074219,69793500
2023-12-06,443.57606849081975,443.60507121667763,439.225482586349,439.6605529785156,69124700
2023-12-07,441.73917136361564,443.6630877368815,441.13976201140014,443.0153503417969,66995400
2023-12-08,442.2709087807209,445.4516788944759,442.02920955180366,444.9199523925781,83194400
2023-12-11,444.4268611503367,446.8245280398024,444.21416465607524,446.6504821777344,65002200
2023-12-12,446.3024402574832,448.7871152745883,445.30664066950123,448.6904296875,68327600
2023-12-13,449.0674107718607,455.12924524748996,448.70970069679584,454.87786865234375,93278000
2023-12-14,456.8115200961749,458.00069086527446,453.66943027540754,456.3377990722656,119026000
2023-12-15,455.7417439978948,456.91633245678577,453.74207009746453,455.58642578125,141553700
2023-12-18,457.1881698520897,459.1296032853033,456.13009218585904,458.149169921875,70375300
2023-12-19,458.6926752884159,461.0127019870432,458.6150310014618,460.9350280761719,55761800
2023-12-20,460.0808576886502,461.96405036999886,454.1206728290634,454.54779052734375,102921000
2023-12-21,457.5278204873464,459.1295265010188,455.1107457468796,458.85772705078125,86667500
2023-12-22,459.98377994700513,461.4592882220052,457.8870580411275,459.7799377441406,67160400
2023-12-26,460.18765521976536,462.62413389794295,460.109981297383,461.72137451171875,55387000
2023-12-27,461.5175089754055,462.7017844285322,460.98362668768385,462.5561828613281,68000300
2023-12-28,462.9153345190397,463.5656980482324,462.31349497002446,462.73089599609375,77158100
2023-12-29,462.5367654374911,463.06096072132885,459.4401769650659,461.3913269042969,122283100
2024-01-02,458.333531951908,459.7993234289346,456.71242227128295,458.8091735839844,123623700
2024-01-03,456.6542157231931,457.3919698393569,454.4604162904711,455.062255859375,103585900
2024-01-04,454.5865863632777,457.16869615612853,453.37319057475315,453.5964660644531,84232200
2024-01-05,453.80025127175645,456.6638768226145,452.7712941422228,454.2176818847656,86118900
2024-01-08,454.71275316529835,460.8476889622242,454.5865552720958,460.70208740234375,74879100
2024-01-09,458.05202403896755,461.02241437904433,457.54726208619434,460.003173828125,65931400
2024-01-10,460.275022232607,463.4686883884697,459.99350610212235,462.604736328125,67310600
2024-01-11,463.6045274671268,464.1190060691037,458.43062113494074,462.4008483886719,77940700
2024-01-12,463.8472262405501,464.58498035155515,461.3136700813151,462.72119140625,58026400
2024-01-16,461.34278348918724,462.6532272077025,459.2071951071508,461.0224304199219,85014900
2024-01-17,458.0035703058881,458.94516670999695,456.1106608508071,458.4598083496094,68843900
2024-01-18,460.1294153145847,463.0900892897804,458.58597937392244,462.5367736816406,91856200
2024-01-19,463.66277131466796,468.5843115147551,462.5852901238366,468.30279541015625,110834500
2024-01-22,469.83656769535,471.0111265282756,468.6425755704272,469.29296875,75844900
2024-01-23,469.83653570981716,470.90430023582877,468.7493378931313,470.66162109375,49945300
2024-01-24,473.525295727068,474.45717543420074,470.68110299788805,471.1761779785156,81765000
2024-01-25,473.30199623812143,474.0106300348732,471.1761540957068,473.73883056640625,72525000
2024-01-26,473.3117458196852,474.7969411657135,472.2925051479898,473.13702392578125,76641600
2024-01-29,473.4475958586122,477.029542315143,472.9039969579279,476.8839111328125,61322800
2024-01-30,476.1947226231299,477.2236798269538,475.7578883130134,476.51507568359375,58618400
2024-01-31,474.31152767890586,474.7580490082776,468.7201907326481,468.7396240234375,126011100
2024-02-01,470.43842101293257,474.90372358641025,469.6327095934461,474.8746032714844,91891600
2024-02-02,475.31139921660196,481.5239798187347,474.971642466127,479.873779296875,99228200
2024-02-05,479.24278207992484,479.9028622372628,475.8743943997294,478.1264343261719,75757100
2024-02-06,479.06812791328576,479.8447191007998,477.6411730816488,479.5146789550781,55918600
2024-02-07,481.75695184930976,483.93134756331705,480.8541628931194,483.5139465332031,70556500
2024-02-08,483.513949705615,484.1060726186496,482.69855130751233,483.7275085449219,52343600
2024-02-09,484.2322563033971,486.95996752942966,483.89249957484776,486.5231628417969,63979400
2024-02-12,486.49406987855394,488.75582660767503,485.59128089218916,486.30963134765625,56502300
2024-02-13,480.04849815534635,482.53353038052535,476.3500701317823,479.6116638183594,113099200
2024-02-14,482.2423403647749,484.4555731763151,479.92231331563113,483.97021484375,68387800
2024-02-15,484.6690979139186,487.4938867654942,484.19342663721847,487.3094482421875,61683000
2024-02-16,487.0085929456435,488.14431492487785,484.1449667563623,484.8827209472656,75532900
2024-02-20,483.14507545774694,483.8148722929186,479.970842787005,482.21319580078125,71736700
2024-02-21,480.9124629140013,482.8053426352379,479.1069145137689,482.6500244140625,59293400
2024-02-22,489.25091074641995,493.59970240133447,488.2898811137423,492.6387023925781,76402500
2024-02-23,494.35679443193635,495.19162604856547,492.250356160334,492.9783935546875,61321800
2024-02-26,493.4152350521733,493.8520693709636,491.0466841824756,491.1728820800781,50386700
2024-02-27,491.8620813041637,492.308602616629,489.9691722068436,492.0853271484375,48854500
2024-02-28,490.53226952547317,492.01746492951116,490.17310907711266,491.43505859375,56506600
2024-02-29,493.19197313484807,494.8130532117829,490.55162288856457,493.20166015625,83924800
2024-03-01,494.075392019808,498.2591489639279,493.6676779750869,497.83203125,76844800
2024-03-04,497.03607301464484,499.1425115484434,497.00692307628157,497.2981262207031,49799300
2024-03-05,495.2984545471132,495.745005535815,490.1245478315941,492.32806396484375,72855600
2024-03-06,495.5993458504527,497.0748540345267,493.53174438668293,494.8227844238281,68382400
2024-03-07,498.1135389799133,500.7830096761973,494.8810360564722,499.734619140625,58652100
2024-03-08,500.36563844693006,503.0447667007892,496.1624186562773,496.7351379394531,86532500
2024-03-11,495.5314219659159,496.89041928478855,493.6093924281333,496.3079833984375,62557200
2024-03-12,498.41443934118087,502.2293483869414,495.9002573325016,501.6469421386719,73114400
2024-03-13,501.9673185575223,502.1420404607562,499.424045441815,500.8606872558594,55104100
2024-03-14,501.831351753217,501.9866995940405,496.8321966177629,499.87054443359375,110171800
2024-03-15,496.80816405826874,498.2590460217431,494.77306623402836,496.4381408691406,107646300
2024-03-18,500.498619372016,501.93972478311895,498.9795987021718,499.3885498046875,88893300
2024-03-19,498.6971497497458,502.4459962981956,497.69417669493055,502.16363525390625,60755300
2024-03-20,502.22213711517423,506.94471696954355,501.5502591703246,506.8083801269531,69594600
2024-03-21,509.6419595938359,510.34301859328446,508.20079481953724,508.48321533203125,60256100
2024-03-22,508.3954886770838,508.8823549532907,507.2854193036717,507.5191650390625,79070800
2024-03-25,506.14624650613894,507.2660628859731,505.961234915521,506.1170654296875,48512100
2024-03-26,507.5386980888141,507.87954020766836,504.7830772199743,505.1822814941406,65463700
2024-03-27,508.00612262936903,509.46672172053235,505.8444050698442,509.427734375,82999800
2024-03-28,509.4666590943707,510.8298490860622,509.0479612048705,509.330322265625,96294900
2024-04-01,510.07045141241963,510.6059925472889,507.2855305336226,508.44427490234375,62477500
2024-04-02,504.62721155274875,505.3477642225264,502.9134325371014,505.21148681640625,74230300
2024-04-03,504.12083842082313,507.2660352902269,504.0721636747669,505.7664489746094,59155800
2024-04-04,509.7685979294163,510.10938062558256,499.29122383235546,499.59307861328125,96858100
2024-04-05,500.9465048519071,506.7694068986325,500.5083132867227,504.81219482421875,74546500
2024-04-08,505.51336185898396,506.5162756490336,504.2864491311744,505.0946044921875,48401800
2024-04-09,506.82786095826793,507.071294128757,500.839381191466,505.6788635253906,68049200
2024-04-10,499.9922143304957,502.60181066009386,498.6387711363,500.61541748046875,82652800
2024-04-11,502.13442685782303,505.8345989017068,498.62901322296943,504.39349365234375,70099000
2024-04-12,500.85886371567153,502.2707879594682,495.70780962230026,497.43133544921875,92561100
2024-04-15,501.5989207934361,501.7644387082916,490.3522904966187,491.199462890625,92101400
2024-04-16,491.6765860412786,493.19560665785394,489.01828510429004,490.3036193847656,73484000
2024-04-17,492.75738492725213,492.9229325491744,486.00942494137024,487.40185546875,75910300
2024-04-18,488.794360179131,490.8878795783521,485.46418121059236,486.3989562988281,74548100
2024-04-19,486.32104754330464,487.3142441699,480.8876025986124,482.1534729003906,102212600
2024-04-22,484.75331996273405,489.18382142190774,482.4163675078979,486.59368896484375,67961000
2024-04-23,488.5995792337359,492.7963646750655,486.4086807205422,492.367919921875,64633600
2024-04-24,493.2540334865075,494.0427545951939,489.914137461728,492.1342468261719,55928100
2024-04-25,486.0678932982719,491.0241892900092,484.4222826199273,490.2646789550781,69122400
2024-04-26,493.04956028124485,496.48683553540934,492.41663996726425,494.9093933105469,64306100
2024-04-29,496.69125912925006,497.33392621215023,493.92586210692747,496.66204833984375,46415400
2024-04-30,495.20149000874,496.1752226900087,488.7943420410156,488.7943420410156,77483600
2024-05-01,488.2100662136069,494.84118298455326,486.73972044696376,487.2071228027344,80242800
2024-05-02,490.90736213065725,492.6016773299733,486.42818551774343,491.7642517089844,62550200
2024-05-03,497.73321224009646,499.08668524553275,495.20150126804214,497.85980224609375,72756700
2024-05-06,500.25510463599915,503.03996550471606,499.8169130959195,503.00103759765625,47264700
2024-05-07,503.9650423598839,504.94852179554,502.88421343694205,503.55609130859375,52561300
2024-05-08,501.7254092481323,504.14024679039943,501.6085661045977,503.6047058105469,42047200
2024-05-09,503.789928938462,506.54560966661455,503.1375445410904,506.5066223144531,43643700
2024-05-10,508.10342768254765,508.91164241656554,505.94176974404485,507.158935546875,52233200
2024-05-13,508.83376404779614,508.9408603825465,506.0878306657376,507.2270812988281,36716400
2024-05-14,507.42175308205213,510.07033651333364,506.8862120678195,509.5542297363281,57535900
2024-05-15,512.0179402902028,516.1563047340521,511.38499019072265,515.8641967773438,59504900
2024-05-16,515.9614174721102,517.5583531460086,514.6565896819933,514.8026733398438,50244800
2024-05-17,514.9195824580145,515.6109540647997,513.4687302561026,515.5427856445312,59187600
2024-05-20,515.6595382886503,517.5972564963745,515.2700215074756,516.1366577148438,37764200
2024-05-21,515.3772666864285,517.5584184029028,515.1727614260365,517.402587890625,33437000
2024-05-22,516.7113097871478,517.4221156794935,513.7413773413039,515.912841796875,48390000
2024-05-23,518.9606609347318,519.0677572803991,510.9370526401655,512.14453125,57211200
2024-05-24,513.9848197975488,516.3412958961842,513.0403275362747,515.5330810546875,41291100
2024-05-28,516.3413100648252,516.5749964273494,513.2642811397658,515.8933715820312,36269600
2024-05-29,511.871810616093,513.4589997088932,511.56995584928654,512.28076171875,45190300
2024-05-30,510.74230907986095,511.4044402025134,507.63609930287237,508.8824462890625,46377600
2024-05-31,509.8367164200918,513.6439850215788,504.7440541264526,513.5173950195312,90785800
2024-06-03,515.1240809646227,515.4064420460951,508.87267437322015,513.9360961914062,46835700
2024-06-04,512.6313840068518,515.2507275789484,511.17078482758455,514.5106811523438,34632700
2024-06-05,516.8280887412405,520.645104022442,514.8416361330836,520.6256103515625,47610400
2024-06-06,520.9275073614583,521.3559521321091,518.6879340097541,520.6159057617188,30808500
2024-06-07,519.6421291117942,522.787325920015,518.5515533208824,519.9829711914062,43224500
2024-06-10,519.1748224338155,521.9110090941606,518.5808597177815,521.5896606445312,35686100
2024-06-11,520.0414700499772,522.9042467845098,518.0745108271142,522.8458251953125,36383400
2024-06-12,527.4028804771598,529.8274655446977,526.1077992631506,527.1399536132812,63251300
2024-06-13,528.8829798084458,529.0582445758802,525.4164935113477,528.2013549804688,44760900
2024-06-14,526.6725282080745,528.5518251182958,525.6695550365463,528.5226440429688,40089900
2024-06-17,527.8409678567655,534.1215548157255,527.3832826445532,532.7290649414062,55839500
2024-06-18,532.7875604635906,534.2092316077063,532.3688625324717,534.0826416015625,41376400
2024-06-20,535.0076237066871,535.6697547200665,530.8595134643548,532.6317138671875,70328200
2024-06-21,531.810221745453,533.0313142277637,530.4621308750893,531.9176635742188,64338600
2024-06-24,531.7419157804823,534.3013212499749,530.0714395414016,530.1886596679688,45528700
2024-06-25,531.4096242974609,532.5916631831469,529.8954816744096,532.230224609375,37936200
2024-06-26,531.1167959565358,533.6078135221491,530.4720851463925,532.8947143554688,38550600
2024-06-27,532.7578670304722,534.311123211826,532.0154331135317,533.7347412109375,35041500
2024-06-28,534.506288952046,537.554190328543,530.3936880532558,531.63427734375,76144500
2024-07-01,533.0117876323043,533.2560061424955,529.9737236752046,532.728515625,40297800
2024-07-02,531.126400132376,536.3135986328125,531.0775683576217,536.3135986328125,40434800
2024-07-03,536.0010708200014,539.068469909586,535.9620173191718,538.70703125,32789900
2024-07-05,539.0097918869257,542.2139076372644,538.3747999305978,541.8134155273438,41488400
2024-07-08,542.5948722312855,543.3861377502993,541.3737797869028,542.4385986328125,36110500
2024-07-09,543.396013525926,544.2947210316149,542.6731362089374,542.9661865234375,27289700
2024-07-10,544.1872742397521,548.6808713510104,543.8942239279161,548.3389892578125,38701200
2024-07-11,548.4561564855596,549.3255886798729,542.9759074999535,543.61083984375,53054200
2024-07-12,544.7343860301963,550.6346849623752,544.2655054755963,547.039794921875,53084400
2024-07-15,549.0325654558818,551.7775792240066,546.6880438244344,548.5441284179688,40584300
2024-07-16,549.8530274778409,552.090047326324,549.1008154677004,551.7969970703125,36475300
2024-07-17,545.8772131422685,547.5476892504238,543.7378565645935,544.0602416992188,57119000
2024-07-18,545.5939606590898,546.5806130354061,537.7008012722223,539.8792114257812,56270400
2024-07-19,539.644738170822,541.2663824595259,535.2390267295067,536.2940673828125,65509100
2024-07-22,540.2113760766848,542.4288993582354,538.277184442637,541.8232421875,43346700
2024-07-23,541.7157629327536,543.8648979607326,540.4849516029554,540.973388671875,34439600
2024-07-24,536.1671163330532,536.4699449259502,527.7952979520205,528.7135620117188,74515300
2024-07-25,528.8307523766035,534.7994982405838,525.0209792890996,525.958740234375,61158300
2024-07-26,529.7392217162956,534.5356464631268,528.9674531548811,531.8492431640625,53763800
2024-07-29,533.3928583100442,534.3990077101311,530.1691258203317,532.1619873046875,39515800
2024-07-30,533.6273139750385,534.6823548134623,526.0663171509535,529.4658203125,46853600
2024-07-31,536.2843251839307,540.6998152024645,534.9167372159726,538.072021484375,65663400
2024-08-01,539.7913062018092,542.0381046138815,526.9551667505608,530.452392578125,76428700
2024-08-02,523.3603002519518,524.5716145988897,516.3756265717791,520.5762329101562,82789100
2024-08-05,499.80785259777787,511.4717311244644,498.4695101090915,505.41510009765625,146267400
2024-08-06,507.2124748611044,517.4989864003181,505.8937188490462,510.07476806640625,84826300
2024-08-07,516.2486294067602,519.2965314666948,506.0696179320819,506.6654968261719,70698300
2024-08-08,511.79405372836936,519.0033889369354,509.77197692780607,518.3782348632812,63276600
2024-08-09,517.5575496711185,522.1488688468696,516.3364573171235,520.6640014648438,45619600
2024-08-12,521.8559471668351,523.3407552909962,518.6713279832952,520.9376831054688,42542100
2024-08-13,524.1222955084382,529.7393216479126,523.878076980635,529.5048217773438,52333100
2024-08-14,530.2960214933445,532.3572709257232,527.6291745808618,531.1752319335938,42446900
2024-08-15,536.7923373384469,540.5630571909627,536.1866801444643,540.27978515625,60846800
2024-08-16,538.6679083622046,542.1846909540823,538.5116347380534,541.4910888671875,44430700
2024-08-19,541.9013070349608,546.66845703125,541.0514314058853,546.66845703125,39121800
2024-08-20,546.2190851764095,547.8700045132335,544.4411674580102,545.7794799804688,33732300
2024-08-21,546.8247712917706,549.1106230342316,541.9012882335657,547.6550903320312,41514600
2024-08-22,549.5502187339081,550.155875826028,542.1454973391976,543.3568115234375,56121500
2024-08-23,546.5904001832064,550.0680696349215,544.4021520897437,549.1302490234375,50639400
2024-08-26,550.1559715338451,550.8690705771505,546.1214765619129,547.8212280273438,35788600
2024-08-27,546.5512887213379,549.0618623501647,545.4083627021253,548.5734252929688,32693900
2024-08-28,548.2315309438809,548.661357929549,542.204174863817,545.3887939453125,41066000
2024-08-29,547.3522554939839,550.6443160255352,544.294635177053,545.4375610351562,38715200
2024-08-30,547.8017316610252,551.1524028130747,544.2556737558524,550.6444091796875,62700100
2024-09-03,547.5084877669302,547.8406511283397,536.801987949737,539.3125610351562,60600100
2024-09-04,537.4761456891545,541.6083040829072,536.7532683896355,538.2088012695312,47224900
2024-09-05,538.1502077884983,540.9928852935313,534.4478166491117,536.8997802734375,44264300
2024-09-06,537.2221175565589,538.8437022454943,526.9649400293706,527.8636474609375,68493800
2024-09-09,532.054494369654,535.0437266855093,530.1300214174476,533.7737426757812,40445800
2024-09-10,535.678706144088,536.450474898389,530.8138918516801,536.0987548828125,36394600
2024-09-11,536.0108196239122,542.5167747623394,527.4729497044474,541.5985107421875,75248600
2024-09-12,542.1748597619055,546.4633510224045,539.9573366553728,546.1605224609375,51819600
2024-09-13,546.7661412876428,550.0093699640063,546.5121445202687,549.012939453125,39310500
2024-09-16,548.7493161553681,550.0876290701726,546.9519009753941,549.8239135742188,36656100
2024-09-17,552.0314851715059,553.477299266029,547.8211605278194,550.0484619140625,49321000
2024-09-18,550.7030887194167,555.5386282568505,547.8604108421249,548.417236328125,59044900
2024-09-19,557.8048475354702,559.6315971955383,554.9426137920285,557.7755126953125,75315500
2024-09-20,556.4096197933483,557.8500005367814,553.7933228326182,556.8113403320312,77503100
2024-09-23,557.8794446150124,558.8495067502496,556.6643550711399,558.2027587890625,44116900
2024-09-24,558.9964868304339,559.8587776289324,556.1744550910837,559.7999877929688,46805700
2024-09-25,559.6431398003925,560.3780425284191,557.4579883539482,558.5652465820312,38428600
2024-09-26,562.817932214862,563.1413061737785,558.4281322177342,560.77978515625,48336000
2024-09-27,561.8479471107624,562.6611965458859,558.9377006949258,559.966552734375,42100900
2024-09-30,558.9376557740085,562.8179640810873,556.6447925339722,562.21044921875,63557400
2024-10-01,561.8576367225866,562.5043247858904,554.6065728022052,557.173828125,72668800
2024-10-02,556.2823034605133,558.4282222492225,553.8914170466389,557.4091186523438,38097800
2024-10-03,555.9392527365582,558.3301388916863,554.106899883147,556.3900146484375,40846500
2024-10-04,560.8287828388663,561.8184614824812,556.6643337627131,561.4461059570312,42939100
2024-10-07,559.7999074826037,560.446655391967,555.2239297880301,556.370361328125,49964700
2024-10-08,558.9376805045769,562.2300906410503,558.0656412646009,561.63232421875,37398700
2024-10-09,561.6224751598685,566.0809331902332,561.0247685875196,565.5223999023438,37912200
2024-10-10,564.1800978620382,565.9536612034724,562.9258348238808,564.5328369140625,44138100
2024-10-11,564.4543586951436,568.6482329129351,564.3171624790748,567.913330078125,42268000
2024-10-14,569.520288010914,573.4888112745962,569.0401610478535,572.5579223632812,36217200
2024-10-15,572.8224268603595,573.1261842726946,566.8941634738084,568.1092529296875,54203600
2024-10-16,568.1092586044506,571.0978512020905,567.305757742965,570.5784912109375,30725400
2024-10-17,574.1158386665669,574.3216329805343,570.4413246734956,570.6275024414062,34393700
2024-10-18,572.3128969974695,573.6063330690159,570.8528997080355,572.8224487304688,37416800
2024-10-21,572.0973176864316,573.0771881011084,568.912738838732,571.8817749023438,36439000
2024-10-22,569.3537388044809,572.7343039714391,568.6972423190728,571.5780639648438,34183800
2024-10-23,569.5594196255329,570.0003732214365,562.8570804647936,566.355224609375,49314600
2024-10-24,568.3052948235324,568.3837012123148,564.9639626077603,567.5802001953125,34979900
2024-10-25,569.8044663478088,572.6950960929863,566.4435179318251,567.3841552734375,47268200
2024-10-28,570.8529569215461,570.9803448675634,568.8344261393737,569.13818359375,30174700
2024-10-29,568.1777490973657,571.176149715264,566.7863500672389,570.0591430664062,42899700
2024-10-30,569.5889199783458,571.578085865319,567.629178914475,568.334716796875,41435800
2024-10-31,563.9741056373006,564.0427037299961,556.9974344033881,557.1934204101562,60182500
2024-11-01,559.8195584319851,563.9643910438907,559.1336371976272,559.545166015625,45667500
2024-11-04,559.6823835212687,560.9758196621659,556.4586313456186,558.3399658203125,38217000
2024-11-05,559.251198693126,565.1304208425688,559.0356559214524,565.0912475585938,39478300
2024-11-06,577.3396500855225,580.0146771322202,573.6063462638446,579.142578125,68182000
2024-11-07,581.1415644099445,584.639708979933,581.063158030651,583.62060546875,47233200
2024-11-08,584.1692634497057,587.569444510154,584.1692634497057,586.1486206054688,46444900
2024-11-11,587.7360663213191,588.0888053142032,584.9826328704219,586.7072143554688,37586800
2024-11-12,586.6287817012992,587.2264882691159,582.4055428293386,584.8846435546875,43006100
2024-11-13,585.34525379598,587.1677986284395,582.9837921332622,585.1688842773438,47388600
2024-11-14,585.2962448517161,585.7763718199695,580.7202664359244,581.4061279296875,38904100
2024-11-15,577.8491633593196,578.3195418358689,572.1071369723535,573.9591064453125,75988800
2024-11-18,574.4195885423085,577.6237838402152,573.5573576252949,576.310791015625,37001700
2024-11-19,572.9400384688264,579.142574989824,572.2737337790142,578.41748046875,49412000
2024-11-20,578.495884693383,578.8976052377521,572.8616299600318,578.6134643554688,50032600
2024-11-21,581.4550801704302,583.1404284379229,575.6248397212988,581.7196044921875,46750300
2024-11-22,581.7098478799927,584.1497754660484,581.2101642027249,583.5226440429688,38226400
2024-11-25,587.451946771504,588.7649396726674,583.2188992835091,585.5020141601562,42441400
2024-11-26,586.746407902425,589.2255088244219,586.0311216188419,588.5592041015625,45621300
2024-11-27,588.3729502321648,588.7550542016285,585.256969810655,586.7757568359375,34000200
2024-11-29,587.5890586237147,591.2047827973582,587.3147260107087,590.4208984375,30177400
2024-12-02,590.8324390421951,592.1552999944694,590.3425038316959,591.4791870117188,31746000
2024-12-03,591.2440480710218,591.9985076527607,590.2151960547985,591.7535400390625,26906600
2024-12-04,593.438872844782,595.6729460981672,592.7725681970518,595.427978515625,42787600
2024-12-05,595.4279904670244,596.2314913306755,594.0953811448159,594.4481201171875,28762200
2024-12-06,595.212464951605,596.8096584526629,594.800936138575,595.5750122070312,31241500
2024-12-09,595.4573535867661,595.6239147831491,591.920036343941,592.5079345703125,34742700
2024-12-10,593.1841677805376,593.605504896008,590.0093971009587,590.6658935546875,37234500
2024-12-11,593.5859415432025,596.1825623151827,593.3115491139272,595.2321166992188,28677700
2024-12-12,594.3698085144841,594.9380902901107,592.1651000976562,592.1651000976562,31543800
2024-12-13,594.1934038090473,594.9086900260288,590.6756429397628,592.0474853515625,35904700
2024-12-16,593.8015463634949,595.5457446292651,593.027470168396,594.5756225585938,43695200
2024-12-17,592.0278913761272,592.9881452170704,590.7540718346318,592.1258544921875,55773500
2024-12-18,591.822113059209,594.2031909866316,574.0962907751041,574.4784545898438,108248700
2024-12-19,579.456129686489,581.0631314525076,574.057034359764,574.302001953125,85919500
2024-12-20,571.9777678628068,585.7224397345614,571.1321976271144,581.1998901367188,125716700
2024-12-23,580.9443313472664,585.2800771480029,577.7686569320756,584.6803588867188,57635800
2024-12-24,586.0272849416975,591.2184422848073,585.4471892507113,591.1790771484375,33160100
2024-12-26,589.4093887705021,592.3392110668057,588.0133066034633,591.2184448242188,41219100
2024-12-27,587.4823184826345,587.7183292627742,580.8164691334702,584.9949340820312,64969300
2024-12-30,577.9948115421023,581.7799853973963,574.5733451400716,578.3192138671875,56578800
2024-12-31,579.9807622286955,580.6985158642835,574.583178079053,576.2152709960938,57052700
2025-01-02,579.4695486945864,581.180251846637,570.7291685588775,574.7994995117188,50204000
2025-01-03,577.6408633877121,582.6254735449975,576.5593423217554,581.9864501953125,37888500
2025-01-06,586.2337670283534,589.6060270134918,583.608664526265,585.3390502929688,47679400
2025-01-07,587.3643786767495,587.6888410122485,576.903513754268,578.7223510742188,60393100
2025-01-08,578.7911897402016,580.6395509433228,575.350100693004,579.56787109375,47304700
2025-01-10,576.0185903209236,576.0874192959229,568.8119506064235,570.7192993164062,73105000
2025-01-13,566.0788468496604,571.9581742427216,565.6658729466735,571.604248046875,47910100
2025-01-14,574.5241441869972,575.1533862250869,568.6152938144415,572.3906860351562,48420600
2025-01-15,580.3937160773642,583.9429389739179,579.2827311805529,582.802490234375,56900200
2025-01-16,584.1690862304802,584.34604932179,580.9836305712422,581.6817016601562,43319700
2025-01-17,586.9121079994578,589.2716756656154,585.5847949299089,587.5216674804688,58070600
2025-01-21,590.5597127423754,592.9094994878243,588.5933760531964,592.899658203125,42532900
2025-01-22,595.7213382459036,597.5893820777127,595.1707663809229,596.2326049804688,48196000
2025-01-23,595.6033506126263,599.4868774414062,595.3280946897063,599.4868774414062,41152100
2025-01-24,599.5458113037603,600.4995156835615,596.5864653530726,597.7367553710938,34604700
2025-01-27,584.7983708814467,589.5962372876534,584.6312490621345,589.2816162109375,70361100
2025-01-28,590.5105293609671,595.1805787054238,587.1972570477369,594.3449096679688,44433300
2025-01-29,593.5583059073574,593.9614384934404,589.1340487911447,591.6804809570312,37177400
2025-01-30,593.7943615542468,596.3898803192325,590.6088457833347,594.8561401367188,39281300
2025-01-31,597.2747575383468,599.6933732210748,590.9333098394596,591.6903686523438,66566900
2025-02-03,582.6943020815504,590.1860392450765,580.5510025263411,587.70849609375,65857200
2025-02-04,587.7675957701897,592.1623298220667,587.2268651385132,591.651123046875,33457800
2025-02-05,590.5302274178379,594.1974260072697,588.5049031019603,594.0499267578125,30653100
2025-02-06,595.7901616750784,596.242440705887,592.4867305159943,596.1146240234375,35771500
2025-02-07,596.6750050236558,597.8941240756534,589.9501076619601,590.6580200195312,50788500
2025-02-10,593.863227291288,595.30845601079,592.5949016719809,594.6693725585938,26048700
2025-02-11,592.407967252875,595.6622514865878,592.2899918734154,595.1215209960938,30056700
2025-02-12,589.1144530437037,594.3743794070193,588.4360645213627,593.2044067382812,45076100
2025-02-13,594.3055902381474,599.6737110792319,593.047165943141,599.4672241210938,40921300
2025-02-14,599.6736338799176,600.7059485220444,598.8182823186273,599.4376831054688,26910400
2025-02-18,600.5978525430173,601.1975708007812,598.1399318067746,601.1975708007812,26749000
2025-02-19,599.8112758662747,602.9082197102092,599.3000091966954,602.61328125,31011100
2025-02-20,601.2467110134413,601.3843689751305,596.8028311734677,600.1062622070312,36554000
2025-02-21,599.8900551425863,600.0277131320789,589.3799816597252,589.8421020507812,76519800
2025-02-24,591.8869960824046,592.8800056614799,586.4500466079941,587.157958984375,50737200
2025-02-25,587.0989070332523,587.8264418905826,579.636634088407,584.2378540039062,58266500
2025-02-26,585.8995163780398,589.4881049123491,581.8980139327481,584.5328979492188,43321600
2025-02-27,586.8039490929929,587.9542991571739,574.809344386224,575.2025756835938,74196700
2025-02-28,575.7040488167072,584.7098443771037,572.6365684069419,584.178955078125,88744100
2025-03-03,586.1452445030724,587.2857532860544,570.1392964764723,573.9441528320312,74249200
2025-03-04,569.9525786591505,575.5369680083471,562.6181207422406,567.1505126953125,109648200
2025-03-05,566.9833769883293,575.0355284425119,563.4341535288585,573.2461547851562,71230500
2025-03-06,565.793586428619,570.4046474415857,560.523819558892,563.0702514648438,80094900
2025-03-07,561.2907933786839,567.6715458955733,556.1094773560538,566.2262573242188,81158800
2025-03-10,558.0364891964213,559.9536192631458,546.2384702857362,551.1444702148438,99326600
2025-03-11,549.9844552948313,554.5266887361913,542.7286673284324,546.56298828125,88102100
2025-03-12,552.7077001878538,553.631880779765,544.3704523001988,549.4632568359375,69588200
2025-03-13,549.0896174558009,549.6991769603108,540.4279077137791,542.1386108398438,74079400
2025-03-14,546.7497351697265,554.3398260143258,542.2075022062043,553.3369750976562,62660300
2025-03-17,553.3172227764923,560.1207900872192,552.8846263579363,557.6038818359375,49008700
2025-03-18,555.2934322950165,555.5097605205915,549.6500559715837,551.5770874023438,66041400
2025-03-19,553.3566169353411,561.3399385264869,552.1768030039566,557.584228515625,66556000
2025-03-20,553.848245552193,560.966374832501,553.1304918485869,555.9718627929688,62958200
2025-03-21,551.5205903212295,557.052742857906,550.2879327940723,556.1553344726562,83763000
2025-03-24,562.8805908120635,567.1702741261835,562.2889394113844,566.1151123046875,58766800
2025-03-25,567.3181993393742,568.4127846067184,565.73055113845,567.4760131835938,38355700
2025-03-26,567.2097618801449,568.3339598573967,559.3207546377017,560.7013549804688,51848300
2025-03-27,559.3108077400744,562.9792269072261,557.1018956425098,559.2122192382812,42164200
2025-03-28,557.6838014665011,558.4135249923543,547.3689030262066,547.95068359375,71662700
2025-03-31,542.201606334121,552.93066066187,539.2826520783074,551.6289672851562,95328200
2025-04-01,549.7159501655996,555.1297722698289,545.998235889195,553.1870727539062,54609600
2025-04-02,547.3491617248258,559.5475341360295,547.1125011420022,556.6878051757812,76014500
2025-04-03,537.5470765410741,540.3673821784607,529.2537841796875,529.2537841796875,125986000
2025-04-04,516.404523136506,518.5740121118964,498.05273494035157,498.2696838378906,217965100
2025-04-07,482.402887644306,515.9114234247066,475.1154034595348,497.38214111328125,256611400
2025-04-08,514.6196468974629,517.6963548854247,482.3733480760591,489.591796875,165816600
2025-04-09,486.5939443539347,541.0083618164062,486.20934082523814,541.0083618164062,241867300
2025-04-10,524.7866027854379,526.0981670837639,502.25365007002944,517.3019409179688,162331200
2025-04-11,515.7536950429114,528.9874872153164,512.8544826104954,526.5320434570312,97866300
2025-04-14,536.5017296923237,536.7285795544979,526.4531053782949,531.64013671875,68034000
2025-04-15,532.1824786951643,535.6930840370895,529.3621734315309,530.1510620117188,56892900
2025-04-16,524.3034408726064,530.4273047249436,513.0714517926509,518.366943359375,83484800
2025-04-17,520.3194821276195,523.800475242003,516.6411916080497,519.1065063476562,79868100
2025-04-21,513.9293002870572,514.4618467446136,501.40552056556845,506.7503356933594,69368100
2025-04-22,512.9235950678715,521.956482797522,511.9867633247528,519.9349365234375,75948100
2025-04-23,532.9320165359907,537.8626460694973,526.4729038847668,527.9915161132812,90590700
2025-04-24,529.2734571828396,539.8348871004667,528.0211182344198,539.1051635742188,64150400
2025-04-25,539.0657336001437,543.4046513367819,536.1467793425768,543.0003662109375,61119600
2025-04-28,543.7399439376,545.8699492792146,537.4583271221219,543.2073974609375,47613800
2025-04-29,541.294298062473,547.7435994540236,540.9393072120234,546.6292724609375,47775100
2025-04-30,539.9729835885655,548.7988227140515,534.0069337400583,546.8462524414062,93101500
2025-05-01,552.5954041380958,556.2440822591161,550.1202183270924,550.7217407226562,63186100
2025-05-02,556.894803218062,560.4941864598073,554.5774316657111,558.8966674804688,60717300
2025-05-05,554.7648117792631,558.7882219920989,553.9068871278389,555.6917724609375,38659200
2025-05-06,550.1891944565425,555.533979770925,549.2326812616892,551.047119140625,48264700
2025-05-07,552.3784371058738,555.9975022415719,548.3254139860352,553.3645629882812,55588000
2025-05-08,557.3977713110521,562.3974366423718,553.9069074354913,557.2202758789062,65130800
2025-05-09,558.6205173502777,559.6263849147109,554.9521583078488,556.51025390625,37603400
2025-05-12,573.4026196086874,574.9114211824733,569.0340889310521,574.9015502929688,78993600
2025-05-13,575.3156554869938,580.9070323903663,574.7536167184122,578.6981201171875,67947200
2025-05-14,579.6546018902411,580.8083522191259,577.4160770724685,579.4376831054688,66283500
2025-05-15,577.4357820961777,582.7706958315019,576.9821425909696,582.267822265625,71268100
2025-05-16,583.0468496173695,586.251758304484,581.104210780506,585.9559326171875,76052100
2025-05-19,579.9406348417033,587.27741416191,579.9406348417033,586.5969848632812,68168500
2025-05-20,584.8614155899625,585.8080578995526,581.419785763877,584.6246948242188,60614500
2025-05-21,580.2759146876367,584.3584902721909,573.7477661832594,574.7733154296875,95197700
2025-05-22,574.5760959985981,578.4811762683786,573.3434386116112,575.0001831054688,70860400
2025-05-23,567.988738706783,573.7378691727489,567.6140060747297,571.0753173828125,76029000
2025-05-27,577.9387671986972,583.1060568711622,570.4047514802384,582.9483032226562,72588500
2025-05-28,583.3525621719901,584.5457960298348,578.8459601489828,579.57568359375,68445500
2025-05-29,584.8318350718904,584.9699071457442,577.9388245287198,581.8635864257812,69973300
2025-05-30,580.7591899526665,582.928679235147,575.1481304892388,581.2128295898438,90601200
2025-06-02,579.605419698203,584.5656021144322,576.9428674958667,584.4867553710938,61630500
2025-06-03,584.121791379625,588.7960181097066,583.6385391723649,587.8197631835938,63606200
2025-06-04,588.6777258495218,589.6539808386906,587.2280895107962,587.6619873046875,57314200
2025-06-05,589.3383724752952,590.6893600195378,582.8496477946317,584.8218994140625,92278700
2025-06-06,590.3540722792903,592.4940086999786,588.5790577947733,590.8274536132812,66588700
2025-06-09,591.3994087206146,592.9082102708385,590.1864930975049,591.3599853515625,53016400
2025-06-10,591.8925244948556,595.0974340255312,590.7782574774766,594.712890625,66247000
2025-06-11,595.8074157747775,596.6653405011278,590.9556931519085,593.0166625976562,73658200
2025-06-12,591.6853731206485,595.3734741210938,591.2021810906274,595.3734741210938,64129000
2025-06-13,590.1962907494013,593.4997881009825,587.2181715759101,588.7171020507812,89506000
2025-06-16,592.0700235861916,596.0638215052488,591.8924679557008,594.318359375,79984100
2025-06-17,591.8826784891205,593.401290785268,588.480531921813,589.2398681640625,82209400
2025-06-18,590.1371267775953,592.8785252065284,588.1944276516227,589.1510009765625,76605000
2025-06-20,591.822378072595,592.8905592906415,586.3628522539952,587.767333984375,94051400
2025-06-23,588.5190130228361,593.9587392448562,585.4035696790836,593.5730590820312,87426000
2025-06-24,597.7072083922786,601.1885919192599,596.7972471416377,600.13037109375,67735300
2025-06-25,601.247995602986,601.940336500435,598.903972841808,600.4666748046875,62114800
2025-06-26,602.3161684365299,605.5997923429508,601.7029677445283,605.1646118164062,78548400
2025-06-27,606.1635425121184,609.6350865938839,604.1360202356653,608.1712646484375,86258400
2025-06-30,610.6142201701539,612.4340220516922,608.2998373553096,611.0790405273438,92502500
2025-07-01,609.6053849111585,612.0483479268365,608.7746241554748,610.8812866210938,70030100
2025-07-02,610.4757300098587,613.6901136433279,609.8526292762224,613.6505737304688,66510400
2025-07-03,615.628656191773,619.4167005776212,615.6088560521965,618.4869995117188,51065800
2025-07-07,616.5286747873084,617.1913758193931,611.0988485499288,613.8780517578125,74814500
2025-07-08,614.5406899285775,615.2923708557059,612.7307881009865,613.5418090820312,59024600
2025-07-09,615.945166968477,617.8737488887257,614.1055045789822,617.2210083007812,66113300
2025-07-10,617.3595500232223,620.000273214104,616.1825885407072,618.9617919921875,57529000
2025-07-11,615.9154666088177,618.0122289852302,614.7187654701638,616.7858276367188,63670200
2025-07-14,616.3307657158283,618.3088477245484,614.985684437804,617.9627075195312,51898500
2025-07-15,620.6430672331502,620.9793073894895,615.2428812967698,615.322021484375,74317300
2025-07-16,616.9044910111767,617.8836320494379,611.276844692317,617.3792114257812,88987500
2025-07-17,617.557284919235,621.5134493059918,617.3396644874989,621.1573486328125,68885700
2025-07-18,622.4035753929759,622.5716954836944,619.5947323692288,620.7024536132812,65621600
2025-07-21,621.87939453125,624.6189973413707,621.4541141003111,621.87939453125,63375000
2025-07-22,622.2058050575365,622.828905853138,619.3277216791315,621.9684448242188,60046300
2025-07-23,624.6289433239532,627.2598266601562,622.8288811376781,627.2598266601562,70511000
2025-07-24,627.6454884244192,629.1785504969665,627.0421878119985,627.4674682617188,71307100
2025-07-25,628.1301809903662,630.5928838363332,627.8829206987424,630.1181030273438,56865400
2025-07-28,630.4939604147171,631.0478210681617,628.5752180855901,629.9598999023438,54917100
2025-07-29,631.3543820995848,631.6708825055948,627.3883778702398,628.2982788085938,60556300
2025-07-30,628.9509803708415,630.6917023127537,624.6189756546709,627.5070190429688,80418900
2025-07-31,632.4523273568442,632.8380075585872,623.857556644127,625.1531982421875,103385200
2025-08-01,619.436379958757,619.475980234049,612.5031927364548,614.9065551757812,140103600
2025-08-04,618.813325728958,624.3024917393647,618.7243458354196,624.2530517578125,73218000
2025-08-05,624.8662177521945,625.6772386500149,620.168272806011,621.0880737304688,68051400
2025-08-06,622.1563552914652,626.4982606508958,621.2464542892866,625.8455200195312,64357500
2025-08-07,629.2674923107387,629.9993730574174,622.2156245224251,625.3212280273438,74205800
2025-08-08,627.1114011688534,630.6620853000642,626.7949007710238,630.1972045898438,64051600
2025-08-11,630.4742118551501,631.947873553624,627.70484826023,628.9510498046875,58742300
2025-08-12,631.2951060550639,635.8051316570012,629.8115442075018,635.6469116210938,64730800
2025-08-13,637.8425547169825,639.1085564704525,635.6370120856271,637.8228149414062,60092800
2025-08-14,635.7457174616427,638.5447207235369,635.300697252298,637.882080078125,59327500
2025-08-15,638.9107148606824,639.0096552004113,635.4787708739423,636.388671875,68592500
2025-08-18,635.814941575414,636.942462907598,635.1424008771667,636.2501220703125,43804900
2025-08-19,636.0720632428176,637.0512042052354,631.4828983695179,632.79833984375,69750700
2025-08-20,632.3929060531275,632.6500060324975,626.013578858981,631.1170043945312,88890300
2025-08-21,629.3071240874224,630.9785456585483,626.864161086776,628.5850830078125,54805800
2025-08-22,630.7709103705197,639.4151205943501,630.2664897119097,638.2381591796875,84083200
2025-08-25,636.9820009718095,638.2183023325629,635.3105191174199,635.42919921875,51274300
2025-08-26,635.1622594491828,638.4359833484747,634.5391586749303,638.0897827148438,51581600
2025-08-27,637.5062787617181,640.2755819843173,637.3578984386413,639.543701171875,48341100
2025-08-28,640.146950913372,642.3623933153343,638.267809046051,641.8085327148438,61519500
2025-08-29,640.374480883152,640.7404816664739,636.0919759234915,637.9810180664062,74522200
2025-09-02,630.5136938017484,633.4709169972102,627.9619508913343,633.2533569335938,81983500
2025-09-03,635.6270824559713,637.1502445176759,633.4413400681225,636.6853637695312,70820900
2025-09-04,637.3578424589464,642.0360478647699,636.4578416280056,642.00634765625,65219200
2025-09-05,644.3404973975818,645.0625384730564,636.2798483910566,640.14697265625,85178900
2025-09-08,641.5118230975241,642.718484610511,640.1370415028089,641.7195434570312,63133100
2025-09-09,641.8579832056892,643.7272854003053,640.1271612550325,643.203125,66133900
2025-09-10,646.4570825189741,647.3768835600082,643.4998590892842,645.0625610351562,78034500
2025-09-11,647.0109525903231,651.1154976382888,646.4274520986086,650.4231567382812,69934400
2025-09-12,650.3934256012134,651.8868873722256,649.7011451004063,650.2055053710938,72780100
2025-09-15,652.4111340519337,653.795755474802,652.1144337731963,653.6671752929688,63772400
2025-09-16,654.2210123755038,654.5276730798186,651.9858301119879,652.7671508789062,61169000
2025-09-17,652.7770367516476,654.4682584259048,647.1295902463727,651.9561157226562,101952200
2025-09-18,654.6364399867887,657.603563340362,653.0341982051615,655.0023803710938,90459200
2025-09-19,656.8877828567474,659.0895125014193,654.9438659954435,658.2465209960938,97945600
2025-09-22,656.7587687117981,661.8069106980723,656.7289861632065,661.3606567382812,69452200
2025-09-23,661.2417286303936,661.8566899635472,656.540685502851,657.7606201171875,81708900
2025-09-24,659.0497999269948,659.1489540239103,654.2495430702726,655.6677856445312,68082200
2025-09-25,652.5338627083877,653.9917550046746,649.0328388399253,652.6429443359375,89622100
2025-09-26,654.0909412604747,656.9274266555326,652.4743298182361,656.3819580078125,69179200
2025-09-29,658.9010899003678,659.8135740530697,656.4216318338509,658.2266845703125,73499000
2025-09-30,657.4828203674869,661.1722852976668,656.173659297658,660.7061157226562,86288000
2025-10-01,657.7208749627936,663.8699431635192,657.611793334362,662.95751953125,72545400
2025-10-02,664.9410037342527,665.0600128657511,661.3011766397112,663.7210693359375,56896000
2025-10-03,664.4848020775174,667.1527012490268,662.6698219114437,663.7112426757812,70494400
2025-10-06,666.1014192164715,666.9841207809839,663.9591941673339,666.0914916992188,54623300
2025-10-07,667.0138297258598,667.4601442579947,662.1838505424819,663.6219482421875,72020100
2025-10-08,664.7426772273783,667.6783772359653,663.919480237528,667.5791625976562,60702200
2025-10-09,667.9957845708525,668.4023890582872,663.7112737749407,665.6452026367188,66501900
2025-10-10,666.6071968358344,668.4122493878771,647.4757221413303,647.6542358398438,159422600
2025-10-13,655.2216030747315,659.664772492732,654.3488290056752,657.5919189453125,79560500
2025-10-14,651.7701536094826,660.3590300864076,647.8030207789583,656.78857421875,88779600
2025-10-15,661.3408732132422,664.7228272522149,653.5156893256119,659.7044067382812,81702600
2025-10-16,661.3409444600238,663.2154294168515,651.710706867285,655.2117309570312,110563300
2025-10-17,654.0810128478913,660.2895852935891,652.7322022395391,658.9308471679688,96500900
2025-10-20,661.8367798071084,666.6866142382812,661.7872027532737,665.7840576171875,60493400
2025-10-21,665.9229005771253,667.4601523988813,664.4748753427003,665.7741088867188,56249000
2025-10-22,666.4783066993808,666.4783066993808,657.8497808005621,662.3128051757812,80564000
2025-10-23,662.6301900162397,667.1825015615415,662.3128121266341,666.2402954101562,65604500
2025-10-24,670.9016937183009,672.8951271271609,670.0983517375236,671.6851806640625,74356500
2025-10-27,677.1201116013259,679.9070199177999,676.5151383891614,679.6094970703125,63339800
2025-10-28,681.4046232640447,683.2493254549719,679.2028936555786,681.41455078125,61738100
2025-10-29,683.0609104229828,684.0328991417463,677.2590027977353,681.7418823242188,85657100
2025-10-30,678.2805222142791,680.303738053287,674.2439575195312,674.2439575195312,76335800
2025-10-31,679.4111219213156,679.4508319897004,673.6587916341136,676.4556274414062,87164100
2025-11-03,680.0359699637585,680.1649066224819,674.3530715971103,677.7251586914062,57315000
2025-11-04,670.5545580097922,674.3729598389511,669.0371611161902,669.6917114257812,78427000
2025-11-05,669.433839434071,675.2655297930335,668.630497422053,672.0125122070312,74402400
2025-11-06,670.9115428502156,671.8140994484131,663.2252231578799,664.8021850585938,85035300
2025-11-07,662.4218719882706,665.5658682287408,655.7769731606511,665.4567260742188,100592400
2025-11-10,671.6752576501947,676.57466917413,669.4834554774103,675.8407592773438,75842900
2025-11-11,674.3629519753922,677.9532020666294,673.1529450781785,677.3878784179688,58953400
2025-11-12,679.1631581075335,679.3318048264125,675.3547447293747,677.7647705078125,62312500
2025-11-13,674.9084518036677,675.2654792192372,665.010475070097,666.5179443359375,103457800
2025-11-14,659.9127671356764,670.1082678298286,657.8201189320223,666.408935546875,96846700
2025-11-17,664.1971714004484,668.1742314199619,656.7290154076413,660.2002563476562,90456100
2025-11-18,656.6596108350068,659.6548153709225,650.4708935566339,654.65625,114467500
2025-11-19,655.3505280387882,661.856623370592,653.3371790986623,657.185302734375,94703000
2025-11-20,667.3808213360044,670.0090710879778,646.5335791707308,647.1683349609375,165293500
2025-11-21,649.6675301260088,659.0894699034471,645.5020288545189,653.6148681640625,123956200
2025-11-24,657.2448196444445,664.5542570793402,656.1538823239337,663.2351684570312,80437900
2025-11-25,663.135941149376,670.6536740212097,659.020017057554,669.4734497070312,81077100
2025-11-26,672.0620713400136,676.0986363282427,671.1595147067713,674.09521484375,71879600
2025-11-28,675.2654787466182,678.0523870500939,674.9084513312986,677.7747192382812,49212000
2025-12-01,673.2323336611282,677.3779800628074,673.1629015749381,674.6803588867188,61201200
2025-12-02,676.316803165018,678.2012155152329,673.7481184984898,675.9300537109375,62953800
2025-12-03,674.9779023816353,679.2822075879724,674.105128319461,678.2706298828125,57238500
2025-12-04,679.6690366334618,679.7384687237238,675.7416137771377,678.7665405273438,61970300
2025-12-05,679.8375623637357,682.7336127271673,678.9549213715281,680.0557861328125,79241000
2025-12-08,680.9484564225444,680.9980334759979,675.9696853695019,678.0127563476562,55231500
2025-12-09,677.5366934232544,679.7582780276033,676.9812972721672,677.4275512695312,58310100
2025-12-10,676.9515664343469,683.3088703732143,675.711837383319,681.92041015625,85671300
2025-12-11,679.51034738166,683.5865617528303,676.5647198382891,683.5072021484375,86173700
2025-12-12,682.5153843270051,683.2195721462687,673.5893360954813,676.1580810546875,113160300
2025-12-15,680.1053789946951,680.1252340287925,673.6687159286942,675.1365356445312,90811000
2025-12-16,673.6488975485244,675.4837328267965,669.4338188610296,673.2918701171875,122030600
2025-12-17,674.3034691132465,674.8489377460819,665.6848710067972,665.8832397460938,110625200
2025-12-18,672.0322187932205,675.1464323222394,669.3544527925658,670.9114990234375,108650100
2025-12-19,673.0134542661981,677.4896664833268,672.8940327515619,676.9923095703125,103599500
2025-12-22,680.3245290528953,681.7370055876305,676.9922622536055,681.2098388671875,69556700
2025-12-23,680.3046207584179,684.562024812114,680.2548972126992,684.3233032226562,64840000
2025-12-24,684.313382495532,687.1781631452748,684.164151137988,686.7305297851562,39445600
2025-12-26,686.989161229118,688.0037280321676,685.6264081645946,686.660888671875,41613300
2025-12-29,683.9055083361335,685.5567672531378,682.4433081832867,684.2138671875,62559500
2025-12-30,683.8159723723246,684.9200900521846,682.9505762759469,683.3782958984375,47160700
2025-12-31,683.5076844111845,683.726492314561,678.1063955310838,678.3152465820312,74144800
2026-01-02,682.0852055985325,683.2390468658663,676.2263268834449,679.55859375,89377200
2026-01-05,682.910839643419,685.7855773037328,682.7517121374489,684.0845947265625,71927200
2026-01-06,684.2934596862484,688.6602678554459,684.1442890432024,688.1529541015625,69273800
2026-01-07,688.5309418430683,690.2916046822218,685.6761181181482,685.9347534179688,75588300
2026-01-08,685.1787573638412,686.9692300361542,683.8557710289468,685.8651123046875,64019200
2026-01-09,686.9791831428475,691.6344363504869,685.5368360184962,690.4010009765625,80125500
2026-01-12,687.0289310253164,692.410366767912,686.979207477028,691.4852294921875,63976000
2026-01-13,691.813478661017,692.4103433578374,687.6953490317495,690.1026000976562,78309700
2026-01-14,687.347202661372,688.0633674208381,682.4134005947378,686.7105712890625,94676700
2026-01-15,690.8983886882239,691.7737417111902,687.5959315038539,688.5806884765625,77862000
2026-01-16,689.9931507530615,690.5800586110835,686.4519720383781,688.0037231445312,79289200
2026-01-20,677.8874730475171,681.1501633341576,672.9934983300664,673.9981689453125,111623300
2026-01-21,676.0572511802958,685.0991655259935,674.5452667925615,681.77685546875,127844500
2026-01-22,686.2033478813381,687.476610793547,683.2888434897402,685.3379516601562,77112200
2026-01-23,684.5123006998919,687.3074439470811,683.5274830754288,685.5865478515625,63059600
2026-01-26,686.8399658941375,690.4607389282814,686.2729717064406,689.068115234375,60473800
2026-01-27,690.5104039402848,692.8480177488461,689.9036431059924,691.8134765625,55506100
2026-01-28,693.3652237572153,694.1510864943795,690.271678492269,691.7438354492188,61172200
2026-01-29,692.7087686795362,693.375209936545,681.2098793986574,690.3711547851562,97486200
2026-01-30,688.1330925763239,690.540343876794,683.4877957603626,688.3121337890625,101835100
2026-02-02,685.9347490634862,693.2458711004026,685.7755608588325,691.73388671875,79286500
2026-02-03,692.529690413304,693.2757257351432,680.4140840721383,685.885009765625,107904600
2026-02-04,686.7006659106327,687.7948875474046,678.1561081391175,682.5626831054688,105204600
2026-02-05,677.3404209861714,680.0758839506523,672.2176206040476,674.0379638671875,113610800
2026-02-06,677.8576866055596,688.6503070282812,677.2508650473027,686.96923828125,89127600
2026-02-09,685.7755337993461,692.1914496038428,684.7012866666231,690.2816162109375,73885200
2026-02-10,691.276360737094,692.8579216647231,688.0037135108784,688.4613037109375,65185700
2026-02-11,692.7087599208829,693.4547952732178,685.5368515439336,688.3021850585938,76353900
2026-02-12,690.5701102294341,691.6742279947084,676.7734344520502,677.668701171875,118829000
2026-02-13,678.0864377658819,682.6522007204912,673.9384983110481,678.1461181640625,96267500
2026-02-17,676.5446598627462,681.31927396984,672.2077222570326,679.2402954101562,81354700
2026-02-18,680.4041503420104,685.507036973797,679.2204384959671,682.662109375,73570300
2026-02-19,680.2251236342836,682.5527199680946,677.9471901363287,680.8616943359375,58649400
2026-02-20,678.7131823752115,686.4122580979458,678.126274472082,685.7855834960938,100034000
2026-02-23,684.1940214696967,686.3525334522094,676.7734345413753,678.7827758789062,90558100
2026-02-24,678.295350173768,684.7112054782021,676.4053697086953,683.7164916992188,73798700
2026-02-25,686.53156929616,690.0130676270821,686.4519751919497,689.4859008789062,56369500
2026-02-26,689.615191050754,689.6350440416309,680.7323436648176,685.6561889648438,71671000
2026-02-27,679.4790749097389,683.2291046432514,678.0367277603054,682.3637084960938,83308900
2026-03-02,675.1122534180175,684.9797970984218,674.4358553343317,682.7516479492188,87477200
2026-03-03,671.4915420947397,679.0016196644848,666.1200629162043,676.7337036132812,105003100
2026-03-04,678.026802327329,683.4579617719511,676.027417786932,681.50830078125,79182200
2026-03-05,678.4743840881955,681.9061587313661,672.0385544367263,677.7084350585938,106606500
2026-03-06,669.8501461298736,672.5358853430707,666.2194774432897,668.8256225585938,100687000
2026-03-09,662.8673051642795,676.3257505242918,658.888450195908,674.6845092773438,102667700
2026-03-10,674.1374043547928,679.7476047325034,671.1930903760745,673.6002807617188,81505300
2026-03-11,673.9982140650914,676.4849986405864,669.7806371390539,672.7548217773438,68441700
2026-03-12,667.6120785283837,668.0995392824933,662.3500644519811,662.5390625,108882200
2026-03-13,665.7321452917186,668.7859240392634,657.863924887251,658.7890014648438,97200200
2026-03-16,664.8468199428278,668.5173163233716,663.5934708305671,665.493408203125,82023100
2026-03-17,668.8355969918504,670.8747480492216,666.1598145596139,667.2440185546875,87128000
2026-03-18,664.8268919718373,666.1796881508768,657.6948111200146,657.9335327148438,82062600
2026-03-19,653.497076818377,659.4753162945015,651.7066041735543,656.3121337890625,111272500
2026-03-20,654.8230422006715,655.0025723674255,643.063298812559,646.9034423828125,163617500
2026-03-23,656.3790129905765,660.9173090129275,652.2596206790361,653.6959228515625,134802700
2026-03-24,649.6463809650626,655.3417305137531,648.2100787416998,651.5015869140625,96457500
2026-03-25,656.9774239230809,659.1917509309695,652.5588148295345,655.1322021484375,90653800
2026-03-26,650.3844333840033,653.1672421520028,643.1630473705688,643.432373046875,96494400
2026-03-27,640.8489947137006,641.0085567819559,631.4831091918358,632.4606323242188,103649400
2026-03-30,638.4651675144013,638.7245091624994,627.6630399662237,630.3460693359375,99275900
2026-03-31,637.2981538716512,649.865752001465,636.3405988140365,648.6688842773438,152534100
2026-04-01,652.219751792706,656.8278752918841,651.3220400966815,653.5562744140625,97841500
2026-04-02,644.7589215344626,656.5086804928782,643.4522901873171,654.144775390625,68358700
2026-04-06,654.1746977251443,658.0247645183308,653.8356054757206,657.23681640625,39105800
2026-04-07,654.9626585699763,657.9150134208243,649.386996170508,657.5260009765625,69980400
2026-04-08,674.6519776493207,675.3402070755335,669.734652974974,674.27294921875,93606100
2026-04-09,673.1059235004034,679.4096297331154,672.0386657215836,678.162841796875,57134400
2026-04-10,679.5692561407437,680.2774536083281,676.7066358948267,677.7140502929688,42253500
2026-04-13,675.669302461078,684.536473353906,674.8414790590384,684.3369750976562,54185800
2026-04-14,685.9229138241225,692.7952238870419,685.8929616905456,692.675537109375,63480500
2026-04-15,693.4734516118131,698.480571570673,692.4161778504387,698.1414184570312,58240400
2026-04-16,699.2585607342904,700.9741726960574,696.7350934539525,699.8569946289062,49972400
2026-04-17,704.3255249385737,710.5594650064761,703.9464965121796,708.3152465820312,70661900
2026-04-20,706.9587079747221,708.0857482546458,704.3254772575062,706.8988037109375,43546800
2026-04-21,708.4548936431559,709.4523240430285,700.8345107773317,702.2708129882812,58941400
2026-04-22,707.3278031045794,709.6218808832724,706.4001392457644,709.3825073242188,42518500
2026-04-23,707.6768673789517,710.5295037064266,700.4754491270062,706.6295776367188,56174000
2026-04-24,708.9236633096505,712.6340752101273,707.1881441382454,712.10546875,45182000
2026-04-27,711.3374146094498,713.7911152864904,710.4696550399041,713.332275390625,33135900
2026-04-28,709.9908768700561,711.0481506026886,707.4274735730012,709.8612060546875,43117400
2026-04-29,709.1729992133655,710.3699278433978,706.5497524472755,709.7515258789062,41859200
2026-04-30,712.7936806635566,717.9403946619685,708.6244289610544,716.8132934570312,67240900
2026-05-01,719.3966516418469,723.0073446973263,718.6186267345964,718.7982177734375,43049800
2026-05-04,718.2196821209096,720.2644021704073,713.152718877996,716.1649780273438,51950600
2026-05-05,719.9153564929043,723.1769124909786,719.6360467603954,721.9102172851562,36933200
2026-05-06,726.288861980811,732.7023927493656,725.9497697512824,731.9443359375,53288900
2026-05-07,733.161188473549,734.238430329629,727.8748196364371,729.7001342773438,51724600
2026-05-08,733.0415191543954,736.1834492768152,732.6824588199246,735.724609375,47227100
2026-05-11,734.5576163199453,738.8864300819614,734.5576163199453,737.4002685546875,44024000
2026-05-12,734.9964788307154,736.9414802248905,729.9494836014034,736.2831420898438,54185300
2026-05-13,736.5723674930287,741.9983910774667,733.5800764180441,740.4025268554688,44200200
2026-05-14,741.7391534739264,747.6040491923611,741.649357949993,746.2474975585938,45307600
2026-05-15,739.8838927249178,741.5496453663399,736.0637780312098,737.2706298828125,60410800
2026-05-18,737.9289136337939,739.5147938000424,731.5054597381557,736.751953125,47843900
2026-05-19,732.8919551385734,735.7545755811656,729.650306265128,731.8446044921875,54255900
2026-05-20,733.8195334397973,739.9636778498481,732.0042028263388,739.3452758789062,45768000
2026-05-21,736.7419902854853,742.9559620700644,735.1361419849363,740.8114624023438,43332200
2026-05-22,744.3224328967863,747.015507083493,742.566945697205,743.7239990234375,41762000
2026-05-26,748.0827892360243,750.1973368284331,746.4469887578754,748.6613159179688,41123600
2026-05-27,748.9505199197505,749.4492351039673,746.2973210478585,748.5316162109375,42106300
2026-05-28,748.3221518516883,753.2095851254732,747.3047533704411,752.6609497070312,41562600
2026-05-29,753.9576670103595,756.1320579864754,752.7507543048832,754.5361328125,55075700
2026-06-01,753.4189990020213,758.3264003155792,752.7507376917755,756.5908203125,43634900
2026-06-02,755.0847737682097,758.4461093852723,754.805464031348,757.6182250976562,31581900
2026-06-03,756.2018667594974,756.8501599793441,751.6336185743088,752.3018798828125,51402500
2026-06-04,750.1673635570705,756.3614281257201,749.5389775481502,755.1445922851562,49923000
2026-06-05,750.3768677170906,750.8855669656407,733.6400171295905,735.65478515625,93989400
2026-06-08,741.4498108327123,743.4247643242134,736.2931129658897,737.3204345703125,49319100
2026-06-09,741.7191759970133,744.9807928982774,720.7332622187009,735.1560668945312,87683500
2026-06-10,731.5054857614351,736.4826536495077,723.4661992814284,723.56591796875,60341300
2026-06-11,726.8873842592473,738.0984921563339,722.5485255148498,735.8642578125,86330500
2026-06-12,738.8066884479139,742.5270843334097,733.1412911200548,739.843994140625,57079500
2026-06-15,749.9179969688896,754.7356026867302,749.8282623277308,752.890380859375,60176400
2026-06-16,752.6111046530555,753.4988323298886,747.9531216783239,748.4019775390625,67093100
2026-06-17,749.3594421826946,750.217278570044,737.3204502885575,739.0560302734375,85945200
2026-06-18,747.760009765625,748.22998046875,743.8599853515625,746.739990234375,80875700
2026-06-22,747.7000122070312,750.1799926757812,743.1300048828125,744.3900146484375,46628100
2026-06-23,733.8099975585938,739.6300048828125,732.2999877929688,733.5800170898438,66846800
2026-06-24,735.1699829101562,739.9500122070312,730.8400268554688,733.239990234375,57439500
2026-06-25,738.9099731445312,739.3699951171875,729.5999755859375,734.2999877929688,53934400
2026-06-26,728.9500122070312,736.530029296875,716.5800170898438,728.989990234375,71034000
2026-06-29,736.530029296875,741.5599975585938,732.0900268554688,741.0,58035200
2026-06-30,741.2899780273438,748.02001953125,740.8900146484375,746.77001953125,55626000
2026-07-01,745.0,749.4400024414062,742.3800048828125,745.760009765625,47100900
2026-07-02,747.4000244140625,751.3099975585938,740.030029296875,744.780029296875,57447800
2026-07-06,748.739990234375,752.4099731445312,747.4099731445312,751.280029296875,50673300
2026-07-07,750.219970703125,750.9600219726562,745.2100219726562,747.7100219726562,43721500
2026-07-08,743.1599731445312,746.1500244140625,739.510009765625,745.4000244140625,43767400
2026-07-09,747.3499755859375,751.969970703125,745.5900268554688,751.7100219726562,41441700
2026-07-10,752.0499877929688,755.4199829101562,748.0999755859375,754.9500122070312,42191300
2026-07-13,752.469970703125,753.9099731445312,748.0,749.1699829101562,44013600
2026-07-14,750.9099731445312,753.3400268554688,748.6599731445312,751.8300170898438,35143100
2026-07-15,754.239990234375,755.5800170898438,750.2000122070312,754.8099975585938,43844800
2026-07-16,752.760009765625,754.5700073242188,747.8800048828125,750.719970703125,46409800
2026-07-17,742.0800170898438,747.2899780273438,740.7999877929688,743.2899780273438,62651000
2026-07-20,747.0599975585938,748.72998046875,741.510009765625,742.0900268554688,50422300
2026-07-21,746.2899780273438,749.0399780273438,744.1799926757812,748.280029296875,34324300
2026-07-22,746.6199951171875,750.02001953125,746.3699951171875,747.4099731445312,32836200
2026-07-23,739.3699951171875,742.5599975585938,735.2100219726562,738.1799926757812,55437300
2026-07-24,738.510009765625,743.719970703125,737.2899780273438,738.9299926757812,44782000
2026-07-27,744.9099731445312,745.530029296875,735.8699951171875,739.0900268554688,41461200
2026-07-28,739.1900024414062,742.7899780273438,735.97998046875,740.8599853515625,47322200
2026-07-29,739.969970703125,742.6799926757812,729.0999755859375,729.4600219726562,70697200
2026-07-30,736.0499877929688,742.4500122070312,734.5900268554688,741.6900024414062,66811300
2026-07-31,744.6799926757812,748.9000244140625,737.6799926757812,747.030029296875,62445900
2026-08-03,749.4400024414062,758.5800170898438,748.7999877929688,757.6699829101562,59927500
2026-08-04,760.6300048828125,773.4099731445312,760.52001953125,771.3300170898438,69154800
2026-08-05,775.8499755859375,776.8499755859375,769.510009765625,769.7899780273438,44689100
2026-08-06,770.2100219726562,771.8200073242188,767.4600219726562,768.5599975585938,38416900
2026-08-07,771.02001953125,773.9199829101562,769.6099853515625,773.260009765625,43586300
2026-08-10,772.5999755859375,775.0499877929688,771.6199951171875,773.030029296875,39249500
2026-08-11,774.530029296875,774.6099853515625,769.2000122070312,770.5599975585938,36740600
2026-08-12,774.7100219726562,774.9000244140625,771.280029296875,772.489990234375,33179100
2026-08-13,774.8699951171875,779.3699951171875,774.1099853515625,777.8800048828125,35634500
2026-08-14,778.5399780273438,778.7999877929688,775.4299926757812,776.3400268554688,31367900
2026-08-17,776.1799926757812,776.780029296875,772.510009765625,772.6699829101562,34356600
2026-08-18,768.7000122070312,769.5,766.9199829101562,767.4500122070312,43920900
2026-08-19,770.3599853515625,772.469970703125,768.0999755859375,769.0599975585938,40306000
2026-08-20,765.9600219726562,768.1500244140625,762.0399780273438,762.5999755859375,45479200
